Mã sự cố,Ngày lập,Trạng thái,Nhà cung cấp,Phân loại hàng,Loại sự cố,Số HĐ (INV),Bộ phận,PIC,Sub-PIC,Nhãn dán (Tags),Ghi chú chung,Mã hàng,Tên sản phẩm,Số lô,HSD,SL,ĐVT,LPN,ASN,Mô tả lỗi chi tiết,Hành động khắc phục
BBSC-0001-0124,02/01/2024,Hoàn tất,HYPHENS,HÀNG NHẬP KHẨU,Không đạt Cảm quan,SI 23-000848,Phòng QA,Hoài,,,BBSC nội bộ,HY1300049,STERIMAR BLOCKED NOSE 50 ML,FE3304C,31/10/2026,4,HỘP,,,04 hộp móp rách vỏ hộp,
BBSC-0002-0124,02/01/2024,Hoàn tất,HYPHENS,HÀNG NHẬP KHẨU,Không đạt Cảm quan,SI 23-000855-856,Kho Nhập,Diễm,,,,,TK105990925350,N/A,,1,THÙNG,,,Cấn móp vỏ thùng ngoài,
BBSC-0002-0124,02/01/2024,Hoàn tất,HYPHENS,HÀNG NHẬP KHẨU,Không đạt Cảm quan,SI 23-000855-856,Kho Nhập,Diễm,,,,HY7300021,ACNE - E - RASE 20ML,XK0415,31/10/2025,1,THÙNG,,,Thiếu trong thùng lẻ,
BBSC-0003-0124,02/01/2024,Hoàn tất,Dr.Reddy's,HÀNG NHẬP KHẨU,Không đạt Cảm quan,9013441596,Phòng QA,Thảo,,,,RD1200005,DECITABINE 50MG,H230902,31/10/2025,1,HỘP,,,01 hộp rách,
BBSC-0004-0124,02/01/2024,Hoàn tất,VE PHARMA,HÀNG NHẬP KHẨU,Không đạt Cảm quan,VEVN/01/12/20,Phòng QA,Thảo,,,,SC6100018,"PREGNACARE BREAST-FEEDING (HOP/56 VIEN NEN, 28 VIEN NANG)",PB2344,30/09/2026,37,HỘP,,,"23 hộp rách, 2 hộp in lỗi bao bì, 01 hộp móp, 01 hộp dơ, 10 hộp in lỗi lot, date",
BBSC-0005-0124,02/01/2024,Hoàn tất,ASTRAZENECA,HÀNG TRONG NƯỚC,Không đạt Cảm quan,6,Phòng QA,Phúc,,,,AZ1100007,NOLVADEX-D 20 MG TABLETS 3 BLISTERS X 10.S,SK695,10/05/2028,2,HỘP,,,2 hộp móp trong thùng chẵn (thùng bị móp),
BBSC-0006-0124,04/01/2024,Khởi tạo,J&J,HÀNG LÀM DỊCH VỤ,Không đạt Cảm quan,6122023,Phòng QA,Thảo,,,,JJ1000001,FUGACAR 500MG TAB. B/1,2314023,27/08/2028,1,HỘP,,,01 hộp rách,
BBSC-0007-0124,05/01/2024,Hoàn tất,SANOFI,HÀNG TRONG NƯỚC,Không đạt Cảm quan,1344,Phòng QA,Khôi,,,,SA5211006,IMOJEV BOX OF 1 VIAL OF VACCINE + 1 VIAL OF 0.5ML OF DILUENT,08A2302GB,25/04/2026,2,HỘP,,,Móp rách khi kiểm hàng tại kho Zuellig,
BBSC-0007-0124,05/01/2024,Hoàn tất,SANOFI,HÀNG TRONG NƯỚC,Không đạt Cảm quan,1344,Phòng QA,Khôi,,,,SA5211006,IMOJEV BOX OF 1 VIAL OF VACCINE + 1 VIAL OF 0.5ML OF DILUENT,08A2303GB,02/05/2026,3,HỘP,,,Móp rách khi kiểm hàng tại kho Zuellig,
BBSC-0007-0124,05/01/2024,Hoàn tất,SANOFI,HÀNG TRONG NƯỚC,Không đạt Cảm quan,1344,Phòng QA,Khôi,,,,SA5211006,IMOJEV BOX OF 1 VIAL OF VACCINE + 1 VIAL OF 0.5ML OF DILUENT,08A2303GA,02/05/2026,2,HỘP,,,Móp rách khi kiểm hàng tại kho Zuellig,
BBSC-0007-0124,05/01/2024,Hoàn tất,SANOFI,HÀNG TRONG NƯỚC,Không đạt Cảm quan,1344,Phòng QA,Khôi,,,,SA5211006,IMOJEV BOX OF 1 VIAL OF VACCINE + 1 VIAL OF 0.5ML OF DILUENT,08A2304GA,08/05/2026,4,HỘP,,,Móp rách khi kiểm hàng tại kho Zuellig,
BBSC-0007-0124,05/01/2024,Hoàn tất,SANOFI,HÀNG TRONG NƯỚC,Không đạt Cảm quan,1344,Phòng QA,Khôi,,,,SA5211006,IMOJEV BOX OF 1 VIAL OF VACCINE + 1 VIAL OF 0.5ML OF DILUENT,08A2304GB,08/05/2026,1,HỘP,,,Móp rách khi kiểm hàng tại kho Zuellig,
BBSC-0007-0124,05/01/2024,Hoàn tất,SANOFI,HÀNG TRONG NƯỚC,Không đạt Cảm quan,1344,Phòng QA,Khôi,,,,SA5211006,IMOJEV BOX OF 1 VIAL OF VACCINE + 1 VIAL OF 0.5ML OF DILUENT,08A2305GA,15/05/2026,1,HỘP,,,Móp rách khi kiểm hàng tại kho Zuellig,
BBSC-0008-0124,08/01/2024,Hoàn tất,GETZ,HÀNG NHẬP KHẨU,Sai số lượng,GETZ/VIET/639/2023,Phòng QA,Hoài,,,BBSC nội bộ,GZ1205004,DIAMISU-70+30 100IU/ML INJ,013PA7,04/12/2025,2,HỘP,,,thiếu 02 hộp,
BBSC-0009-0124,08/01/2024,Hoàn tất,Dr.Reddy's,HÀNG NHẬP KHẨU,Không đạt Cảm quan,9013442199,Phòng QA,Thảo,,,,RD1200012,BORTEZOMIB,H230845,30/09/2025,1,HỘP,,,01 hộp rách,
BBSC-0010-0124,08/01/2024,Hoàn tất,HETERO,HÀNG NHẬP KHẨU,Sai số lượng,SI9223299385,Team ĐGC2,Như,,,,HT1100027,OLAN 5 (HOP/30 VIEN),OLZ23041B,25/08/2025,1,HỘP,,,01 hộp thiếu,
BBSC-0011-0124,08/01/2024,Hoàn tất,Dr.Reddy's,HÀNG NHẬP KHẨU,Sai khác AW,9013442224,Phòng QA,Phúc,,,,RD1200004,PEG-GRAFEEL (H/1 BOM TIEM 0.6ML),N230709C,31/10/2025,1500,HỘP,,,Lỗi in bao bì,
BBSC-0012-0124,10/01/2024,Hoàn tất,SANOFI,HÀNG TRONG NƯỚC,Sai số lượng,35,Kho Nhập,Vang,Phúc,,,SA1200012,LOVENOX 40MG/0.4ML INJ. B/ 2 SYRINGES VN,HS364A,30/04/2025,2,HỘP,,,Thiếu 2 hộp thùng số 366,
BBSC-0012-0124,10/01/2024,Hoàn tất,SANOFI,HÀNG TRONG NƯỚC,Sai số lượng,35,Kho Nhập,Vang,Phúc,,,SA1200012,LOVENOX 40MG/0.4ML INJ. B/ 2 SYRINGES VN,HS364A,30/04/2025,1,HỘP,,,1 hộp rách nắp thùng số 373,
BBSC-0013-0124,10/01/2024,Hoàn tất,SANOFI,HÀNG TRONG NƯỚC,Không đạt Cảm quan,38,Phòng QA,Phúc,,,,SA1200013,LOVENOX 60MG/0.6ML INJ. B/ 2 SYRINGES VN,HS423E,31/05/2025,6,HỘP,,,"Thùng 140 - 01H, Thùng 93 - 03H, Thùng 118 - 01H, Thùng 277 - 01H móp",
BBSC-0014-0124,10/01/2024,Hoàn tất,J&J,HÀNG LÀM DỊCH VỤ,Không đạt Cảm quan,12122023,Phòng QA,Thảo,,,,JJ1000001,FUGACAR 500MG TAB. B/1,2314024,30/08/2028,1,HỘP,,,"01 hộp in lỗi lot, date",
BBSC-0015-0124,11/01/2024,Hoàn tất,SANOFI,HÀNG TRONG NƯỚC,Không đạt Cảm quan,59,Phòng QA,Lữ,,,,SA1100008,ENTEROGERMINA 2 BILLION/5ML B/ 20 BOTTLE,3I520,01/09/2025,1,HỘP,,,MÓP RÁCH VỎ HỘP,
BBSC-0016-0124,11/01/2024,Hoàn tất,DANONE,HÀNG NHẬP KHẨU,Không đạt Cảm quan,8030406087,Phòng QA,Thảo,,,,DE6100001,THUC PHAM DINH DUONG Y HOC FORTIMEL POWDER (HUONG VANI),111270872,07/02/2025,1,HỘP,,,1 hộp rách nhãn,
BBSC-0017-0124,12/01/2024,Hoàn tất,J&J,HÀNG LÀM DỊCH VỤ,Không đạt Cảm quan,12122023,Phòng QA,Thảo,,,,JJ1000001,FUGACAR 500MG TAB. B/1,2314025,31/08/2028,1,HỘP,,,1 hộp rách,
BBSC-0018-0124,15/01/2024,Hoàn tất,DANONE,HÀNG NHẬP KHẨU,Không đạt Cảm quan,8030406087,Phòng QA,Thảo,,,,DE6100001,THUC PHAM DINH DUONG Y HOC FORTIMEL POWDER (HUONG VANI),111275319,17/03/2025,28,HỘP,,,"27 hộp móp nặng, 1 hộp bung nhãn",
BBSC-0019-0124,16/01/2024,Hoàn tất,HETERO,HÀNG NHẬP KHẨU,Không đạt Cảm quan,SI9223299548,Kho Nhập,Diễm,,,,,TK106014725610,N/A,,16,THÙNG,,,Cấn móp rách vỏ ngoài,
BBSC-0020-0124,16/01/2024,Hoàn tất,ASCENCIA,HÀNG NHẬP KHẨU,Không đạt Cảm quan,SG00001065,Phòng QA,Thảo,,,,BE90001890,90001890 CONTOUR PLUS BLOOD GLUCOSE TEST STRIPS 50.S 2X25 ( QUE THU DUNG CHO MAY DO DUONG HUYET),DP3GQHC31B,31/07/2025,1,HỘP,,,Móp 1 Hộp,
BBSC-0021-0124,17/01/2024,Hoàn tất,HETERO,HÀNG NHẬP KHẨU,Không đạt Cảm quan,SI9223299696,Kho Nhập,Trinh,,,,,TK106027568401,N/A,,1,THÙNG,,,Cấn móp rách vỏ ngoài,
BBSC-0022-0124,18/01/2024,Hoàn tất,SANOFI,HÀNG TRONG NƯỚC,Không đạt Cảm quan,99,Phòng QA,Phúc,,,,SA1100012,PHOSPHALUGEL 12.38G/20G ORGEL SC26 VN,328384,22/06/2026,11,HỘP,,,MÓP RÁCH NẶNG,
BBSC-0023-0124,19/01/2024,Hoàn tất,HYPHENS,HÀNG NHẬP KHẨU,Không đạt Cảm quan,SI 24-000028-29,Kho Nhập,Diễm,,,,,TK106029404941,N/A,,1,PALLET,,,Cấn móp rách vỏ ngoài,
BBSC-0024-0124,19/01/2024,Hoàn tất,GETZ,HÀNG NHẬP KHẨU,Không đạt Cảm quan,601,Phòng QA,Phúc,,,,GZ1103017,MIRGY 300MG CAPS 10.S,220C08,22/09/2026,17,HỘP,,,Cấn móp rách,
BBSC-0025-0124,19/01/2024,Hoàn tất,SANOFI,HÀNG TRONG NƯỚC,Không đạt Cảm quan,110,Phòng QA,Phúc,,,,SA1100006,"BISOLVON KIDS 4MG/5ML SYRUP, 1 BOT 60ML",23060294,18/07/2026,1,HỘP,,,rách,
BBSC-0026-0124,22/01/2024,Hoàn tất,HOE,HÀNG NHẬP KHẨU,Không đạt Cảm quan,21545,Kho Nhập,Diễm,,,,,TK106035372661,N/A,,3,PALLET,,,"Gãy đế PALLET, dơ thùng, màng co bên ngoài",
BBSC-0027-0124,22/01/2024,Hoàn tất,J&J,HÀNG LÀM DỊCH VỤ,Sai số lượng,11012024,Phòng QA,Thảo,,,,JJ1000001,FUGACAR 500MG TAB. B/1,2314026,07/09/2028,11,HỘP,,,"10 hộp thiếu, 01 hộp mất số lô",
BBSC-0028-0124,23/01/2024,Hoàn tất,DAVIPHARM,HÀNG TRẢ VỀ,Không đạt Cảm quan,N/A,Kho Nhập,Duyên,,,,DV1100001,ALUMINIUM PHOSPHAT GEL (HOP/20GOI),221125,25/06/2025,80,HỘP,,,Móp rách,
BBSC-0029-0124,24/01/2024,Hoàn tất,WW,HÀNG NHẬP KHẨU,Vượt Nhiệt độ,91688035,Phòng QA,Hoài,,,BBSC nội bộ,WO1200002,MILGAMMA N INJ 2ML 5.S,31030G,29/10/2026,30308,HỘP,,,Nhiệt độ vượt ngưỡng 8oC,
BBSC-0030-0124,24/01/2024,Hoàn tất,HYPHENS,HÀNG NHẬP KHẨU,Không đạt Cảm quan,SI 23-000864,Phòng QA,Hoài,,,BBSC nội bộ,HY1300044,STERIMAR NOSE HYGIENE BABY 50 ML,FE3251B,30/09/2026,25,HỘP,,,"22 hộp bị dính vỏ hộp,03 hộp không có lô date bên ngoài vỏ hộp",
BBSC-0031-0124,24/01/2024,Hoàn tất,BESIN,HÀNG NHẬP KHẨU,Vượt Nhiệt độ,SD1-8101C-2311-00003,Phòng QA,Lữ,,,,BS1100001,UTROGESTAN 100MG,603,01/06/2026,10,PALLET,,,Vượt nhiệt độ,
BBSC-0032-0124,24/01/2024,Hoàn tất,SANOFI,HÀNG TRONG NƯỚC,Không đạt Cảm quan,69,Phòng QA,Phúc,,,,SA1200012,LOVENOX 40MG/0.4ML INJ. B/ 2 SYRINGES VN,HS364A,30/04/2025,74,HỘP,,,"vênh, bung nắp hộp",
BBSC-0033-0124,24/01/2024,Hoàn tất,ABBOTT,HÀNG NHẬP KHẨU,Không đạt Cảm quan,9017927522,Kho Nhập,Diễm,,,,ST9-ATV09F45/80,ATV09F45/80 AMPLATZER TREVISIO INTRAVASCULAR DELIVERY SYSTEM,9212349,31/07/2026,2,CÁI,,,móp rách vỏ hộp,
BBSC-0034-0124,24/01/2024,Hoàn tất,Dr.Reddy's,HÀNG NHẬP KHẨU,Sai khác AW,9013444616,Phòng QA,Phúc,,,,RD1200004,PEG-GRAFEEL (H/1 BOM TIEM 0.6ML),N230731B,30/11/2025,1700,HỘP,,,Lỗi in bao bì,
BBSC-0035-0124,25/01/2024,Hoàn tất,HETERO,HÀNG NHẬP KHẨU,Không đạt Cảm quan,SI9223299843-44,Phòng QA,Thảo,,,,HT1100019,SIFE-100 (HOP/ 20 VIEN),SID23086,31/10/2026,1,HỘP LỚN,,,"1 hộp lớn không lot, date (thiếu 1 hộp nhỏ)",
BBSC-0035-0124,25/01/2024,Hoàn tất,HETERO,HÀNG NHẬP KHẨU,Không đạt Cảm quan,SI9223299843-44,Phòng QA,Thảo,,,,HT1100019,SIFE-100 (HOP/ 20 VIEN),SID23087,31/10/2026,6,HỘP LỚN,,,"1 hộp lớn in ngược lot, date, 05 hộp lớn không lot, date",
BBSC-0036-0124,25/01/2024,Hoàn tất,WW,HÀNG NHẬP KHẨU,Không đạt Cảm quan,91687905,Kho Nhập,Diễm,,,,,TK106040812250,N/A,,2,PALLET,,,Cấn móp rách,
BBSC-0036-0124,25/01/2024,Hoàn tất,WW,HÀNG NHẬP KHẨU,Không đạt Cảm quan,91687905,Kho Nhập,Diễm,,,,,TK106035374430,N/A,,2,PALLET,,,Cấn móp rách,
BBSC-0037-0124,25/01/2024,Hoàn tất,VE PHARMA,HÀNG NHẬP KHẨU,Sai số lượng,VEVN-01-11-03,Kho Nhập,Diễm,,,,SC6100004,OSTEOCARE (H/30 VIEN),OT2309P,31/07/2027,1,HỘP,,,Thiếu 1 hộp,
BBSC-0038-0124,29/01/2024,Hoàn tất,HYPHENS,HÀNG NHẬP KHẨU,Không đạt Cảm quan,SI 24-000016,Phòng QA,Hoài,,,BBSC nội bộ,HY1300044,STERIMAR NOSE HYGIENE BABY 50 ML,FE3264,30/09/2026,2,HỘP,,,02 hộp rách vỏ hộp,
BBSC-0038-0124,29/01/2024,Hoàn tất,HYPHENS,HÀNG NHẬP KHẨU,Không đạt Cảm quan,SI 24-000016,Phòng QA,Hoài,,,BBSC nội bộ,HY1300044,STERIMAR NOSE HYGIENE BABY 50 ML,FE3263C,30/09/2026,36,HỘP,,,36 hộp dính vỏ hộp,
BBSC-0038-0124,29/01/2024,Hoàn tất,HYPHENS,HÀNG NHẬP KHẨU,Không đạt Cảm quan,SI 24-000016,Phòng QA,Hoài,,,BBSC nội bộ,HY1300044,STERIMAR NOSE HYGIENE BABY 50 ML,FE3263D,30/09/2026,1,HỘP,,,01 hộp rách vỏ hộp,
BBSC-0039-0124,29/01/2024,Hoàn tất,HYPHENS,HÀNG NHẬP KHẨU,Không đạt Cảm quan,SI 24-000016,Phòng QA,Hoài,,,BBSC nội bộ,HY1300045,STERIMAR BLOCKED NOSE BABY 50 ML,FE3273C,30/09/2026,13,HỘP,,,"11 hộp dính vỏ hộp,02 hộp móp rách.",
BBSC-0040-0124,29/01/2024,Hoàn tất,SANOFI,HÀNG TRONG NƯỚC,Không đạt Cảm quan,161,Phòng QA,Lữ,,,,SA1100008,ENTEROGERMINA 2 BILLION/5ML B/ 20 BOTTLE,3I519,01/09/2025,3,HỘP,,,MÓP RÁCH,
BBSC-0041-0124,29/01/2024,Hoàn tất,WW,HÀNG NHẬP KHẨU,Không đạt Cảm quan,91687905,Phòng QA,Thảo,,,,WO1100004,SILYGAMMA 150MG 100.S,399687,30/09/2026,142,HỘP,,,142 hộp in lem mực,
BBSC-0041-0124,29/01/2024,Hoàn tất,WW,HÀNG NHẬP KHẨU,Không đạt Cảm quan,91687905,Phòng QA,Thảo,,,,WO1100004,SILYGAMMA 150MG 100.S,399688,30/09/2026,147,HỘP,,,147 hộp in lem mực,
BBSC-0041-0124,29/01/2024,Hoàn tất,WW,HÀNG NHẬP KHẨU,Không đạt Cảm quan,91687905,Phòng QA,Thảo,,,,WO1100004,SILYGAMMA 150MG 100.S,399689,30/09/2026,92,HỘP,,,"1h rách, 91h in lem mưc",
BBSC-0042-0124,30/01/2024,Hoàn tất,GETZ,CN. HÀ NỘI (Điều chuyển),Không đạt Cảm quan,5772,Kho Nhập,Trinh,,,,GZ1105008,FENOGETZ 200MG CAPS 10.S,260C24,13/01/2025,10,HỘP,,,cấn móp,
BBSC-0043-0124,30/01/2024,Hoàn tất,ALLEVIARE,HÀNG NHẬP KHẨU,Không đạt Cảm quan,9016036937,Phòng QA,Thảo,,,,AV1100020,ARIP TABLET 15MG (H/3 VI X10 VIEN),BBX5K007,02/12/2025,2,HỘP,,,02 hộp rách,
BBSC-0044-0124,30/01/2024,Hoàn tất,VE PHARMA,HÀNG NHẬP KHẨU,Không đạt Cảm quan,VEVN/01/11/03,Phòng QA,Thảo,,,,SC6100015,PREGNACARE PLUS OMEGA 3 (H/56 VIEN),PP2347,31/03/2026,14,HỘP,,,"1h rách nặng, 10h ko lot, date, 1h in lỗi bao bì, 2h in lỗi lot, date",
BBSC-0044-0124,30/01/2024,Hoàn tất,VE PHARMA,HÀNG NHẬP KHẨU,Không đạt Cảm quan,VEVN/01/11/03,Phòng QA,Thảo,,,,SC6100003,FEROGLOBIN B12 CAPSULES (H/30 VIEN),FW2304AA,30/04/2026,18,HỘP,,,"4h ko lot, date, 3 h rách, 5h móp, 6 hộp in lỗi lot, date",
BBSC-0044-0124,30/01/2024,Hoàn tất,VE PHARMA,HÀNG NHẬP KHẨU,Không đạt Cảm quan,VEVN/01/11/03,Phòng QA,Thảo,,,,SC6100014,LIVERIL (H/30 VIEN),LV2311P,31/07/2026,4,HỘP,,,4 hộp móp,
BBSC-0044-0124,30/01/2024,Hoàn tất,VE PHARMA,HÀNG NHẬP KHẨU,Không đạt Cảm quan,VEVN/01/11/03,Phòng QA,Thảo,,,,SC6100004,OSTEOCARE (H/30 VIEN),OT2309P,31/07/2027,3,HỘP,,,"2 hộp móp, 1 hộp rách",
BBSC-0045-0124,30/01/2024,Hoàn tất,DAVIPHARM,HÀNG TRONG NƯỚC,Không đạt Cảm quan,N/A,Phòng QA,Phúc,,,,DV1100225,TEGRUCIL-1 (HOP/100VIEN) - EU,232686,14/12/2026,1,HỘP,,,Không lot date,
BBSC-0046-0124,31/01/2024,Hoàn tất,HYPHENS,HÀNG NHẬP KHẨU,Vượt Nhiệt độ,SI 24-000077,Phòng QA,Phúc,,,,HY1200001,"CUROSURF 120MG/1,5ML (H/1LO X 1,5ML)",1186762,25/05/2025,1575,HỘP,,,Vượt nhiệt độ,
BBSC-0047-0224,01/02/2024,Hoàn tất,ASTRAZENECA,HÀNG TRONG NƯỚC,Không đạt Cảm quan,55,Phòng QA,Phúc,,,,AZ1100007,NOLVADEX-D 20 MG TABLETS 3 BLISTERS X 10.S,SK695,10/05/2028,1,HỘP,,,Móp trong thùng chẵn,
BBSC-0048-0224,02/02/2024,Hoàn tất,GETZ,HÀNG NHẬP KHẨU,Không đạt Cảm quan,646,Kho Nhập,Diễm,,,,GZ1106002,MEBEVER MR 200MG CAPS 10.S,195C31,08/06/2026,11,HỘP,,,Cấn móp rách,
BBSC-0048-0224,02/02/2024,Hoàn tất,GETZ,HÀNG NHẬP KHẨU,Không đạt Cảm quan,646,Kho Nhập,Diễm,,,,GZ1101025,VILGET TABLETS 50MG 28.S,203T74,01/12/2025,3,HỘP,,,Cấn móp rách,
BBSC-0049-0224,02/02/2024,Hoàn tất,DAVIPHARM,HÀNG TRONG NƯỚC,Không đạt Cảm quan,234,Phòng QA,Phúc,,,,DV1100160,CERAHEAD (HOP/60VIEN) - EU,240049,07/01/2027,1,HỘP,,,Lot date in sai vị trí,
BBSC-0050-0224,02/02/2024,Hoàn tất,NOVARTIS,HÀNG LÀM DỊCH VỤ,Không đạt Cảm quan,2022023,Phòng QA,Thảo,,,,NV1100092,GLIVEC 100 (HOP 60 VIEN),NJ3932,15/06/2025,64,HỘP,,,"2h rách, 62 hộp lem mực",
BBSC-0051-0224,05/02/2024,Hoàn tất,HOE,HÀNG NHẬP KHẨU,Không đạt Cảm quan,21545,Phòng QA,Thảo,,,,HO1300042,ELLGY PLUS 25G CREAM 1.S.,7698307,01/08/2028,30,HỘP,,,"24 hộp móp, 06 hộp rách",
BBSC-0052-0224,05/02/2024,Hoàn tất,WW,HÀNG NHẬP KHẨU,Không đạt Cảm quan,91687903,Phòng QA,Thảo,,,,WO1100001,MILGAMMA MONO 150 TABLETS 30.S,391563,30/06/2026,4,HỘP,,,4 hộp móp,
BBSC-0053-0224,06/02/2024,Hoàn tất,YHV,HÀNG LÀM DỊCH VỤ,Không đạt Cảm quan,BBGH/0502-01/2024/YHV-HĐ,Phòng QA,Thảo,,,,YH6100014,THUC PHAM BAO VE SUC KHOE YES GINCOFIS (HOP/60 VIEN),AL48762,02/12/2026,3,HỘP,,,"3 hộp lỗi lot, date",
BBSC-0054-0224,06/02/2024,Hoàn tất,VE PHARMA,HÀNG NHẬP KHẨU,Không đạt Cảm quan,VEVN/01/11/03,Phòng QA,Thảo,,,,SC6100003,FEROGLOBIN B12 CAPSULES (H/30 VIEN),FW2304AA,30/04/2026,7,HỘP,,,"5 hộp rách, 2 hộp lỗi lot, date",
BBSC-0054-0224,06/02/2024,Hoàn tất,VE PHARMA,HÀNG NHẬP KHẨU,Không đạt Cảm quan,VEVN/01/11/03,Phòng QA,Thảo,,,,SC6100015,PREGNACARE PLUS OMEGA 3 (H/56 VIEN),PP2347,31/03/2026,2,HỘP,,,"2 hộp ko lot, date",
BBSC-0055-0224,07/02/2024,Hoàn tất,HYPHENS,HÀNG NHẬP KHẨU,Không đạt Cảm quan,SI 24-000097,Kho Nhập,Diễm,,,,,TK106074584820,N/A,,3,THÙNG,,,3 kiện hư bao bì,
BBSC-0056-0224,16/02/2024,Hoàn tất,HYPHENS,HÀNG NHẬP KHẨU,Không đạt Cảm quan,SI 24-000096,Phòng QA,Hoài,,,BBSC nội bộ,HY1100008,PIASCLEDINE TAB 15.S,M118,30/11/2026,954,HỘP,,,954 hộp có vỏ hộp nhạt màu hơn các sản phẩm khác.,
BBSC-0056-0224,16/02/2024,Hoàn tất,HYPHENS,HÀNG NHẬP KHẨU,Không đạt Cảm quan,SI 24-000096,Phòng QA,Hoài,,,BBSC nội bộ,HY1100008,PIASCLEDINE TAB 15.S,M129,31/12/2026,2,HỘP,,,2 hộp rách,
BBSC-0057-0224,19/02/2024,Hoàn tất,SANOFI,HÀNG TRONG NƯỚC,Không đạt Cảm quan,215,Phòng QA,Phúc,,,,SA1100008,ENTEROGERMINA 2 BILLION/5ML B/ 20 BOTTLE,3I557,01/10/2025,6,HỘP,,,móp rách,
BBSC-0058-0224,21/02/2024,Hoàn tất,HYPHENS,HÀNG NHẬP KHẨU,Sai số lượng,SI 24-000043,Phòng QA,Hoài,,,BBSC nội bộ,HY1100001,DORITHRICIN TAB 20.S,9927601,31/08/2025,20,HỘP,,,Thiếu 20 hộp,
BBSC-0058-0224,21/02/2024,Hoàn tất,HYPHENS,HÀNG NHẬP KHẨU,Sai số lượng,SI 24-000043,Phòng QA,Hoài,,,BBSC nội bộ,HY1100001,DORITHRICIN TAB 20.S,9928001,31/08/2025,20,HỘP,,,Thiếu 20 hộp,
BBSC-0059-0224,21/02/2024,Hoàn tất,YHV,HÀNG LÀM DỊCH VỤ,Không đạt Cảm quan,BBGH_BBGH/1602-01/2024/YHV-HĐ,Phòng QA,Thảo,,,,YH6100007,THUC PHAM BAO VE SUC KHOE YES GINCOFIS (HOP/30 VIEN),AL48763,02/12/2026,147,HỘP,,,"147 hộp mờ thông tin lot, date",
BBSC-0059-0224,21/02/2024,Hoàn tất,YHV,HÀNG LÀM DỊCH VỤ,Không đạt Cảm quan,BBGH_BBGH/1602-01/2024/YHV-HĐ,Phòng QA,Thảo,,,,YH6100014,THUC PHAM BAO VE SUC KHOE YES GINCOFIS (HOP/60 VIEN),AL48762,02/12/2026,121,HỘP,,,"121 hộp mờ thông tin lot, date",
BBSC-0059-0224,21/02/2024,Hoàn tất,YHV,HÀNG LÀM DỊCH VỤ,Không đạt Cảm quan,BBGH_BBGH/1602-01/2024/YHV-HĐ,Phòng QA,Thảo,,,,YH6100013,THUC PHAM BAO VE SUC KHOE YES KIDDO DHA250,AL48759,04/12/2026,244,HỘP,,,"244 hộp mờ thông tin lot, date",
BBSC-0060-0224,21/02/2024,Hoàn tất,VE PHARMA,HÀNG NHẬP KHẨU,Không đạt Cảm quan,VEVN 01/12/14,Phòng QA,Thảo,,,,SC6100018,"PREGNACARE BREAST-FEEDING (HOP/56 VIEN NEN, 28 VIEN NANG)",PB2344,30/09/2026,83,HỘP,,,"69 hộp rách, 9 hộp in lỗi lot, date, 1 hộp móp, 3 hộp ố vàng, 1 hộp lỗi bao bì",
BBSC-0061-0224,22/02/2024,Hoàn tất,SANOFI,HÀNG TRONG NƯỚC,Không đạt Cảm quan,232,Phòng QA,Phúc,,,,SA1100009,"ENTEROGERMINA,4BCFU/5ML,SP,BT20,VN",3I192,30/09/2025,2,HỘP,,,Móp rách,
BBSC-0061-0224,22/02/2024,Hoàn tất,SANOFI,HÀNG TRONG NƯỚC,Không đạt Cảm quan,232,Phòng QA,Phúc,,,,SA1100012,PHOSPHALUGEL 12.38G/20G ORGEL SC26 VN,328508,13/07/2026,1,HỘP,,,Rách,
BBSC-0062-0224,22/02/2024,Hoàn tất,VE PHARMA,HÀNG NHẬP KHẨU,Không đạt Cảm quan,VEVN/01/12/12,Kho Nhập,Trinh,,,,,TK106087533750,N/A,,2,HỘP,,,Cấn móp vỏ thùng ngoài,
BBSC-0063-0224,23/02/2024,Hoàn tất,VE PHARMA,HÀNG NHẬP KHẨU,Không đạt Cảm quan,VEVN/01/11/03,Phòng QA,Thảo,,,,SC6100003,FEROGLOBIN B12 CAPSULES (H/30 VIEN),FW2304AA,30/04/2026,12,HỘP,,,"3 hộp in lỗi lot, date, 5 hộp rách nặng, 1 hộp móp, rách 3 hộp in lỗi bao bì",
BBSC-0064-0224,23/02/2024,Hoàn tất,Dr.Reddy's,HÀNG NHẬP KHẨU,Sai khác AW,9013447915,Phòng QA,Phúc,,,,RD1200004,PEG-GRAFEEL (H/1 BOM TIEM 0.6ML),N240054B,31/12/2025,1700,HỘP,,,Lỗi in bao bì,
BBSC-0065-0224,26/02/2024,Hoàn tất,VE PHARMA,HÀNG NHẬP KHẨU,Không đạt Cảm quan,VEVN 01/12/14,Phòng QA,Thảo,,,,SC6100018,"PREGNACARE BREAST-FEEDING (HOP/56 VIEN NEN, 28 VIEN NANG)",PB2344,30/09/2026,97,HỘP,,,"2 hộp ố vàng, 2 hộp móp,93 hộp rách",
BBSC-0066-0224,27/02/2024,Hoàn tất,ROHTO,HÀNG TRONG NƯỚC,Không đạt Cảm quan,N/A,Kho Nhập,Duyên,,,,RH6100006,THUC PHAM BAO VE SUC KHOE BLOSSOMY 50 ML,201223,06/12/2025,5,HỘP,,,5 hộp mất lô date trong hộp rách nắp,
BBSC-0067-0224,27/02/2024,Hoàn tất,HYPHENS,HÀNG NHẬP KHẨU,Sai số lượng,SI 24-000043,Phòng QA,Hoài,,,BBSC nội bộ,HY1100001,DORITHRICIN TAB 20.S,9927601,31/08/2025,20,HỘP,,,Thiếu 20 hộp,
BBSC-0067-0224,27/02/2024,Hoàn tất,HYPHENS,HÀNG NHẬP KHẨU,Sai số lượng,SI 24-000043,Phòng QA,Hoài,,,BBSC nội bộ,HY1100001,DORITHRICIN TAB 20.S,9928001,31/08/2025,20,HỘP,,,Thiếu 20 hộp,
BBSC-0068-0224,27/02/2024,Hoàn tất,SANOFI,HÀNG TRONG NƯỚC,Không đạt Cảm quan,251,Phòng QA,Lữ,,,,SA1100008,ENTEROGERMINA 2 BILLION/5ML B/ 20 BOTTLE,3I580,01/10/2025,1,HỘP,,,MÓP RÁCH,
BBSC-0069(1)-0224,27/02/2024,Hoàn tất,DANONE,HÀNG NHẬP KHẨU,Sai số lượng,8030427135,Team ĐGC2,Như,,,,DE6100003,THUC PHAM DINH DUONG Y HOC FORTIMEL PROTEIN (HUONG DAU),111328599,12/12/2024,4,CHAI,,,thiếu 4 chai,
BBSC-0069-0224,27/02/2024,Hoàn tất,DANONE,HÀNG NHẬP KHẨU,Không đạt Cảm quan,8030427135 & 8030427678,Kho Nhập,Trinh,,,,,TK106094217831 & TK106096304051,N/A,,3,PALLET,,,Cấn móp vỏ thùng ngoài,
BBSC-0070-0224,28/02/2024,Hoàn tất,VE PHARMA,HÀNG NHẬP KHẨU,Không đạt Cảm quan,VEVN 01/12/14,Phòng QA,Thảo,,,,SC6100018,"PREGNACARE BREAST-FEEDING (HOP/56 VIEN NEN, 28 VIEN NANG)",PB2344,30/09/2026,24,HỘP,,,"22 hộp rách, 2 hộp in lỗi lot, date",
BBSC-0071-0224,28/02/2024,Hoàn tất,BESIN,HÀNG NHẬP KHẨU,Không đạt Cảm quan,SD1-8101B-2402-00070,Kho Nhập,Trinh,,,,,TK106099751660,N/A,,4,PALLET,,,Cấn móp vỏ thùng ngoài,
BBSC-0072-0224,29/02/2024,Hoàn tất,DANONE,HÀNG NHẬP KHẨU,Không đạt Cảm quan,8030427135,Phòng QA,Thảo,,,,DE6100003,THUC PHAM DINH DUONG Y HOC FORTIMEL PROTEIN (HUONG DAU),111332261,01/01/2025,2,CHAI,,,2 chai móp,
BBSC-0073-0224,29/02/2024,Hoàn tất,HYPHENS,HÀNG NHẬP KHẨU,Vượt Nhiệt độ,SI 24-000132,Phòng QA,Phúc,,,,,TK106104273441,N/A,,3,PALLET,,,Max 9.9°C,
BBSC-0074-0224,29/02/2024,Hoàn tất,HETERO,HÀNG NHẬP KHẨU,Không đạt Cảm quan,SI 3623000346,Kho Nhập,Trinh,,,,,TK106106256540,N/A,,23,THÙNG,,,Cấn móp vỏ thùng ngoài,
BBSC-0075-0324,01/03/2024,Hoàn tất,VE PHARMA,HÀNG NHẬP KHẨU,Không đạt Cảm quan,VEVN-01-02-19,Kho Nhập,Trinh,,,,,TK106107282040,N/A,,4,PALLET,,,Cấn móp vỏ thùng ngoài,
BBSC-0076-0324,01/03/2024,Hoàn tất,DANONE,HÀNG NHẬP KHẨU,Sai số lượng,8030427678,Team ĐGC2,Như,,,,DE6100002,THUC PHAM DINH DUONG Y HOC FORTIMEL PROTEIN (HUONG VANI),111334663,08/01/2025,4,CHAI,,,thiếu 4chai,
BBSC-0077-0324,01/03/2024,Hoàn tất,HYPHENS,HÀNG NHẬP KHẨU,Không đạt Cảm quan,SI 24-000089,Phòng QA,Hoài,,,BBSC nội bộ,HY1300044,STERIMAR NOSE HYGIENE BABY 50 ML,FE3299C,01/10/2026,1,HỘP,,,trong 1 thùng hàng nguyên có 1 sản phẩm bị rách mất nắp hộp,
BBSC-0077-0324,01/03/2024,Hoàn tất,HYPHENS,HÀNG NHẬP KHẨU,Không đạt Cảm quan,SI 24-000089,Phòng QA,Hoài,,,BBSC nội bộ,HY1300047,STERIMAR NOSE PRONE TO COLDS 50 ML,FE3304B,01/10/2026,1,HỘP,,,trong 1 thùng hàng nguyên có 1 sản phẩm bị rách mất nắp hộp.,
BBSC-0078-0324,04/03/2024,Hoàn tất,HETERO,HÀNG NHẬP KHẨU,Không đạt Cảm quan,SI3623000346,Phòng QA,Thảo,,,,HT1200001,VANCONEX (VANCOMYCIN HYDROCHLORIDE FOR INJECTION USP 500MG/V IAL),VAN123012A,04/12/2025,6,HỘP,,,"4 hộp móp, 2 hộp rách",
BBSC-0078-0324,04/03/2024,Hoàn tất,HETERO,HÀNG NHẬP KHẨU,Không đạt Cảm quan,SI3623000346,Phòng QA,Thảo,,,,HT1200001,VANCONEX (VANCOMYCIN HYDROCHLORIDE FOR INJECTION USP 500MG/V IAL),VAN123012B,04/12/2025,26,HỘP,,,"09 hộp móp, 13 hộp rách, 01 hộp lem mực, 01 hộp in lỗi vị trí lot, date, 02 hộp in lỗi lot, date.",
BBSC-0079-0324,04/03/2024,Hoàn tất,VE PHARMA,HÀNG NHẬP KHẨU,Không đạt Cảm quan,VEVN/01/02/19,Phòng QA,Thảo,,,,SC6100017,WELLKID MULTI-VITAMIN LIQUID (CHAI/150ML),31948,30/11/2025,43,HỘP,,,"2 hộp rách, 1 hộp bao bì dính dung dịch thuốc, 2 hộp dơ, 2 hộp móp,7 hộp móp, dơ, 1 hộp in lỗi lot, date, 4 hộp ko lot, date, 24 hộp dơ, móp, rách",
BBSC-0080-0324,05/03/2024,Hoàn tất,SANOFI,CN. ĐÀ NẴNG (Điều chuyển),Không đạt Cảm quan,N/A,Kho Nhập,Yến,,,,SA1100026,TELFAST HD 180MG TABCO BL10 VN,DVH1350,05/06/2026,4,HỘP,,,Móp rách,
BBSC-0080-0324,05/03/2024,Hoàn tất,SANOFI,CN. ĐÀ NẴNG (Điều chuyển),Không đạt Cảm quan,N/A,Kho Nhập,Yến,,,,NV1100075,ESTOR TAB 40MG 4x7 .S,NJ3807,31/01/2025,45,HỘP,,,Móp rách,
BBSC-0081-0324,06/03/2024,Hoàn tất,HYPHENS,HÀNG NHẬP KHẨU,Không đạt Cảm quan,SI 24-000140,Phòng QA,Hoài,,,BBSC nội bộ,HY1200009,"INDOCOLLYRE 0.1%, ONE BOTTLE 5ML",K1446,30/04/2025,1,HỘP,,,"01 hộp rách vỏ, bên trong không có lọ thuốc.",
BBSC-0082-0324,07/03/2024,Hoàn tất,VE PHARMA,HÀNG NHẬP KHẨU,Không đạt Cảm quan,VEVN/01/11/03,Phòng QA,Thảo,,,,SC6100003,FEROGLOBIN B12 CAPSULES (H/30 VIEN),FW2304AA,30/04/2026,9,HỘP,,,"6 hộp móp, rách nặng, 3 hộp móp",
BBSC-0083-0324,07/03/2024,Hoàn tất,Dr.Reddy's,HÀNG NHẬP KHẨU,Không đạt Cảm quan,9013448747,Kho Nhập,Trinh,,,,,TK106116134720,N/A,,10,HỘP,,,Vỏ thùng móp dập,
BBSC-0084-0324,07/03/2024,Hoàn tất,SANOFI,HÀNG TRONG NƯỚC,Vượt Nhiệt độ,N/A,Phòng QA,Khôi,,,,SA5211011,VERORAB BOX OF 10 VIALS + 10 SYRINGES,W1B401V,31/07/2025,10,HỘP,,,Lỗi thiết bị nhiệt độ,
BBSC-0085-0324,08/03/2024,Hoàn tất,VE PHARMA,HÀNG NHẬP KHẨU,Sai số lượng,VEVN/01/11/03,Team ĐGC2,Như,,,,SC6100003,FEROGLOBIN B12 CAPSULES (H/30 VIEN),FW2304AA,30/04/2026,28,HỘP,,,Thiếu,
BBSC-0086-0324,11/03/2024,Hoàn tất,BESIN,HÀNG NHẬP KHẨU,Không đạt Cảm quan,SD1-8101B-2402-00070,Phòng QA,Thảo,,,,BS1300008,REGELLE,716M,30/11/2025,32,HỘP,,,"2 hộp in lỗi lot, date, 2 hộp rách, 27hộp móp, 01 hộp thiếu",
BBSC-0087-0324,11/03/2024,Hoàn tất,VE PHARMA,HÀNG NHẬP KHẨU,Không đạt Cảm quan,VEVN/01/12/12,Phòng QA,Thảo,,,,SC6100003,FEROGLOBIN B12 CAPSULES (H/30 VIEN),FW2315TA,31/05/2026,43,HỘP,,,"01 hộp không lot, date, 01 hộp ố vàng, 01 hộp in lỗi lot, date, 01 h rách góc nhẹ, 26 h rách nặng, 5h móp nhẹ, 6 h móp nặng, 2 h móp, rách",
BBSC-0088-0324,11/03/2024,Hoàn tất,Dr.Reddy's,HÀNG NHẬP KHẨU,Vượt Nhiệt độ,9013449599,Phòng QA,Phúc,,,,RD1200012,BORTEZOMIB,H240110,31/12/2025,5,THÙNG,,,Nhiệt độ vượt 33.3°C,
BBSC-0089-0324,12/03/2024,Hoàn tất,ELOVI,HÀNG TRONG NƯỚC,Sai số lượng,2617,Kho Nhập,Trinh,,,,EL6100005,(MORI.CLIMBANA) THUC PHAM BO SUNG -THUC UONG DINH DUONG HUON,Sun Nov 17 2024 00:00:00 GMT+0700 (Indochina Time),17/11/2024,3,HỘP,,,Thiếu 3 hộp,
BBSC-0090-0324,13/03/2024,Hoàn tất,DANONE,HÀNG NHẬP KHẨU,Không đạt Cảm quan,8030421300,Kho Nhập,Trinh,,,,,TK106131121350,N/A,,1,PALLET,,,móp góc vỏ thùng,
BBSC-0091-0324,13/03/2024,Hoàn tất,DANONE,HÀNG NHẬP KHẨU,Không đạt Cảm quan,8030431751,Kho Nhập,Trinh,,,,,TK106134058920,N/A,,4,PALLET,,,móp dập vỏ thùng ngoài,
BBSC-0092-0324,14/03/2024,Hoàn tất,DANONE,HÀNG NHẬP KHẨU,Không đạt Cảm quan,8030421300,Phòng QA,Thảo,,,,DE6100002,THUC PHAM DINH DUONG Y HOC FORTIMEL PROTEIN (HUONG VANI),111325237,04/12/2024,14,CHAI,,,"1 chai móp, 2 chai rách bao bì, 11 chai ( lốc giấy dính mực",
BBSC-0093-0324,14/03/2024,Hoàn tất,Dr.Reddy's,HÀNG NHẬP KHẨU,Không đạt Cảm quan,9013449449,Phòng QA,Thảo,,,,RD4200001,REDDITUX 500MG (H/1LO X 50ML),N240092A,31/01/2027,2,HỘP,,,2 hộp móp,
BBSC-0094-0324,14/03/2024,Hoàn tất,HYPHENS,HÀNG NHẬP KHẨU,Không đạt Cảm quan,SI 24-000164,Phòng QA,Hoài,,,BBSC nội bộ,HY1300044,STERIMAR NOSE HYGIENE BABY 50 ML,FE4020,31/01/2027,2,HỘP,,,02 hộp bị rách vỏ hộp trong thùng nguyên,
BBSC-0095-0324,15/03/2024,Hoàn tất,VE PHARMA,HÀNG TRẢ VỀ,Không đạt Cảm quan,BBGH0503-NL-EC01,Kho Nhập,Trinh,,,,SC6100018,"PREGNACARE BREAST-FEEDING (HOP/56 VIEN NEN, 28 VIEN NANG)",PB2133,30/04/2024,4,HỘP,,,"Móp, rách vỏ hộp",
BBSC-0095-0324,15/03/2024,Hoàn tất,VE PHARMA,HÀNG TRẢ VỀ,Không đạt Cảm quan,BBGH0503-NL-EC01,Kho Nhập,Trinh,,,,SC6100018,"PREGNACARE BREAST-FEEDING (HOP/56 VIEN NEN, 28 VIEN NANG)",PB2344,30/09/2026,1,HỘP,,,"Móp, rách vỏ hộp",
BBSC-0095-0324,15/03/2024,Hoàn tất,VE PHARMA,HÀNG TRẢ VỀ,Không đạt Cảm quan,BBGH0503-NL-EC01,Kho Nhập,Trinh,,,,SC6100018,"PREGNACARE BREAST-FEEDING (HOP/56 VIEN NEN, 28 VIEN NANG)",PB2320,31/08/2025,9,HỘP,,,"Móp, rách vỏ hộp",
BBSC-0095-0324,15/03/2024,Hoàn tất,VE PHARMA,HÀNG TRẢ VỀ,Không đạt Cảm quan,BBGH0503-NL-EC01,Kho Nhập,Trinh,,,,SC6100018,"PREGNACARE BREAST-FEEDING (HOP/56 VIEN NEN, 28 VIEN NANG)",30358,28/02/2025,2,HỘP,,,"Móp, rách vỏ hộp",
BBSC-0095-0324,15/03/2024,Hoàn tất,VE PHARMA,HÀNG TRẢ VỀ,Không đạt Cảm quan,BBGH0503-NL-EC01,Kho Nhập,Trinh,,,,SC6100001,OSTEOCARE LIQUID 200ML,30166,31/01/2025,2,HỘP,,,"Móp, rách vỏ hộp",
BBSC-0096-0324,15/03/2024,Hoàn tất,WW,HÀNG NHẬP KHẨU,Không đạt Cảm quan,91693348,Kho Nhập,Trinh,,,,,TK106135624710,N/A,,1,PALLET,,,rách màng nhôm bên ngoài,
BBSC-0097-0324,15/03/2024,Hoàn tất,SANOFI,HÀNG TRONG NƯỚC,Không đạt Cảm quan,310,Phòng QA,Phúc,,,,SA1100012,PHOSPHALUGEL 12.38G/20G ORGEL SC26 VN,328532,25/07/2026,3,HỘP,,,Móp rách,
BBSC-0097-0324,15/03/2024,Hoàn tất,SANOFI,HÀNG TRONG NƯỚC,Không đạt Cảm quan,310,Phòng QA,Phúc,,,,SA1100008,ENTEROGERMINA 2 BILLION/5ML B/ 20 BOTTLE,3I584,01/10/2025,1,HỘP,,,Móp rách,
BBSC-0098-0324,15/03/2024,Hoàn tất,GETZ,HÀNG NHẬP KHẨU,Không đạt Cảm quan,GETZ/VIET/052/2024,Kho Nhập,Trinh,,,,GZ1101008,GETZLOX 500MG TAB,801F09,12/12/2028,2,HỘP,,,Móp,
BBSC-0098-0324,15/03/2024,Hoàn tất,GETZ,HÀNG NHẬP KHẨU,Không đạt Cảm quan,GETZ/VIET/052/2024,Kho Nhập,Trinh,,,,GZ1105017,RICHSTATIN 10MG TAB 10.S,403F18,25/10/2026,40,HỘP,,,Thiếu trong thùng lẻ,
BBSC-0098-0324,15/03/2024,Hoàn tất,GETZ,HÀNG NHẬP KHẨU,Không đạt Cảm quan,GETZ/VIET/052/2024,Kho Nhập,Trinh,,,,GZ1301001,FORTRAGET INHALER 200MCG+6MCG,072M03,29/12/2025,1,HỘP,,,Móp,
BBSC-0098-0324,15/03/2024,Hoàn tất,GETZ,HÀNG NHẬP KHẨU,Không đạt Cảm quan,GETZ/VIET/052/2024,Kho Nhập,Trinh,,,,GZ1101025,VILGET TABLETS 50MG 28.S,203T74,01/12/2025,2,HỘP,,,Móp,
BBSC-0099-0324,15/03/2024,Hoàn tất,HETERO,HÀNG NHẬP KHẨU,Sai số lượng,SI9223299558/300417/300420,Kho Nhập,Trinh,,,,HT1100008,TELSAR 40 (HOP/ 30 VIEN),THZ23020,13/10/2025,4,HỘP,,,Thiếu 4 hộp,
BBSC-0099-0324,15/03/2024,Hoàn tất,HETERO,HÀNG NHẬP KHẨU,Sai số lượng,SI9223299558/300417/300420,Kho Nhập,Trinh,,,,HT1100008,TELSAR 40 (HOP/ 30 VIEN),THZ23021,13/10/2025,133,HỘP,,,Thiếu 133 hộp,
BBSC-0100-0324,15/03/2024,Hoàn tất,Dr.Reddy's,HÀNG NHẬP KHẨU,Không đạt Cảm quan,9013449016,Kho Nhập,Trinh,,,,,TK106138846110,N/A,,2,PALLET,,,Móp vỏ thùng ngoài,
BBSC-0101-0324,15/03/2024,Hoàn tất,HOE,HÀNG NHẬP KHẨU,Không đạt Cảm quan,21571,Phòng QA,Thảo,,,,HO1300042,ELLGY PLUS 25G CREAM 1.S.,1281C307,01/12/2028,2,HỘP,,,"1h móp, 1h rách",
BBSC-0102-0324,15/03/2024,Hoàn tất,HETERO,HÀNG NHẬP KHẨU,Không đạt Cảm quan,SI9223299558/300417/300420,Kho Nhập,Trinh,,,,HT1100009,TELSAR 80 (HOP/ 30 VIEN),TST23036,30/08/2026,6,THÙNG,,,Dính chất lạ,
BBSC-0103-0324,15/03/2024,Hoàn tất,WW,HÀNG NHẬP KHẨU,Không đạt Cảm quan,91693348,Phòng QA,Thảo,,,,WO1100002,THIOGAMMA 600 ORAL BOX/30.S,389622,30/06/2026,1,HỘP,,,"1 Hộp rách, móp",
BBSC-0104-0324,19/03/2024,Hoàn tất,Dr.Reddy's,HÀNG NHẬP KHẨU,Không đạt Cảm quan,9013449016,Phòng QA,Thảo,,,,RD1200009,PODOXRED 500MG (H/1 LO),H240079,31/12/2025,1,HỘP,,,01 hộp rách,
BBSC-0104-0324,19/03/2024,Hoàn tất,Dr.Reddy's,HÀNG NHẬP KHẨU,Không đạt Cảm quan,9013449016,Phòng QA,Thảo,,,,RD1200009,PODOXRED 500MG (H/1 LO),H230893,31/10/2025,19,HỘP,,,"19 hộp móp, rách",
BBSC-0105-0324,20/03/2024,Hoàn tất,SANOFI,HÀNG TRONG NƯỚC,Không đạt Cảm quan,206,Phòng QA,Phúc,,,,SA1100035,DEPAKINE CHRONO 500MG TUBE OF 30 TABS VN,EA3813,01/07/2026,1,HỘP,,,Mất niêm phong,
BBSC-0106-0324,20/03/2024,Hoàn tất,VE PHARMA,CN. HÀ NỘI (Điều chuyển),Sai số lượng,N/A,Kho Nhập,Yến,,,,SC6100017,WELLKID MULTI-VITAMIN LIQUID (CHAI/150ML),21573,30/09/2024,1,HỘP,,,Thiếu 1 hộp,
BBSC-0107-0324,20/03/2024,Hoàn tất,VE PHARMA,HÀNG NHẬP KHẨU,Không đạt Cảm quan,VEVN 01-03-12,Kho Nhập,Trinh,,,,,TK106150651500,N/A,,2,PALLET,,,2 PALLET dập móp thùng ngoài,
BBSC-0108-0324,21/03/2024,Hoàn tất,HETERO,HÀNG NHẬP KHẨU,Không đạt Cảm quan,SI9223299558/300417/300420,Phòng QA,Thảo,,,,HT1100010,MONTE-H4 (HOP/30 VIEN),MON23263,01/09/2025,1193,HỘP,,,"1192 hộp rách , 1 hộp in lỗi lot, date",
BBSC-0109-0324,21/03/2024,Hoàn tất,DANONE,HÀNG NHẬP KHẨU,Không đạt Cảm quan,8030431751,Phòng QA,Thảo,,,,DE6100002,THUC PHAM DINH DUONG Y HOC FORTIMEL PROTEIN (HUONG VANI),111341678,30/01/2025,4,chai,,,4 chai móp,
BBSC-0110-0324,22/03/2024,Hoàn tất,HETERO,HÀNG NHẬP KHẨU,Không đạt Cảm quan,SI9223301115,Kho Nhập,Trinh,,,,,TK106149230940,N/A,,2,THÙNG,,,Dập móp ngoài thùng,
BBSC-0111-0324,22/03/2024,Hoàn tất,Dr.Reddy's,HÀNG NHẬP KHẨU,Vượt Nhiệt độ,9013450330,Phòng QA,Phúc,,,,RD1100009,ABIRATRED 250MG 120.S,H2400164,30/11/2025,5,THÙNG,,,Vượt nhiệt độ,
BBSC-0112-0324,25/03/2024,Hoàn tất,LUYE,HÀNG NHẬP KHẨU,Không đạt Cảm quan,INUK-230195,Kho Nhập,Trinh,,,,,TK106154797340,N/A,,2,PALLET,,,2 PALLET dập móp thùng ngoài,
BBSC-0113-0324,25/03/2024,Hoàn tất,HETERO,HÀNG NHẬP KHẨU,Không đạt Cảm quan,SI9223301115,Phòng QA,Thảo,,,,HT1100008,TELSAR 40 (HOP/ 30 VIEN),TST24004,03/01/2027,5,HỘP,,,"4 hộp rách, 1 hộp in lỗi lot, date",
BBSC-0114-0324,25/03/2024,Hoàn tất,SANOFI,HÀNG TRẢ VỀ,Không đạt Cảm quan,2351,Kho Nhập,Duyên,,,,SA1100017,CALCIUM CORBIERE EXTRA 3SUPX10 5ML VN,EVH0141,21/07/2025,1,HỘP,,,01 ống bị bể,
BBSC-0115-0324,25/03/2024,Hoàn tất,WW,HÀNG NHẬP KHẨU,Không đạt Cảm quan,91694672,Phòng QA,Thảo,,,,WO1100009,THIOGAMMA TURBO-SET (HOP/1 LO),31120C,31/10/2025,2,HỘP,,,"1 h nứt chai, 1 h bị đốm trắng bao bì, 02 hộp thiếu",
BBSC-0116-0324,25/03/2024,Hoàn tất,VE PHARMA,CN. HÀ NỘI (Điều chuyển),Không đạt Cảm quan,N/A,Kho Nhập,Trinh,,,,SC6100001,OSTEOCARE LIQUID 200ML,30590,31/03/2025,32,HỘP,,,móp dập vỏ hộp bên ngoài,
BBSC-0117-0324,25/03/2024,Hoàn tất,VE PHARMA,HÀNG NHẬP KHẨU,Không đạt Cảm quan,VEVN/01/11/03,Phòng QA,Thảo,,,,SC6100015,PREGNACARE PLUS OMEGA 3 (H/56 VIEN),PP2347,31/03/2026,3,HỘP,,,"3 hộp không lot, date",
BBSC-0118-0324,25/03/2024,Hoàn tất,SANOFI,HÀNG TRONG NƯỚC,Không đạt Cảm quan,357,Phòng QA,Phúc,,,,SA1100009,"ENTEROGERMINA,4BCFU/5ML,SP,BT20,VN",3I192,30/09/2025,10,HỘP,,,Móp rách,
BBSC-0119-0324,26/03/2024,Hoàn tất,HYPHENS,HÀNG NHẬP KHẨU,Sai số lượng,SI 24-000177,Phòng QA,Hoài,,,BBSC nội bộ,HY1300044,STERIMAR NOSE HYGIENE BABY 50 ML,FE4021,31/01/2027,1,HỘP,,,thiếu 1 hộp hàng,
BBSC-0120-0324,26/03/2024,Hoàn tất,VE PHARMA,HÀNG NHẬP KHẨU,Không đạt Cảm quan,VEVN/01/02/19,Phòng QA,Thảo,,,Chưa scan,SC6100022,FEROGLOBIN FIZZ (ONG/20VIEN),F166645,31/12/2025,2,ỐNG,,,2 ống trầy xước bao bì,
BBSC-0121-0324,26/03/2024,Hoàn tất,VE PHARMA,HÀNG NHẬP KHẨU,Không đạt Cảm quan,VEVN/01/03/19,Kho Nhập,Trinh,,,,,TK106162357230,N/A,,2,PALLET,,,Cấn móp vỏ thùng ngoài,
BBSC-0122-0324,26/03/2024,Hoàn tất,VE PHARMA,HÀNG TRẢ VỀ,Không đạt Cảm quan,N/A,Phòng QA,Phúc,,,,SC6100019,WELLBABY MULTI-VITAMIN LIQUID (CHAI 150ML),30952,31/05/2025,1,HỘP,,,Móp,
BBSC-0123-0324,26/03/2024,Hoàn tất,VE PHARMA,HÀNG NHẬP KHẨU,Không đạt Cảm quan,VEVN/01/03/12,Phòng QA,Thảo,,,,SC6100023,VISIONACE ORIGINAL (HOP/30VIEN),126094A,31/07/2026,2,HỘP,,,"1 hộp rách , 1h móp nhẹ",
BBSC-0124-0324,27/03/2024,Hoàn tất,VE PHARMA,HÀNG NHẬP KHẨU,Không đạt Cảm quan,N/A,Phòng QA,Phúc,,,,SC6100019,WELLBABY MULTI-VITAMIN LIQUID (CHAI 150ML),30952,31/05/2025,336,HỘP,"000117938 , LPN006399",,"329 hộp móp chữ C, 07H móp",
BBSC-0125-0324,27/03/2024,Hoàn tất,LUYE,HÀNG NHẬP KHẨU,Không đạt Cảm quan,INUK-230195,Phòng QA,Thảo,,,Chưa scan,LU1100003,SEROQUEL XR TAB 50MG 30.S (HOP/30VIEN).,SL985,26/04/2026,3,HỘP,,,03 hộp móp,
BBSC-0126-0324,27/03/2024,Hoàn tất,HETERO,HÀNG NHẬP KHẨU,Sai số lượng,SI9223299558/300417/300420,Team ĐGC2,Như,,,,HT1100010,MONTE-H4 (HOP/30 VIEN),MON23263,01/09/2025,1,HỘP,,,1 hộp thiếu,
BBSC-0127-0324,28/03/2024,Hoàn tất,NUMED,HÀNG NHẬP KHẨU,Không đạt Cảm quan,710185,Kho Nhập,Trinh,,,,,TK106167089600,N/A,,1,PALLET,,,Cấn móp vỏ thùng ngoài,
BBSC-0128-0324,28/03/2024,Hoàn tất,DANONE,HÀNG NHẬP KHẨU,Không đạt Cảm quan,8030431751,Phòng QA,Thảo,,,,DE6100001,THUC PHAM DINH DUONG Y HOC FORTIMEL POWDER (HUONG VANI),111303354,19/05/2025,8,LON,,,8 LON móp,
BBSC-0129-0324,28/03/2024,Hoàn tất,DANONE,HÀNG NHẬP KHẨU,Không đạt Cảm quan,8030421300,Phòng QA,Thảo,,,,DE6100001,THUC PHAM DINH DUONG Y HOC FORTIMEL POWDER (HUONG VANI),111303354,19/05/2025,10,LON,,,"6 LON móp, 4 LON nhãn dán bị xô lệch",
BBSC-0129-0324,28/03/2024,Hoàn tất,DANONE,HÀNG NHẬP KHẨU,Không đạt Cảm quan,8030421300,Phòng QA,Thảo,,,,DE6100001,THUC PHAM DINH DUONG Y HOC FORTIMEL POWDER (HUONG VANI),111312022,20/06/2025,4,LON,,,4 LON nhãn dính keo quá nhiều,
BBSC-0130-0324,28/03/2024,Hoàn tất,HETERO,HÀNG NHẬP KHẨU,Không đạt Cảm quan,"INVSI9223301189,SI9223301199",Kho Nhập,Trinh,,,,,TK106165539760,N/A,,80,THÙNG,,,Cấn móp vỏ thùng ngoài,
BBSC-0131-0324,28/03/2024,Hoàn tất,Dr.Reddy's,HÀNG NHẬP KHẨU,Không đạt Cảm quan,9013448747,Phòng QA,Thảo,,,Chưa scan,RD1100004,STAMLO 5 (H/2VI X 10VIEN),B2304318,30/11/2025,5,HỘP,,,"4 hộp móp,1h dinh mực",
BBSC-0132-0324,28/03/2024,Hoàn tất,HYPHENS,HÀNG NHẬP KHẨU,Không đạt Cảm quan,SI-24-000210-211-212,Phòng QA,Thảo,,,,HY1200007,XENETIX 300MG 100ML H/10,23WC060C01,31/10/2026,1,LỌ,,,01 hộp móp (10 lọ),
BBSC-0132-0324,28/03/2024,Hoàn tất,HYPHENS,HÀNG NHẬP KHẨU,Không đạt Cảm quan,SI-24-000210-211-212,Phòng QA,Thảo,,,,HY1200007,XENETIX 300MG 100ML H/10,23WC063B01,30/11/2026,2,LỌ,,,"01 hộp móp, 1 hộp rách (20 lọ)",
BBSC-0133-0324,29/03/2024,Hoàn tất,HYPHENS,HÀNG NHẬP KHẨU,Không đạt Cảm quan,SI 24-000202,Kho Nhập,Trinh,,,,,TK106166997050,N/A,,10,THÙNG,,,Cấn móp vỏ thùng ngoài,
BBSC-0134-0324,29/03/2024,Hoàn tất,HYPHENS,HÀNG NHẬP KHẨU,Không đạt Cảm quan,SI 24-000166,Phòng QA,Hoài,,,BBSC nội bộ,HY1100001,DORITHRICIN TAB 20.S,9938602,28/02/2025,660,HỘP,,,660 sản phẩm bị ướt mềm vỏ hộp,
BBSC-0135-0324,29/03/2024,Hoàn tất,DANONE,HÀNG NHẬP KHẨU,Không đạt Cảm quan,8030432707,Phòng QA,Thảo,,,,DE6100001,THUC PHAM DINH DUONG Y HOC FORTIMEL POWDER (HUONG VANI),111312022,20/06/2025,27,LON,,,"16 LON móp, 10 LON nhãn dính keo, 1 LON rách nhãn,",
BBSC-0136-0324,29/03/2024,Hoàn tất,SIV,HÀNG NHẬP KHẨU,Không đạt Cảm quan,INV9089007328,Kho Nhập,Trinh,,,,,TK106164045741,N/A,,1,THÙNG,,,Cấn móp vỏ thùng ngoài,
BBSC-0137-0324,29/03/2024,Hoàn tất,Dr.Reddy's,HÀNG NHẬP KHẨU,Sai khác AW,9013452038,Phòng QA,Phúc,,,,RD1200004,PEG-GRAFEEL (H/1 BOM TIEM 0.6ML),N240137A,31/01/2026,1700,HỘP,,,Khác so với cục duyệt,
BBSC-0138-0324,29/03/2024,Hoàn tất,VE PHARMA,HÀNG NHẬP KHẨU,Không đạt Cảm quan,VEVN/01/03/19,Phòng QA,Thảo,,,,SC6100018,"PREGNACARE BREAST-FEEDING (HOP/56 VIEN NEN, 28 VIEN NANG)",PB2406,31/10/2026,88,HỘP,,,"2h thuốc bị chảy dịch, 44 h rách, 16 h móp, 20 h in lỗi lot, date, 3 h ko lot, date, 3 h in lỗi bao bì",
BBSC-0139-0324,29/03/2024,Hoàn tất,HETERO,HÀNG NHẬP KHẨU,Sai số lượng,SI9223301198,Team ĐGC2,Như,,,,HT1100008,TELSAR 40 (HOP/ 30 VIEN),TST24003,03/01/2027,1,HỘP,,,thiếu 1 hộp,
BBSC-0140-0424,01/04/2024,Hoàn tất,HYPHENS,HÀNG NHẬP KHẨU,Không đạt Cảm quan,SI 24-000165,Phòng QA,Hoài,,,BBSC nội bộ,HY1300043,STERIMAR NOSE HYGIENE & COMFORT 50 ML,FE3365,31/12/2026,3,HỘP,,,03 Sản phẩm rách vỏ hộp,
BBSC-0141-0424,01/04/2024,Hoàn tất,SIV,HÀNG NHẬP KHẨU,Vượt Nhiệt độ,9089007328,Phòng QA,Phúc,,,,SI5200001,ENDOPROST 125MCG 1.S-0.5ML,B12823004,28/11/2025,19,THÙNG,,,Vượt nhiệt độ,
BBSC-0142-0424,01/04/2024,Hoàn tất,ALLEVIARE,HÀNG TRONG NƯỚC,Không đạt Cảm quan,EXP108/2023-24,Phòng QA,Thảo,,,,AV1300027,ESOJAY 15G (HOP/ 1 TUYP),C414,06/03/2027,2,HỘP,,,"1h rách,1 h dính mực",
BBSC-0143-0424,01/04/2024,Hoàn tất,HYPHENS,HÀNG NHẬP KHẨU,Không đạt Cảm quan,SI-24-000208-209,Phòng QA,Thảo,,,,HY7300012,ULTRA LIGHT HYDRATOR 50G,WN0356,30/09/2026,2,HỘP,,,2 h in lỗi bao bì,
BBSC-0144-0424,01/04/2024,Hoàn tất,HETERO,HÀNG NHẬP KHẨU,Không đạt Cảm quan,"SI9223301189,SI9223301199",Phòng QA,Thảo,,,,HT1100008,TELSAR 40 (HOP/ 30 VIEN),TST24003,03/01/2027,15,HỘP,,,"11 hộp móp, 4h rách",
BBSC-0145-0424,01/04/2024,Hoàn tất,HYPHENS,HÀNG NHẬP KHẨU,Không đạt Cảm quan,SI 24-000213,Kho Nhập,Trinh,,,,,TK10617461000,N/A,,7,PALLET,,,cấn móp vỏ thùng ngoài do màng co quấn chặt,
BBSC-0146-0424,01/04/2024,Hoàn tất,HYPHENS,CN. HÀ NỘI (Điều chuyển),Không đạt Cảm quan,N/A,Kho Nhập,Yến,,,BBSC nội bộ,HY1300020,ENTCLEAR NASAL WASH BOTTLE 1.S,1109102,01/08/2029,1,HỘP,,,Móp,
BBSC-0146-0424,01/04/2024,Hoàn tất,HYPHENS,CN. HÀ NỘI (Điều chuyển),Không đạt Cảm quan,N/A,Kho Nhập,Yến,,,BBSC nội bộ,SC6100017,WELLKID MULTI-VITAMIN LIQUID (CHAI/150ML),22023,01/11/2024,168,HỘP,,,Móp,
BBSC-0147-0424,02/04/2024,Hoàn tất,ASTRAZENECA,HÀNG TRONG NƯỚC,Không đạt Cảm quan,166,Phòng QA,Phúc,,,,AZ1100007,NOLVADEX-D 20 MG TABLETS 3 BLISTERS X 10.S,SL539,14/06/2028,6,HỘP,133951,,"2 hộp rách, 3 hộp có vết lạ, 1 hộp có vết mực trong thùng chẵn",
BBSC-0147-0424,02/04/2024,Hoàn tất,ASTRAZENECA,HÀNG TRONG NƯỚC,Không đạt Cảm quan,166,Phòng QA,Phúc,,,,AZ1200003,ZOLADEX 10.8 MG DEPOT 1.S,SK792,02/07/2025,1,HỘP,,,1 hộp móp trong thùng chẵn,
BBSC-0148-0424,03/04/2024,Hoàn tất,WW,HÀNG NHẬP KHẨU,Vượt Nhiệt độ,91695363,Phòng QA,Hoài,,,BBSC nội bộ,WO1200002,MILGAMMA N INJ 2ML 5.S,40115D,14/01/2027,40180,HỘP,,,một số thời điểm nhiệt độ vượt ngưỡng 8.0oC,
BBSC-0149-0424,03/04/2024,Hoàn tất,GETZ,HÀNG NHẬP KHẨU,Vượt Nhiệt độ,GETZ/VIET/099/2024,Phòng QA,Hoài,,,BBSC nội bộ,GZ1205004,DIAMISU-70+30 100IU/ML INJ,028PA7,28/02/2026,0,HỘP,,,một số thời điểm nhiệt độ vượt ngưỡng 8.0oC,
BBSC-0149-0424,03/04/2024,Hoàn tất,GETZ,HÀNG NHẬP KHẨU,Vượt Nhiệt độ,GETZ/VIET/099/2024,Phòng QA,Hoài,,,BBSC nội bộ,GZ1205004,DIAMISU-70+30 100IU/ML INJ,029PA7,28/02/2026,0,HỘP,,,một số thời điểm nhiệt độ vượt ngưỡng 8.0oC,
BBSC-0150-0424,03/04/2024,Hoàn tất,HYPHENS,HÀNG NHẬP KHẨU,Không đạt Cảm quan,SI-24-000213,Phòng QA,Thảo,,,,HY1300022,CETRAXAL (H/15 ONG),V802,15/01/2026,30,HỘP,,,"29 hộp móp, 01 hộp ố vàng",
BBSC-0151-0424,04/04/2024,Hoàn tất,DAVIPHARM,HÀNG TRONG NƯỚC,Không đạt Cảm quan,21092022.1,Phòng QA,Phúc,,,,DV1100001,ALUMINIUM PHOSPHAT GEL (HOP/20GOI),221770,19/08/2025,5,HỘP,,,5 hộp bung keo,
BBSC-0152-0424,04/04/2024,Hoàn tất,DAVIPHARM,HÀNG TRONG NƯỚC,Không đạt Cảm quan,01112022.,Phòng QA,Phúc,,,,DV1300001,TROZIMED-B (HOP/TUYP 30G),222167,03/10/2025,20,HỘP,,,"Xì thuốc, ố màu vỏ hộp",
BBSC-0153-0424,04/04/2024,Hoàn tất,Dr.Reddy's,HÀNG NHẬP KHẨU,Không đạt Cảm quan,EXP-064,Phòng QA,Thảo,,,,RD1200005,DECITABINE 50MG,H240211,31/01/2026,1,HỘP,,,1 hộp rách,
BBSC-0154-0424,04/04/2024,Hoàn tất,Dr.Reddy's,HÀNG NHẬP KHẨU,Không đạt Cảm quan,9013452489,Phòng QA,Thảo,,,,RD1100010,REDIVEC 100MG 60.S,H2400333,31/01/2027,1,HỘP,,,1 hộp rách,
BBSC-0155-0424,05/04/2024,Hoàn tất,DANONE,HÀNG NHẬP KHẨU,Không đạt Cảm quan,8030437076,Kho Nhập,Trinh,,,,,TK106187510700,N/A,,2,PALLET,,,Cấn móp vỏ thùng ngoài,
BBSC-0156-0424,05/04/2024,Hoàn tất,HYPHENS,HÀNG NHẬP KHẨU,Vượt Nhiệt độ,SI 24-000121,Phòng QA,Phúc,,,,HY6100002,THUC PHAM BAO VE SUC KHOE OCEAN HEALTH OMEGA-3 FISH OIL 1000,VA0004,30/09/2026,3,PALLET,,,Vượt nhiệt độ,
BBSC-0157-0424,05/04/2024,Hoàn tất,VE PHARMA,CN. ĐÀ NẴNG (Điều chuyển),Không đạt Cảm quan,N/A,Kho Nhập,Trinh,,,BBSC nội bộ,SC6100018,"PREGNACARE BREAST-FEEDING (HOP/56 VIEN NEN, 28 VIEN NANG)",PB2344,30/09/2026,2,HỘP,,,móp,
BBSC-0157-0424,05/04/2024,Hoàn tất,VE PHARMA,CN. ĐÀ NẴNG (Điều chuyển),Không đạt Cảm quan,N/A,Kho Nhập,Trinh,,,BBSC nội bộ,SC6100011,PERFECTIL (H/30 VIEN),PFT2204A,30/06/2025,7,HỘP,,,móp,
BBSC-0157-0424,05/04/2024,Hoàn tất,VE PHARMA,CN. ĐÀ NẴNG (Điều chuyển),Không đạt Cảm quan,N/A,Kho Nhập,Trinh,,,BBSC nội bộ,SC6100002,FEROGLOBIN B12 LIQUID 200ML,31120,30/06/2025,38,HỘP,,,"2h móp, 36h lốm đốm",
BBSC-0158-0424,08/04/2024,Hoàn tất,HYPHENS,HÀNG NHẬP KHẨU,Vượt Nhiệt độ,SI 24-000219,Phòng QA,Phúc,,,Chưa scan,HY1200002,DOTAREM 10 ML,N/A,,14,PALLET,,,Nhiệt độ không đạt,
BBSC-0159-0424,08/04/2024,Hoàn tất,DANONE,HÀNG NHẬP KHẨU,Không đạt Cảm quan,8030437076,Phòng QA,Phúc,,,,DE6100002,THUC PHAM DINH DUONG Y HOC FORTIMEL PROTEIN (HUONG VANI),111349176,17/02/2025,24,CHAI,,,"24 Móp méo, rò rỉ",
BBSC-0159-0424,08/04/2024,Hoàn tất,DANONE,HÀNG NHẬP KHẨU,Không đạt Cảm quan,8030437076,Phòng QA,Phúc,,,,DE6100003,THUC PHAM DINH DUONG Y HOC FORTIMEL PROTEIN (HUONG DAU),111337731,06/01/2025,45,CHAI,,,"45 Móp méo, rò rỉ",
BBSC-0160-0424,09/04/2024,Hoàn tất,HYPHENS,HÀNG NHẬP KHẨU,Không đạt Cảm quan,SI-24-000121,Phòng QA,Thảo,,,,HY6100002,THUC PHAM BAO VE SUC KHOE OCEAN HEALTH OMEGA-3 FISH OIL 1000,VA0004,30/09/2026,1,HỘP,,,"01 hôp ko lot, date",
BBSC-0161-0424,09/04/2024,Hoàn tất,HYPHENS,HÀNG NHẬP KHẨU,Vượt Nhiệt độ,SI 24-000225,Phòng QA,Phúc,,,,HY7300059,FAIRENCE T-COMPLEX 30G (HOP/ 1 TUYP),740101,31/01/2026,500,HỘP,,,Nhiệt độ không đạt,
BBSC-0162-0424,09/04/2024,Hoàn tất,HYPHENS,HÀNG NHẬP KHẨU,Không đạt Cảm quan,SI 24-000210-211-212,Kho Nhập,Trinh,,,,,TK106189979930,N/A,,1,PALLET,,,Cấn móp vỏ thùng ngoài,
BBSC-0163-0424,09/04/2024,Hoàn tất,ALLEVIARE,HÀNG NHẬP KHẨU,Không đạt Cảm quan,GJ0600002814,Kho Nhập,Trinh,,,,,TK106193065310,N/A,,17,THÙNG,,,Cấn móp vỏ thùng ngoài,
BBSC-0164-0424,11/04/2024,Hoàn tất,ASTRAZENECA,HÀNG TRONG NƯỚC,Không đạt Cảm quan,195,Phòng QA,Phúc,,,,AZ1100025,PLENDIL PLUS 5/50 MG PROLONGED-RELEASE TABLET BOTTLE 30.S,MAPL,14/11/2026,3,HỘP,,,Móp cấn trong thùng chẵn,
BBSC-0165-0424,11/04/2024,Hoàn tất,DANONE,HÀNG NHẬP KHẨU,Không đạt Cảm quan,8030437076,Phòng QA,Thảo,,,,DE6100002,THUC PHAM DINH DUONG Y HOC FORTIMEL PROTEIN (HUONG VANI),111349176,17/02/2025,11,CHAI,,,"10 chai móp, 1 chai rách bao bì",
BBSC-0165-0424,11/04/2024,Hoàn tất,DANONE,HÀNG NHẬP KHẨU,Không đạt Cảm quan,8030437076,Phòng QA,Thảo,,,,DE6100003,THUC PHAM DINH DUONG Y HOC FORTIMEL PROTEIN (HUONG DAU),111337731,06/01/2025,5,CHAI,,,5 chai dính sữa,
BBSC-0166-0424,11/04/2024,Hoàn tất,HYPHENS,HÀNG NHẬP KHẨU,Không đạt Cảm quan,SI-24-000219,Phòng QA,Thảo,,,,HY1200002,DOTAREM 10 ML,23GD077A01,30/09/2026,1,HỘP,,,01 hộp rách,
BBSC-0167-0424,11/04/2024,Hoàn tất,SANOFI,HÀNG TRONG NƯỚC,Không đạt Cảm quan,427,Phòng QA,Phúc,,,,SA1100012,PHOSPHALUGEL 12.38G/20G ORGEL SC26 VN,328606,05/09/2026,1,HỘP,134811,,Dính chất lạ,
BBSC-0168-0424,12/04/2024,Hoàn tất,HYPHENS,HÀNG NHẬP KHẨU,Không đạt Cảm quan,SI-24-000210-211-212,Phòng QA,Thảo,,,,HY1200006,XENETIX 300 50ML (HOP/25 LO),23WC057A01,31/10/2026,350,LỌ,,,"1h rách,1h rách nhãn , 12 h móp ( có 4 lọ nhẵn bị nhăn và xô lệch)",
BBSC-0168-0424,12/04/2024,Hoàn tất,HYPHENS,HÀNG NHẬP KHẨU,Không đạt Cảm quan,SI-24-000210-211-212,Phòng QA,Thảo,,,,HY1200008,XENETIX 350MG 100ML H/10,23WF098A01,30/11/2026,220,LỌ,,,"1 hộp mờ thông tin lot, date (10 lọ), 21 hộp bao bì bị dính bẩn (210 lọ)",
BBSC-0169-0424,12/04/2024,Hoàn tất,HETERO,HÀNG NHẬP KHẨU,Không đạt Cảm quan,"SI9223300688,SI9223300689",Kho Nhập,Trinh,,,,,TK106205002630,N/A,,3,THÙNG,,,Cấn móp vỏ thùng ngoài,
BBSC-0170-0424,12/04/2024,Hoàn tất,ALLEVIARE,HÀNG NHẬP KHẨU,Không đạt Cảm quan,GJ0600002814,Phòng QA,Thảo,,,,AV1100021,ALFUTOR ER TABLETS 10MG (HOP/30VIEN),BGP9L001,04/03/2026,14,HỘP,,,"4 h rách, 10 h móp",
BBSC-0170-0424,12/04/2024,Hoàn tất,ALLEVIARE,HÀNG NHẬP KHẨU,Không đạt Cảm quan,GJ0600002814,Phòng QA,Thảo,,,,AV1100021,ALFUTOR ER TABLETS 10MG (HOP/30VIEN),BGP9L002,04/03/2026,6,HỘP,,,"2 hộp móp, 4 hộp móp, rách",
BBSC-0171-0424,12/04/2024,Hoàn tất,HETERO,HÀNG NHẬP KHẨU,Không đạt Cảm quan,SI9223300689,Phòng QA,Thảo,,,,HT1100005,CELOFIN 200MG (HOP/30 VIEN),CCX23045B,18/10/2025,40,HỘP,,,"32 hộp móp, 6 h móp,rách, 1 h ko lot, date, 1 h in lỗi lot, date",
BBSC-0172-0424,12/04/2024,Hoàn tất,HYPHENS,HÀNG NHẬP KHẨU,Không đạt Cảm quan,SI 24-000240,Kho Nhập,Trinh,,,,,TK106205552350,N/A,,1,THÙNG,,,Cấn móp vỏ thùng ngoài,
BBSC-0173-0424,12/04/2024,Hoàn tất,ALLEVIARE,HÀNG NHẬP KHẨU,Không đạt Cảm quan,GJ0600002783,Kho Nhập,Trinh,,,,,TK106201548020,N/A,,4,THÙNG,,,Cấn móp vỏ thùng ngoài,
BBSC-0174-0424,12/04/2024,Hoàn tất,GETZ,HÀNG NHẬP KHẨU,Không đạt Cảm quan,GETZ/VIET/104/2024,Kho Nhập,Trinh,Phúc,,,GZ1106002,MEBEVER MR 200MG CAPS 10.S,198C31,10/10/2026,7,HỘP,,,móp,
BBSC-0174-0424,12/04/2024,Hoàn tất,GETZ,HÀNG NHẬP KHẨU,Không đạt Cảm quan,GETZ/VIET/104/2024,Kho Nhập,Trinh,Phúc,,,GZ1103016,MIRGY 100MG CAPS 10.S,360C07,12/01/2027,4,HỘP,,,móp,
BBSC-0174-0424,12/04/2024,Hoàn tất,GETZ,HÀNG NHẬP KHẨU,Không đạt Cảm quan,GETZ/VIET/104/2024,Kho Nhập,Trinh,Phúc,,,GZ1103016,MIRGY 100MG CAPS 10.S,359C07,16/12/2026,3,HỘP,,,móp,
BBSC-0174-0424,12/04/2024,Hoàn tất,GETZ,HÀNG NHẬP KHẨU,Không đạt Cảm quan,GETZ/VIET/104/2024,Kho Nhập,Trinh,Phúc,,,GZ1105013,LIPIGET TABLETS 20MG,373F11,26/12/2026,1,HỘP,,,móp,
BBSC-0175-0424,15/04/2024,Hoàn tất,HYPHENS,HÀNG NHẬP KHẨU,Không đạt Cảm quan,SI-24-000240,Phòng QA,Thảo,,,,HY1100008,PIASCLEDINE TAB 15.S,M131,31/12/2026,22,HỘP,,,"01 hộp dính mực, 21 hộp móp, rách nặng",
BBSC-0175-0424,15/04/2024,Hoàn tất,HYPHENS,HÀNG NHẬP KHẨU,Không đạt Cảm quan,SI-24-000240,Phòng QA,Thảo,,,,HY1100008,PIASCLEDINE TAB 15.S,N166,31/01/2027,18,HỘP,,,"18 hộp móp, rách",
BBSC-0175-0424,15/04/2024,Hoàn tất,HYPHENS,HÀNG NHẬP KHẨU,Không đạt Cảm quan,SI-24-000240,Phòng QA,Thảo,,,,HY1100008,PIASCLEDINE TAB 15.S,N172,28/02/2027,10,HỘP,,,"01 hôp móp, 01 hộp rách, 08 hộp dơ",
BBSC-0176-0424,16/04/2024,Hoàn tất,HETERO,HÀNG NHẬP KHẨU,Không đạt Cảm quan,SI9223300688,Phòng QA,Thảo,,,,HT1100013,TEMOTERO 20 (HOP/ 5 VIEN),TEM23061D,17/11/2025,13,HỘP,,,"12 hộp móp, 1 hộp rách",
BBSC-0177-0424,16/04/2024,Hoàn tất,SANOFI,HÀNG TRONG NƯỚC,Không đạt Cảm quan,431,Phòng QA,Phúc,,,,SA1100012,PHOSPHALUGEL 12.38G/20G ORGEL SC26 VN,328607,06/09/2026,2,HỘP,135162,,Dính chất lạ,
BBSC-0178-0424,16/04/2024,Hoàn tất,ALLEVIARE,HÀNG NHẬP KHẨU,Không đạt Cảm quan,GJ0600002783,Phòng QA,Thảo,,,,AV1100020,ARIP TABLET 15MG (H/3 VI X10 VIEN),BBX3L002,30/01/2026,11,HỘP,,,"08 hộp móp nhẹ , 03 hộp rách",
BBSC-0179-0424,17/04/2024,Hoàn tất,HYPHENS,HÀNG NHẬP KHẨU,Không đạt Cảm quan,SI 24-000259,Kho Nhập,Trinh,,,,,TK106214200410,N/A,,1,THÙNG,,,Cấn móp vỏ thùng ngoài,
BBSC-0180-0424,17/04/2024,Hoàn tất,ALLEVIARE,HÀNG NHẬP KHẨU,Không đạt Cảm quan,GJ0600002783,Phòng QA,Thảo,,,,AV1100020,ARIP TABLET 15MG (H/3 VI X10 VIEN),BBX3L002,30/01/2026,4597,HỘP,,,4.597 hộp bao bì khác màu mực,
BBSC-0181-0424,17/04/2024,Hoàn tất,ALLEVIARE,HÀNG NHẬP KHẨU,Không đạt Cảm quan,EXP109/2023-24,Kho Nhập,Trinh,,,,,TK106209176030,N/A,,28,THÙNG,,,Cấn móp dơ vỏ thùng ngoài,
BBSC-0182-0424,17/04/2024,Hoàn tất,HYPHENS,HÀNG NHẬP KHẨU,Vượt Nhiệt độ,SI 24-000259,Phòng QA,Phúc,,,,HY1200004,LIPIODOL ULTRA FLUIDE 10ML,23LU608A,30/09/2026,2,PALLET,,,Nhiệt độ không đạt,
BBSC-0183-0424,19/04/2024,Hoàn tất,HETERO,HÀNG NHẬP KHẨU,Không đạt Cảm quan,SI3623229138,Phòng QA,Thảo,,,,HT1100029,ETORICOXIB TABLETS 60MG (HOP/30 VIEN),E240111B,01/02/2026,1,HỘP,,,1 hộp móp,
BBSC-0184-0424,19/04/2024,Hoàn tất,HYPHENS,HÀNG NHẬP KHẨU,Không đạt Cảm quan,SI-24-000259,Phòng QA,Thảo,,,,HY1200004,LIPIODOL ULTRA FLUIDE 10ML,23LU608A,30/09/2026,2,HỘP,,,"1 hộp rách, 1 hộp trầy bao bì",
BBSC-0185-0424,19/04/2024,Hoàn tất,ABBOTT,HÀNG NHẬP KHẨU,Sai số lượng,9018455978,Kho Nhập,Trinh,,,,ST9-ITV08F180/80,TORQVUE DELIVERY SYSTEM PDA 8F,10216696,31/01/2027,1,CÁI,,,Thiếu,
BBSC-0185-0424,19/04/2024,Hoàn tất,ABBOTT,HÀNG NHẬP KHẨU,Sai số lượng,9018455978,Kho Nhập,Trinh,,,,ST9-ASD-028,AMPLATZER ASD OCCLUDER 28MM,10175554,31/12/2028,3,CÁI,,,Thiếu,
BBSC-0186-0424,22/04/2024,Hoàn tất,ALLEVIARE,HÀNG NHẬP KHẨU,Không đạt Cảm quan,EXP109/2023-24,Phòng QA,Thảo,,,,AV1300027,ESOJAY 15G (HOP/ 1 TUYP),C414,06/03/2027,11,HỘP,,,"7 h móp, 1 h rách, 2 h dơ, 1 h mờ lot, date",
BBSC-0186-0424,22/04/2024,Hoàn tất,ALLEVIARE,HÀNG NHẬP KHẨU,Không đạt Cảm quan,EXP109/2023-24,Phòng QA,Thảo,,,,AV1300026,ALLSILVER 15G (HOP/ 1 TUYP),C415,09/03/2026,5,HỘP,,,"1 h rách, 1 h dính băng keo, 3 h dơ",
BBSC-0186-0424,22/04/2024,Hoàn tất,ALLEVIARE,HÀNG NHẬP KHẨU,Không đạt Cảm quan,EXP109/2023-24,Phòng QA,Thảo,,,,AV1300028,ACARWIN 15G (HOP/1 TUYP),C418,09/03/2027,2,HỘP,,,"1 hộp móp, 1 hộp rách",
BBSC-0187-0424,22/04/2024,Hoàn tất,WW,HÀNG NHẬP KHẨU,Không đạt Cảm quan,91696554,Phòng QA,Thảo,,,,WO1100007,FERROLA (BOX/5 VI X 10 VIEN),XB0424,14/12/2025,4,HỘP,,,4 hộp bao bị đốm trắng,
BBSC-0188-0424,23/04/2024,Hoàn tất,SANOFI,HÀNG TRONG NƯỚC,Không đạt Cảm quan,459,Phòng QA,Phúc,,,,SA1100012,PHOSPHALUGEL 12.38G/20G ORGEL SC26 VN,328554,11/09/2026,1,HỘP,135627,,Túi thuốc dính vào phần niêm phong đáy hộp,
BBSC-0189-0424,23/04/2024,Hoàn tất,DAVIPHARM,CN. ĐÀ NẴNG (Điều chuyển),Không đạt Cảm quan,HĐ 8016,Kho Nhập,Yến,,,,DV1100165,RYZONAL (HOP/60VIEN) - EU,240185,26/01/2027,32,HỘP,135734,,Ướt rách móp,
BBSC-0190-0424,24/04/2024,Hoàn tất,VE PHARMA,HÀNG NHẬP KHẨU,Không đạt Cảm quan,VEVN 01-04-09,Kho Nhập,Trinh,,,,,TK106229390040,N/A,,5,PALLET,,,Cấn móp vỏ vỏ thùng ngoài,
BBSC-0191-0424,24/04/2024,Hoàn tất,VE PHARMA,HÀNG NHẬP KHẨU,Không đạt Cảm quan,VEVN 01-04-12,Kho Nhập,Trinh,,,,,TK106231887900,N/A,,2,PALLET,,,Cấn móp vỏ vỏ thùng ngoài,
BBSC-0192-0424,25/04/2024,Hoàn tất,SANOFI,HÀNG TRONG NƯỚC,Không đạt Cảm quan,471,Phòng QA,Phúc,,,,SA1100012,PHOSPHALUGEL 12.38G/20G ORGEL SC26 VN,328554,11/09/2026,1,HỘP,135926,,Rò rỉ thuốc (Thùng 771),
BBSC-0193-0424,25/04/2024,Hoàn tất,VE PHARMA,HÀNG NHẬP KHẨU,Không đạt Cảm quan,VEVN/01/04/09,Phòng QA,Thảo,,,,SC6100021,WELLKID MULTI-VITAMIN SMART CHEWABLE (H/30VIEN),F167061,31/01/2026,4,HỘP,,,"2 hộp móp nhẹ, 2 hộp ko lot, date",
BBSC-0193-0424,25/04/2024,Hoàn tất,VE PHARMA,HÀNG NHẬP KHẨU,Không đạt Cảm quan,VEVN/01/04/09,Phòng QA,Thảo,,,,SC6100018,"PREGNACARE BREAST-FEEDING (HOP/56 VIEN NEN, 28 VIEN NANG)",PB2406,31/10/2026,61,HỘP,,,"10 h lỗi lot, date, 2h lỗi bao bì, 16 h móp, 22 h rách, 3 h ố vàng, 4 h dơ, 4 h trầy bao bì",
BBSC-0194-0424,25/04/2024,Hoàn tất,SANOFI,HÀNG TRONG NƯỚC,Không đạt Cảm quan,470,Phòng QA,Phúc,,,,SA1100008,ENTEROGERMINA 2 BILLION/5ML B/ 20 BOTTLE,3I655,01/11/2025,1,HỘP,135927,,Móp (Thùng 192),
BBSC-0195-0424,25/04/2024,Hoàn tất,VE PHARMA,HÀNG NHẬP KHẨU,Không đạt Cảm quan,VEVN/01/04/12,Phòng QA,Thảo,,,,SC6100003,FEROGLOBIN B12 CAPSULES (H/30 VIEN),FW2713SA,31/08/2026,499,HỘP,,,"18 hộp rách, 27 hộp móp, 50 lem mực, 04 hộp in lỗi lot, date, 387 h lỗi bao bì, 13 h rách góc",
BBSC-0195-0424,25/04/2024,Hoàn tất,VE PHARMA,HÀNG NHẬP KHẨU,Không đạt Cảm quan,VEVN/01/04/12,Phòng QA,Thảo,,,,SC6100001,OSTEOCARE LIQUID 200ML,40314,28/02/2026,22,HỘP,,,"10 hộp rách, 5 hộp lỗi bao bì, 7 hộp móp",
BBSC-0195-0424,25/04/2024,Hoàn tất,VE PHARMA,HÀNG NHẬP KHẨU,Không đạt Cảm quan,VEVN/01/04/12,Phòng QA,Thảo,,,,SC6100017,WELLKID MULTI-VITAMIN LIQUID (CHAI/150ML),32022,30/11/2025,196,HỘP,,,"181 hộp rách, 15 hộp móp",
BBSC-0196-0424,26/04/2024,Hoàn tất,WW,HÀNG NHẬP KHẨU,Không đạt Cảm quan,91697444,Kho Nhập,Trinh,,,,,TK106234998220,N/A,,1,PALLET,,,"Móp , dập vỏ thùng ngoài",
BBSC-0197-0424,26/04/2024,Hoàn tất,WW,HÀNG NHẬP KHẨU,Không đạt Cảm quan,91697444,Phòng QA,Thảo,,,,WO1100005,ALFA – LIPOGAMMA 600 ORAL BOX/30.S,407716,22/01/2027,27,HỘP,,,"07 hộp rách, 6 hộp móp, 14 hộp lỗi bao bì",
BBSC-0197-0424,26/04/2024,Hoàn tất,WW,HÀNG NHẬP KHẨU,Không đạt Cảm quan,91697444,Phòng QA,Thảo,,,,WO1100005,ALFA – LIPOGAMMA 600 ORAL BOX/30.S,407725,23/01/2027,21,HỘP,,,"21 hộp móp, rách",
BBSC-0198-0424,26/04/2024,Hoàn tất,WW,HÀNG NHẬP KHẨU,Không đạt Cảm quan,91697444,Team ĐGC2,Như,,,,WO1100005,ALFA – LIPOGAMMA 600 ORAL BOX/30.S,407716,22/01/2027,1,HỘP,,,01 hộp thiếu,
BBSC-0199-0424,26/04/2024,Hoàn tất,SANOFI,HÀNG TRONG NƯỚC,Không đạt Cảm quan,318,Phòng QA,Phúc,,,,SA1200012,LOVENOX 40MG/0.4ML INJ. B/ 2 SYRINGES VN,HS583E,30/09/2025,1,HỘP,136105,,Rách bao bì,
BBSC-0200-0424,26/04/2024,Hoàn tất,SANOFI,HÀNG TRONG NƯỚC,Không đạt Cảm quan,325,Phòng QA,Phúc,,,,SA1200012,LOVENOX 40MG/0.4ML INJ. B/ 2 SYRINGES VN,HS583E,30/09/2025,19,HỘP,LPN006591,,Rách nắp gài hộp,
BBSC-0201-0524,02/05/2024,Hoàn tất,HETERO,HÀNG NHẬP KHẨU,Không đạt Cảm quan,SI9224200239,Phòng QA,Thảo,,,,HT1100018,APIXTRA (HOP/ 30 VIEN),API23022A,17/01/2026,2,HỘP,,,02H Móp,
BBSC-0202-0524,02/05/2024,Hoàn tất,VE PHARMA,HÀNG NHẬP KHẨU,Không đạt Cảm quan,2204-S08-Air (VEVN/01/04/09),Phòng QA,Thảo,,,,SC6100022,FEROGLOBIN FIZZ (ONG/20VIEN),F166645,31/12/2025,3,LỌ,,,03H nhòe lot date,
BBSC-0203-0524,03/05/2024,Hoàn tất,SANOFI,HÀNG TRONG NƯỚC,Không đạt Cảm quan,485,Phòng QA,Lữ,,,,SA1100009,"ENTEROGERMINA,4BCFU/5ML,SP,BT20,VN",3I193,30/09/2025,10,HỘP,136416,,Móp rách,
BBSC-0204-0524,03/05/2024,Hoàn tất,VE PHARMA,HÀNG NHẬP KHẨU,Không đạt Cảm quan,2002-S03 (VEVN/01/12/14),Phòng QA,Thảo,,,,SC6100015,PREGNACARE PLUS OMEGA 3 (H/56 VIEN),PP2359,31/05/2026,78,HỘP,,,"18h in lỗi lot, date, 18h rách, 17 h móp, 2 h ố vàng,23 h móp rách nhẹ",
BBSC-0205-0524,07/05/2024,Hoàn tất,GETZ,HÀNG NHẬP KHẨU,Sai số lượng,GETZ/VIET/166/2024,Kho Nhập,Trinh,,,,GZ1105017,RICHSTATIN 10MG TAB 10.S,403F18,25/10/2026,40,HỘP,,,"Thừa, móp",
BBSC-0205-0524,07/05/2024,Hoàn tất,GETZ,HÀNG NHẬP KHẨU,Sai số lượng,GETZ/VIET/166/2024,Kho Nhập,Trinh,,,,GZ1106002,MEBEVER MR 200MG CAPS 10.S,201C31,13/10/2026,10,HỘP,,,"Móp cấn, móp rách",
BBSC-0205-0524,07/05/2024,Hoàn tất,GETZ,HÀNG NHẬP KHẨU,Sai số lượng,GETZ/VIET/166/2024,Kho Nhập,Trinh,,,,GZ1105004,ATASART H TAB 28.S,227T03,26/01/2027,1,HỘP,,,Rách,
BBSC-0206-0524,07/05/2024,Hoàn tất,GETZ,HÀNG NHẬP KHẨU,Không đạt Cảm quan,GETZ/VIET/166/2024,Phòng QA,Thảo,,,,GZ1103023,PROMTO 20MG TAB 10.S,15800000,07/02/2026,15,HỘP,,,"06 rách, 1h dính bẩn, 08 h cấn rách hộp",
BBSC-0207-0524,07/05/2024,Hoàn tất,BESIN,HÀNG NHẬP KHẨU,Vượt Nhiệt độ,SD-8101C-2404-00006,Phòng QA,Phúc,,,,BS1100002,UTROGESTAN 200MG,616,28/02/2027,11,PALLET,,,30.5°C,
BBSC-0208-0524,07/05/2024,Hoàn tất,SANOFI,HÀNG TRONG NƯỚC,Không đạt Cảm quan,493,Phòng QA,Phúc,,,,SA1100012,PHOSPHALUGEL 12.38G/20G ORGEL SC26 VN,328555,12/09/2026,1,HỘP,136728,,Túi thuốc dính vào phần niêm phong đáy hộp,
BBSC-0209-0524,07/05/2024,Hoàn tất,PARADIGM,HÀNG NHẬP KHẨU,Không đạt Cảm quan,INV17/2024,Kho Nhập,Trinh,,,,PD1100003,FLEMING 625MG B/100,A40152B,08/02/2026,56,HỘP,,,"45 hộp bị móp vỏ hộp:
 -02 hộp rách phần nắp gài hộp
 -14 hộp móp nặng
 - 29 hộp móp nhẹ",
BBSC-0210-0524,07/05/2024,Hoàn tất,VE PHARMA,HÀNG NHẬP KHẨU,Không đạt Cảm quan,VEVN/01/04/21,Kho Nhập,Trinh,,,,,TK106258658220,N/A,,3,PALLET,,,"Móp , dập vỏ thùng ngoài",
BBSC-0211-0524,08/05/2024,Hoàn tất,DANONE,HÀNG NHẬP KHẨU,Không đạt Cảm quan,8030444191,Kho Nhập,Trinh,,,,,TK106260543760,N/A,,2,PALLET,,,"Móp , dập vỏ thùng ngoài",
BBSC-0212-0524,08/05/2024,Hoàn tất,HETERO,HÀNG NHẬP KHẨU,Không đạt Cảm quan,SI9224200460,Kho Nhập,Trinh,,,,HT1100007,LEVIN-500 (HOP/30 VIEN),LEV24012A,06/02/2027,15,THÙNG,,,"Móp , dập vỏ thùng ngoài",
BBSC-0213-0524,08/05/2024,Hoàn tất,Dr.Reddy's,HÀNG NHẬP KHẨU,Không đạt Cảm quan,9013455627,Phòng QA,Lữ,,,,RD1200004,PEG-GRAFEEL (H/1 BOM TIEM 0.6ML),N240214B,28/02/2026,2500,HỘP,,,MẪU BAO BÌ KHÁC MẪU DAV,
BBSC-0214-0524,09/05/2024,Hoàn tất,HETERO,HÀNG NHẬP KHẨU,Không đạt Cảm quan,SI9224200460,Phòng QA,Thảo,,,,HT1100007,LEVIN-500 (HOP/30 VIEN),LEV24012A,06/02/2027,38,HỘP,,,"16h móp, 17 h dính bẩn, 3h rách, 2 h dính nhau",
BBSC-0215-0524,10/05/2024,Hoàn tất,VE PHARMA,HÀNG NHẬP KHẨU,Không đạt Cảm quan,VEVN/01/04/21,Phòng QA,Thảo,,,,SC6100002,FEROGLOBIN B12 LIQUID 200ML,40426,28/02/2026,1962,HỘP,,,"1962 h rách dạng chấm nhỏ,",
BBSC-0216-0524,10/05/2024,Hoàn tất,Dr.Reddy's,HÀNG NHẬP KHẨU,Không đạt Cảm quan,9013455280,Phòng QA,Thảo,,,,RD1100011,RIVAXORED 10MG (HOP/1VI X 10VIEN),B2302655,31/07/2025,7,HỘP,,,07 hộp móp chữ C,
BBSC-0216-0524,10/05/2024,Hoàn tất,Dr.Reddy's,HÀNG NHẬP KHẨU,Không đạt Cảm quan,9013455280,Phòng QA,Thảo,,,,RD1100012,RIVAXORED 15MG (HOP/1VI X 14VIEN),B2401317,31/07/2025,2,HỘP,,,2 hộp rách,
BBSC-0217-0524,10/05/2024,Hoàn tất,VE PHARMA,HÀNG NHẬP KHẨU,Không đạt Cảm quan,N/A,Phòng QA,Thảo,,,,SC6100015,PREGNACARE PLUS OMEGA 3 (H/56 VIEN),PP2345,31/05/2026,42,HỘP,,,"21 hộp móp, 7 hộp in lỗi lot, date, 14 hộp rách",
BBSC-0218-0524,13/05/2024,Hoàn tất,VE PHARMA,HÀNG NHẬP KHẨU,Không đạt Cảm quan,VEVN/01/04/21,Phòng QA,Thảo,,,,SC6100002,FEROGLOBIN B12 LIQUID 200ML,40426,28/02/2026,19,HỘP,,,"7 hộp móp, 6 hộp rách, 1h không có nắp, 5 hộp dính thuốc",
BBSC-0218-0524,13/05/2024,Hoàn tất,VE PHARMA,HÀNG NHẬP KHẨU,Không đạt Cảm quan,VEVN/01/04/21,Phòng QA,Thảo,,,,SC6100024,OSTEOCARE CHEWABLE (HOP/30 VIEN),F169385,28/02/2026,13,HỘP,,,"8 hộp rách, 2 móp nhẹ, 3móp nặng",
BBSC-0219-0524,14/05/2024,Hoàn tất,SANOFI,HÀNG TRONG NƯỚC,Không đạt Cảm quan,524,Phòng QA,Phúc,,,,SA1100012,PHOSPHALUGEL 12.38G/20G ORGEL SC26 VN,328611,12/09/2026,2,HỘP,137504,,Móp,
BBSC-0220-0524,14/05/2024,Hoàn tất,GETZ,HÀNG NHẬP KHẨU,Vượt Nhiệt độ,GETZ/VIET/160/2024,Phòng QA,Hoài,,,BBSC nội bộ,GZ1205004,DIAMISU-70+30 100IU/ML INJ,060PA7,01/03/2026,11000,HỘP,,,Một số thời điểm Nhiệt độ >8oC,
BBSC-0221-0524,15/05/2024,Hoàn tất,SANOFI,HÀNG TRONG NƯỚC,Không đạt Cảm quan,377,Phòng QA,Phúc,,,,SA1200012,LOVENOX 40MG/0.4ML INJ. B/ 2 SYRINGES VN,HS695A,31/10/2025,3,HỘP,137742,,Móp,
BBSC-0222-0524,16/05/2024,Hoàn tất,HYPHENS,HÀNG NHẬP KHẨU,Không đạt Cảm quan,SI 24-000292,Kho Nhập,Trinh,,,,,TK106275362100,N/A,,54,PALLET,,,Ẩm ướt,
BBSC-0222-0524,16/05/2024,Hoàn tất,HYPHENS,HÀNG NHẬP KHẨU,Không đạt Cảm quan,SI 24-000292,Kho Nhập,Trinh,,,,HY1200007,XENETIX 300 (HOP/10 LO x 100ML),24WC006A01,31/12/2026,2,HỘP,,,Ẩm mốc,
BBSC-0223-0524,16/05/2024,Hoàn tất,Dr.Reddy's,HÀNG NHẬP KHẨU,Không đạt Cảm quan,9013455277,Kho Nhập,Trinh,,,,,TK106257644950,N/A,,9,THÙNG,,,"Dơ, Móp , dập 
 ẩm ướt vỏ thùng ngoài",
BBSC-0224-0524,16/05/2024,Hoàn tất,HYPHENS,HÀNG NHẬP KHẨU,Không đạt Cảm quan,SI 24 000247,Phòng QA,Hoài,,,BBSC nội bộ,HY1300044,STERIMAR NOSE HYGIENE BABY 50 ML,FE4012,31/01/2027,2,HỘP,,,trong thùng hàng nguyên niêm phong có 2 sản phẩm bị rách mất nắp vỏ hộp.,
BBSC-0225-0524,16/05/2024,Hoàn tất,HYPHENS,HÀNG NHẬP KHẨU,Không đạt Cảm quan,SI 24 000249,Phòng QA,Hoài,,,BBSC nội bộ,HY1300044,STERIMAR NOSE HYGIENE BABY 50 ML,FE4024B,31/01/2027,2,HỘP,,,2 sản phẩm rách mất nắp vỏ hộp trong kiện hàng nguyên niêm phong của Nhà sản xuất,
BBSC-0225-0524,16/05/2024,Hoàn tất,HYPHENS,HÀNG NHẬP KHẨU,Không đạt Cảm quan,SI 24 000249,Phòng QA,Hoài,,,BBSC nội bộ,HY1300044,STERIMAR NOSE HYGIENE BABY 50 ML,FE4024C,31/01/2027,3,HỘP,,,"1 hộp chảy nước vỡ nắp nhựa, và 2 sản phẩm dính vỏ hộp trong kiện hàng nguyên niêm phong của Nhà sản xuất",
BBSC-0225-0524,16/05/2024,Hoàn tất,HYPHENS,HÀNG NHẬP KHẨU,Không đạt Cảm quan,SI 24 000249,Phòng QA,Hoài,,,BBSC nội bộ,HY1300044,STERIMAR NOSE HYGIENE BABY 50 ML,FE4025B,31/01/2027,30,HỘP,,,Thiếu 15 hộp rải rác trong 14 kiện nguyên niêm phong và có 15 sản phẩm vỏ hộp bị rách móp rải rác trong 11 kiện hàng nguyên niêm phong của Nhà sản xuất,
BBSC-0226-0524,16/05/2024,Hoàn tất,VE PHARMA,HÀNG NHẬP KHẨU,Không đạt Cảm quan,VEVN/01/12/12,Phòng QA,Thảo,,,,SC6100015,PREGNACARE PLUS OMEGA 3 (H/56 VIEN),PP2359,31/05/2026,3072,HỘP,,,"3005 hộp cấn rách cạnh bên, 12 hộp in lỗi lot, date, 37 hộp móp rách nhẹ, 6 hộp móp, 11 hộp rách, 1 h lỗi bao bì",
BBSC-0227-0524,16/05/2024,Hoàn tất,LUYE,HÀNG NHẬP KHẨU,Không đạt Cảm quan,INUK-240025,Phòng QA,Thảo,,,Chưa scan,LU1100002,SEROQUEL XR TAB 200MG 30.S (HOP/30VIEN).,SM684,04/05/2026,22,HỘP,,,"19 lỗi bao bì, 03 hộp móp",
BBSC-0227-0524,16/05/2024,Hoàn tất,LUYE,HÀNG NHẬP KHẨU,Không đạt Cảm quan,INUK-240025,Phòng QA,Thảo,,,Chưa scan,LU1100001,SEROQUEL XR TAB 300MG 30.S (HOP/30VIEN).,SM682,11/10/2026,1,HỘP,,,1 hộp móp,
BBSC-0227-0524,16/05/2024,Hoàn tất,LUYE,HÀNG NHẬP KHẨU,Không đạt Cảm quan,INUK-240025,Phòng QA,Thảo,,,Chưa scan,LU1100003,SEROQUEL XR TAB 50MG 30.S (HOP/30VIEN).,SM830,11/10/2026,4,HỘP,,,4 hộp móp,
BBSC-0228-0524,16/05/2024,Hoàn tất,VE PHARMA,HÀNG NHẬP KHẨU,Không đạt Cảm quan,VEVN/01/02/23,Kho Nhập,Trinh,,,,,TK 106270263630,N/A,,3,PALLET,,,"Móp , dập vỏ thùng ngoài",
BBSC-0229-0524,17/05/2024,Hoàn tất,HYPHENS,HÀNG NHẬP KHẨU,Không đạt Cảm quan,SI-24-000292,Phòng QA,Thảo,,,,HY1200007,XENETIX 300 (HOP/10 LO x 100ML),24WC005A01,31/12/2026,30,LỌ,,,3h móp,
BBSC-0229-0524,17/05/2024,Hoàn tất,HYPHENS,HÀNG NHẬP KHẨU,Không đạt Cảm quan,SI-24-000292,Phòng QA,Thảo,,,,HY1200007,XENETIX 300 (HOP/10 LO x 100ML),24WC001B01,31/12/2026,30,LỌ,,,3h móp,
BBSC-0229-0524,17/05/2024,Hoàn tất,HYPHENS,HÀNG NHẬP KHẨU,Không đạt Cảm quan,SI-24-000292,Phòng QA,Thảo,,,,HY1200007,XENETIX 300 (HOP/10 LO x 100ML),24WC004C01,31/12/2026,60,LỌ,,,"05 hộp móp, 01 hộp trầy bao bì",
BBSC-0229-0524,17/05/2024,Hoàn tất,HYPHENS,HÀNG NHẬP KHẨU,Không đạt Cảm quan,SI-24-000292,Phòng QA,Thảo,,,,HY1200007,XENETIX 300 (HOP/10 LO x 100ML),24WC006A01,31/12/2026,90,LỌ,,,9 hộp móp,
BBSC-0229-0524,17/05/2024,Hoàn tất,HYPHENS,HÀNG NHẬP KHẨU,Không đạt Cảm quan,SI-24-000292,Phòng QA,Thảo,,,,HY1200007,XENETIX 300 (HOP/10 LO x 100ML),24WC005C01,31/12/2026,220,LỌ,,,22 hộp móp( 220 lọ),
BBSC-0230-0524,17/05/2024,Hoàn tất,HYPHENS,HÀNG NHẬP KHẨU,Vượt Nhiệt độ,SI-24-000304,Phòng QA,Lữ,,,,HY7300059,FAIRENCE T-COMPLEX 30G (HOP/ 1 TUYP),740101,31/01/2026,657,HỘP,,,Vượt nhiệt độ,
BBSC-0230-0524,17/05/2024,Hoàn tất,HYPHENS,HÀNG NHẬP KHẨU,Vượt Nhiệt độ,SI-24-000304,Phòng QA,Lữ,,,,HY7300059,FAIRENCE T-COMPLEX 30G (HOP/ 1 TUYP),740401,30/06/2026,1167,HỘP,,,Vượt nhiệt độ,
BBSC-0231-0524,17/05/2024,Hoàn tất,VE PHARMA,HÀNG NHẬP KHẨU,Không đạt Cảm quan,VEVN-01-02-23,Phòng QA,Thảo,,,,SC6100002,FEROGLOBIN B12 LIQUID 200ML,40120,31/12/2025,133,HỘP,,,"47 h rách nhiều, 20 h rách ít, 17 h móp nhiều,6 h móp it, 43 h rách góc ít",
BBSC-0231-0524,17/05/2024,Hoàn tất,VE PHARMA,HÀNG NHẬP KHẨU,Không đạt Cảm quan,VEVN-01-02-23,Phòng QA,Thảo,,,,SC6100001,OSTEOCARE LIQUID 200ML,31445,31/07/2025,130,HỘP,,,"18 móp nặng, 46 rách nặng, 25 móp nhẹ, 41 rách nhẹ",
BBSC-0231-0524,17/05/2024,Hoàn tất,VE PHARMA,HÀNG NHẬP KHẨU,Không đạt Cảm quan,VEVN-01-02-23,Phòng QA,Thảo,,,,SC6100019,WELLBABY MULTI-VITAMIN LIQUID (CHAI 150ML),40028,31/12/2025,170,HỘP,,,"38h móp nặng, 19 rách nặng, 1 rách nhẹ, 34 móp nhẹ, 68 h lỗi bao bì, 10 h dơ",
BBSC-0232-0524,20/05/2024,Hoàn tất,HYPHENS,HÀNG NHẬP KHẨU,Không đạt Cảm quan,"SI-24-000302,SI-24-000303",Phòng QA,Thảo,,,Chưa scan,HY5300003,C SCAPE+ SERUM 30ML,WN0363,30/04/2026,2,HỘP,,,"01 hộp mờ lot, date, 01 h móp,rách",
BBSC-0232-0524,20/05/2024,Hoàn tất,HYPHENS,HÀNG NHẬP KHẨU,Không đạt Cảm quan,"SI-24-000302,SI-24-000303",Phòng QA,Thảo,,,Chưa scan,HY7300012,ULTRA LIGHT HYDRATOR 50G,WN0356,30/09/2026,1,HỘP,,,1 hộp rách,
BBSC-0233-0524_NỘI BỘ,20/05/2024,Hoàn tất,SANOFI,HÀNG TRẢ VỀ,Không đạt Cảm quan,N/A,Phòng QA,Phúc,,,BBSC nội bộ,SA1100026,TELFAST HD 180MG TABCO BL10 VN,EVH0933,10/04/2027,7,HỘP,,,7 hộp móp,
BBSC-0234-0524,22/05/2024,Hoàn tất,HOE,HÀNG NHẬP KHẨU,Không đạt Cảm quan,21603,Phòng QA,Thảo,,,,HO1300042,ELLGY PLUS 10G CREAM 1.S.,531104,01/01/2026,14,TUÝP,,,14 tuýp rách khung nhựa,
BBSC-0234-0524,22/05/2024,Hoàn tất,HOE,HÀNG NHẬP KHẨU,Không đạt Cảm quan,21603,Phòng QA,Thảo,,,,HO1300042,ELLGY PLUS 10G CREAM 1.S.,7098104,01/01/2026,169,TUÝP,,,"141 tuýp rách, 28 tuýp dơ",
BBSC-0235-0524,22/05/2024,Hoàn tất,ASTRAZENECA,HÀNG TRONG NƯỚC,Không đạt Cảm quan,270,Phòng QA,Phúc,,,,AZ1100010,TAGRISSO 80MG 1 BLISTER OF 10 FILM-COATED TABLETS,FLEG,02/11/2025,8,HỘP,,,MÓP trong thùng chẵn,
BBSC-0236-0524,22/05/2024,Hoàn tất,Dr.Reddy's,HÀNG NHẬP KHẨU,Vượt Nhiệt độ,9013456102,Phòng QA,Phúc,,,,RD1200010,CASPOFUNGIN ACETATE 50MG (H/1 LO),A1480014,31/08/2025,2239,HỘP,,,Vượt nhiệt độ,
BBSC-0237-0524,22/05/2024,Hoàn tất,HYPHENS,HÀNG NHẬP KHẨU,Không đạt Cảm quan,SI 24 000309,Phòng QA,Hoài,,,BBSC nội bộ,HY1100003,OCUVITE LUTEIN TAB 60.S,40003,28/02/2026,1,HỘP,,,01 sản phảm rách vỏ hộp,
BBSC-0237-0524,22/05/2024,Hoàn tất,HYPHENS,HÀNG NHẬP KHẨU,Không đạt Cảm quan,SI 24 000309,Phòng QA,Hoài,,,BBSC nội bộ,HY1100003,OCUVITE LUTEIN TAB 60.S,40003,28/02/2026,2,HỘP,,,Thiếu 2 hộp trong thùng nguyên niêm phong,
BBSC-0237-0524,22/05/2024,Hoàn tất,HYPHENS,HÀNG NHẬP KHẨU,Không đạt Cảm quan,SI 24 000309,Phòng QA,Hoài,,,BBSC nội bộ,HY1100003,OCUVITE LUTEIN TAB 60.S,40005,28/02/2026,7,HỘP,,,Thiếu 07 Hộp trong thùng nguyên niêm phong,
BBSC-0238-0524,22/05/2024,Hoàn tất,ASTRAZENECA,HÀNG TRONG NƯỚC,Không đạt Cảm quan,268,Phòng QA,Phúc,,,,AZ1112005,TAGRISSO 80MG 3 BLISTERS OF 10 FILM-COATED TABLETS,FLLM,12/04/2026,1,HỘP,,,MÓP trong thùng chẵn,
BBSC-0239-0524,22/05/2024,Hoàn tất,VE PHARMA,HÀNG NHẬP KHẨU,Không đạt Cảm quan,VEVN-01-02-23,Phòng QA,Thảo,,,,SC6100019,WELLBABY MULTI-VITAMIN LIQUID (CHAI 150ML),40028,31/12/2025,64,HỘP,,,"34 h móp nhẹ, 5h lỗi bao bi, 7 h rách nặng, 18 h móp nặng",
BBSC-0239-0524,22/05/2024,Hoàn tất,VE PHARMA,HÀNG NHẬP KHẨU,Không đạt Cảm quan,VEVN-01-02-23,Phòng QA,Thảo,,,,SC6100002,FEROGLOBIN B12 LIQUID 200ML,40120,31/12/2025,3,HỘP,,,3 hộp móp nặng,
BBSC-0239-0524,22/05/2024,Hoàn tất,VE PHARMA,HÀNG NHẬP KHẨU,Không đạt Cảm quan,VEVN-01-02-23,Phòng QA,Thảo,,,,SC6100017,WELLKID MULTI-VITAMIN LIQUID (CHAI/150ML),31948,30/11/2025,571,HỘP,,,"268 hộp móp nhẹ, 9 hộp rách nhẹ, 12 hộp ko lot, 145 hộp mờ lot, 27 hộp rách nặng, 106 h móp nặng, 1 dơ, 3 trầy bao bì",
BBSC-0239-0524,22/05/2024,Hoàn tất,VE PHARMA,HÀNG NHẬP KHẨU,Không đạt Cảm quan,VEVN-01-02-23,Phòng QA,Thảo,,,,SC6100001,OSTEOCARE LIQUID 200ML,31445,31/07/2025,7,HỘP,,,"6 hộp rách nặng, 01 móp nặng",
BBSC-0240-0524,22/05/2024,Hoàn tất,BESIN,HÀNG NHẬP KHẨU,Không đạt Cảm quan,SD1-8101B-2405-00068/69,Kho Nhập,Trinh,,,,,TK106290474950,N/A,,1,PALLET,,,Bị rách vỏ thùng do cấn đinh trên PALLET,
BBSC-0241-0524,22/05/2024,Hoàn tất,BESIN,HÀNG NHẬP KHẨU,Vượt Nhiệt độ,SD1-8101B-2405-00068/69,Phòng QA,Phúc,,,,,TK106290474950,N/A,,1,PALLET,,,Max 37.4℃,
BBSC-0242-0524,23/05/2024,Hoàn tất,SANOFI,HÀNG TRONG NƯỚC,Không đạt Cảm quan,391,Phòng QA,Phúc,,,,SA1100041,TAVANIC 500MG TABCO BL5 M36 VN,3RC1A,31/08/2026,3,HỘP,,,Móp rách,
BBSC-0243-0524,23/05/2024,Hoàn tất,HETERO,HÀNG NHẬP KHẨU,Không đạt Cảm quan,SI9224200745,Kho Nhập,Trinh,,,,,TK106291494740,N/A,,12,THÙNG,,,"02 kiện bị dơ, 10 kiện bị rách, móp vỏ tùng ngoài",
BBSC-0244-0524,23/05/2024,Hoàn tất,HYPHENS,CN. HÀ NỘI (Điều chuyển),Không đạt Cảm quan,HĐ00031306,Kho Nhập,Trinh,,,,HY1300043,STERIMAR NOSE HYGIENE & COMFORT 50 ML,FE3228D,31/08/2026,2,HỘP,,,MÓP,
BBSC-0244-0524,23/05/2024,Hoàn tất,HYPHENS,CN. HÀ NỘI (Điều chuyển),Không đạt Cảm quan,HĐ00031306,Kho Nhập,Trinh,,,,HY1300044,STERIMAR NOSE HYGIENE BABY 50 ML,FE3263D,30/09/2026,13,HỘP,,,MÓP,
BBSC-0244-0524,23/05/2024,Hoàn tất,HYPHENS,CN. HÀ NỘI (Điều chuyển),Không đạt Cảm quan,HĐ00031306,Kho Nhập,Trinh,,,,HY1300049,STERIMAR BLOCKED NOSE 50 ML,FE3304C,31/10/2026,7,HỘP,,,"MÓP,ƯỚT",
BBSC-0244-0524,23/05/2024,Hoàn tất,HYPHENS,CN. HÀ NỘI (Điều chuyển),Không đạt Cảm quan,HĐ00031306,Kho Nhập,Trinh,,,,HY1300045,STERIMAR BLOCKED NOSE BABY 50 ML,FE3273C,30/09/2026,8,HỘP,,,MÓP,
BBSC-0245-0524,24/05/2024,Hoàn tất,HETERO,HÀNG NHẬP KHẨU,Không đạt Cảm quan,SI9224200745,Phòng QA,Thảo,,,,HT1100012,MONTE-H10 (HOP/ 30 VIEN),MON24035A,21/01/2026,29,HỘP,,,"23 móp, 6 hộp rách",
BBSC-0246-0524,24/05/2024,Hoàn tất,HETERO,HÀNG NHẬP KHẨU,Không đạt Cảm quan,"SI3624200970,SI3624200971",Kho Nhập,Trinh,,,,,TK106298669630,N/A,,3,THÙNG,,,Rách vỏ thùng ngoài,
BBSC-0247-0524,24/05/2024,Hoàn tất,Dr.Reddy's,HÀNG NHẬP KHẨU,Không đạt Cảm quan,9013455277,Phòng QA,Thảo,,,,RD1100004,STAMLO 5 (H/2VI X 10VIEN),B2304320,30/11/2025,88,HỘP,,,"67 móp, 20 rách, 1 trầy mất chữ",
BBSC-0248-0524,27/05/2024,Hoàn tất,Dr.Reddy's,HÀNG NHẬP KHẨU,Không đạt Cảm quan,INV9013457741,Kho Nhập,Trinh,,,,,TK106299015210,N/A,,4,THÙNG,,,"02 kiện bị ẩm ướt.
 02 kiện rách vỏ thùng ngoài",
BBSC-0249-0524,27/05/2024,Hoàn tất,DANONE,HÀNG NHẬP KHẨU,Không đạt Cảm quan,INV8030447915,Kho Nhập,Trinh,,,,,TK106301082200,N/A,,1,PALLET,,,"Bị móp, rách vỏ thùng ngoài",
BBSC-0250-0524,27/05/2024,Hoàn tất,VE PHARMA,HÀNG NHẬP KHẨU,Không đạt Cảm quan,VEVN-01-02-23,Phòng QA,Thảo,,,,SC6100017,WELLKID MULTI-VITAMIN LIQUID (CHAI/150ML),31948,30/11/2025,535,HỘP,,,"318 móp nhẹ, 21 móp nặng, 5 mờ lot ko nhìn thấy, 37 mờ lot nhìn thấy, 9 ko lot, 112 trầy bao bì, 8 ố vàng, 7 dính dung dịch thuốc, 10 rách nhẹ, 8 rách nặng,",
BBSC-0250-0524,27/05/2024,Hoàn tất,VE PHARMA,HÀNG NHẬP KHẨU,Không đạt Cảm quan,VEVN-01-02-23,Phòng QA,Thảo,,,,SC6100001,OSTEOCARE LIQUID 200ML,40153,31/12/2025,6000,HỘP,,,"24rách nặng, 12 móp năng, 27 móp nhẹ, rách nhẹ 10, 5927 h rách góc nhỏ",
BBSC-0250-0524,27/05/2024,Hoàn tất,VE PHARMA,HÀNG NHẬP KHẨU,Không đạt Cảm quan,VEVN-01-02-23,Phòng QA,Thảo,,,,SC6100019,WELLBABY MULTI-VITAMIN LIQUID (CHAI 150ML),40028,31/12/2025,13,HỘP,,,"5 móp nhe, 2 rách nhẹ, 5 móp nặng, 1 trầy mất chữ",
BBSC-0250-0524,27/05/2024,Hoàn tất,VE PHARMA,HÀNG NHẬP KHẨU,Không đạt Cảm quan,VEVN-01-02-23,Phòng QA,Thảo,,,,SC6100002,FEROGLOBIN B12 LIQUID 200ML,40120,31/12/2025,6,HỘP,,,"4 rách, 2 móp",
BBSC-0251-0524,28/05/2024,Hoàn tất,HYPHENS,HÀNG NHẬP KHẨU,Không đạt Cảm quan,SI-24-000317,Phòng QA,Thảo,,,,HY1300022,CETRAXAL (H/15 ONG),V802,15/01/2026,8,HỘP,,,"4 hộp móp, 2 dính bẩn, 11 hộp lỗi lot, date, 1 hộp rách",
BBSC-0252-0524,28/05/2024,Hoàn tất,ABBOTT,HÀNG NHẬP KHẨU,Sai số lượng,INV9018673899-900-901,Kho Nhập,Trinh,,,,ST9-ATV07F45/80,ATV07F45/80 AMPLATZER TREVISIO INTRAVASCULAR DELIVERY SYSTEM,10258692,,1,CÁI,,,Thừa 01 cái,
BBSC-0253-0524,29/05/2024,Hoàn tất,SANOFI,HÀNG TRONG NƯỚC,Không đạt Cảm quan,592,Phòng QA,Phúc,,,,SA1100012,PHOSPHALUGEL 12.38G/20G ORGEL SC26 VN,328613,15/09/2026,1,HỘP,,,Túi thuốc chảy thuốc đã khô,
BBSC-0254-0524,29/05/2024,Hoàn tất,SANOFI,HÀNG TRONG NƯỚC,Không đạt Cảm quan,593,Phòng QA,Phúc,,,,SA1100016,CALCIUM CORBIERE EXTRA 3SUPX10 10ML VN,EVH1002,03/10/2025,1,HỘP,,,"Bể ống chảy dính vỏ hộp, vỏ thùng",
BBSC-0255-0524,29/05/2024,Hoàn tất,HETERO,HÀNG NHẬP KHẨU,Không đạt Cảm quan,"SI3624200970,SI3624200971",Phòng QA,Thảo,,,,HT1100028,ETORICOXIB TABLETS 120MG (HOP/30 VIEN),E240774B,13/03/2026,5,HỘP,,,"4h rách, 1h móp",
BBSC-0255-0524,29/05/2024,Hoàn tất,HETERO,HÀNG NHẬP KHẨU,Không đạt Cảm quan,"SI3624200970,SI3624200971",Phòng QA,Thảo,,,,BS1300009,EZETIMIBE TABLETS 10MG (HOP/70 VIEN),E241083A,07/03/2026,4,HỘP,,,"2 h móp, 2 h rách",
BBSC-0256-0524,29/05/2024,Hoàn tất,hoe,HÀNG NHẬP KHẨU,Không đạt Cảm quan,21602,Phòng QA,Thảo,,,,HO1300016,HOEBEPROSALIC OINTMENT 15G.,9209305,01/09/2026,15,HỘP,,,"7 hộp móp, 6 hộp ố vàng, 1 hộp rách",
BBSC-0257-0524,29/05/2024,Hoàn tất,BESIN,HÀNG NHẬP KHẨU,Không đạt Cảm quan,SD1-8101B-2405-00068/69,Phòng QA,Thảo,,,,BS1300010,PAPILOCARE (7 CANNULAS X 5ML),W0151,30/09/2027,1,HỘP,,,"1 hộp móp,",
BBSC-0258-0524,30/05/2024,Hoàn tất,DANONE,HÀNG NHẬP KHẨU,Không đạt Cảm quan,8030447915,Phòng QA,Thảo,,,,DE6100003,THUC PHAM DINH DUONG Y HOC FORTIMEL PROTEIN (HUONG DAU),111364275,31/03/2025,3,CHAI,,,3 chai móp,
BBSC-0259-0524,30/05/2024,Hoàn tất,Dr.Reddy's,HÀNG NHẬP KHẨU,Không đạt Cảm quan,9013457741,Phòng QA,Thảo,,,,RD1100013,RIVAXORED 20MG (HOP/1VI X 14VIEN),B2401490,31/03/2026,69,HỘP,,,"69 hộp lem nhòe lot, date do ẩm ướt",
BBSC-0260-0524,30/05/2024,Hoàn tất,DANONE,HÀNG NHẬP KHẨU,Không đạt Cảm quan,8030444191,Phòng QA,Thảo,,,,DE6100002,THUC PHAM DINH DUONG Y HOC FORTIMEL PROTEIN (HUONG VANI),111364284,28/03/2025,3,CHAI,,,03 chai móp,
BBSC-0261-0524,30/05/2024,Hoàn tất,VE PHARMA,CN. HÀ NỘI (Điều chuyển),Không đạt Cảm quan,HĐ00033234,Kho Nhập,Trinh,,,,SC6100017,WELLKID MULTI-VITAMIN LIQUID (CHAI/150ML),30477,28/02/2025,6,THÙNG,,,06 kiện hàng bị móp,
BBSC-0262-0524,31/05/2024,Hoàn tất,WW,HÀNG NHẬP KHẨU,Không đạt Cảm quan,91701802,Kho Nhập,Trinh,,,,,TK106314079540,N/A,,4,THÙNG,,,"Hàng móp, rách vỏ thùng bên ngoài",
BBSC-0263-0524,31/05/2024,Hoàn tất,WW,HÀNG NHẬP KHẨU,Vượt Nhiệt độ,91701802,Phòng QA,Phúc,,,,WO1100004,SILYGAMMA 150MG 100.S,416318,31/01/2027,7368,HỘP,,,Vượt nhiệt độ,
BBSC-0263-0524,31/05/2024,Hoàn tất,WW,HÀNG NHẬP KHẨU,Vượt Nhiệt độ,91701802,Phòng QA,Phúc,,,,WO1100004,SILYGAMMA 150MG 100.S,416319,31/01/2027,9630,HỘP,,,Vượt nhiệt độ,
BBSC-0263-0524,31/05/2024,Hoàn tất,WW,HÀNG NHẬP KHẨU,Vượt Nhiệt độ,91701802,Phòng QA,Phúc,,,,WO1100004,SILYGAMMA 150MG 100.S,416320,31/01/2027,9733,HỘP,,,Vượt nhiệt độ,
BBSC-0263-0524,31/05/2024,Hoàn tất,WW,HÀNG NHẬP KHẨU,Vượt Nhiệt độ,91701802,Phòng QA,Phúc,,,,WO1100004,SILYGAMMA 150MG 100.S,416321,31/01/2027,9750,HỘP,,,Vượt nhiệt độ,
BBSC-0264-0524,31/05/2024,Hoàn tất,WW,HÀNG NHẬP KHẨU,Không đạt Cảm quan,91701802,Phòng QA,Thảo,,,,WO1100004,SILYGAMMA 150MG 100.S,416318,31/01/2027,139,HỘP,,,"130 hộp lem mự, 6 móp, 3 rách",
BBSC-0264-0524,31/05/2024,Hoàn tất,WW,HÀNG NHẬP KHẨU,Không đạt Cảm quan,91701802,Phòng QA,Thảo,,,,WO1100004,SILYGAMMA 150MG 100.S,416319,31/01/2027,254,HỘP,,,"237 lem mực, 11 móp, 6 rách",
BBSC-0264-0524,31/05/2024,Hoàn tất,WW,HÀNG NHẬP KHẨU,Không đạt Cảm quan,91701802,Phòng QA,Thảo,,,,WO1100004,SILYGAMMA 150MG 100.S,416320,31/01/2027,196,HỘP,,,"185 lem mưc, 11 móp",
BBSC-0264-0524,31/05/2024,Hoàn tất,WW,HÀNG NHẬP KHẨU,Không đạt Cảm quan,91701802,Phòng QA,Thảo,,,,WO1100004,SILYGAMMA 150MG 100.S,416321,31/01/2027,245,HỘP,,,"226 lem mực, 10 móp, 9 rách",
BBSC-0265-0524,03/06/2024,Hoàn tất,WW,CN. ĐÀ NẴNG (Điều chuyển),Không đạt Cảm quan,N/A,Kho Nhập,Yến,,,,WO1100004,SILYGAMMA 150MG 100.S,384096,30/04/2026,2,HỘP,,,02 hộp móp,
BBSC-0266-0624,03/06/2024,Hoàn tất,VE PHARMA,HÀNG NHẬP KHẨU,Không đạt Cảm quan,1405-S05-Sea (VEVN-01-02-23),Phòng QA,Thảo,,,,SC6100011,PERFECTIL (H/30 VIEN),PFT2319P,31/07/2026,11,HỘP,,,"10 móp, 1 rách",
BBSC-0266-0624,03/06/2024,Hoàn tất,VE PHARMA,HÀNG NHẬP KHẨU,Không đạt Cảm quan,1405-S05-Sea (VEVN-01-02-23),Phòng QA,Thảo,,,,SC6100011,PERFECTIL (H/30 VIEN),PFT2320P,31/07/2026,1,HỘP,,,1 hộp móp,
BBSC-0267-0624,03/06/2024,Hoàn tất,BESIN,HÀNG NHẬP KHẨU,Không đạt Cảm quan,SD1-8101B-2405-00033,Kho Nhập,Duyên,,,,,TK106317456600,N/A,,2,PALLET,,,Móp vỏ thùng ngoài,
BBSC-0268-0624,04/06/2024,Hoàn tất,ASTRAZENECA,HÀNG TRONG NƯỚC,Không đạt Cảm quan,286,Phòng QA,Phúc,,,,AZ1200002,ZOLADEX 3.6 MG DEPOT 1.S,SM512,04/11/2024,3,HỘP,,,Móp trong thùng lẻ,
BBSC-0269-0624,04/06/2024,Hoàn tất,VE PHARMA,HÀNG NHẬP KHẨU,Không đạt Cảm quan,VEVN 01-05-20,Kho Nhập,Vang,,,,,TK106324706350,N/A,,2,PALLET,,,Móp vỏ thùng ngoài,
BBSC-0270-0624,05/06/2024,Hoàn tất,HETERO,HÀNG NHẬP KHẨU,Không đạt Cảm quan,SI92242012],Phòng QA,Phúc,,,,,TK106324989960,N/A,,1,THÙNG,,,Móp vỏ thùng ngoài,
BBSC-0271-0624,05/06/2024,Hoàn tất,BESIN,HÀNG NHẬP KHẨU,Không đạt Cảm quan,SD1-8101B-2405-00033,Phòng QA,Thảo,,,,BS1100002,UTROGESTAN 200MG,241367,28/02/2027,14,HỘP,,,"7 móp, 5 rách, 2 móp rách nặng",
BBSC-0272-0624,05/06/2024,Hoàn tất,VE PHARMA,HÀNG NHẬP KHẨU,Không đạt Cảm quan,VEVN/01/05/20,Phòng QA,Thảo,,,,SC6100025,"PREGNACARE MAX (H/56 VIEN NEN, 28 VIEN NANG)",PM2409,30/11/2026,34,HỘP,,,"18 hộp rách, 14 móp, 1 lỗi bao bì, 1 ko lot, date",
BBSC-0272-0624,05/06/2024,Hoàn tất,VE PHARMA,HÀNG NHẬP KHẨU,Không đạt Cảm quan,VEVN/01/05/20,Phòng QA,Thảo,,,,SC6100018,"PREGNACARE BREAST-FEEDING (HOP/56 VIEN NEN, 28 VIEN NANG)",PB2408,31/10/2026,103,HỘP,,,"53 rách nặng, 14 móp nặng, 24 móp nhẹ, 12 lỗi lô",
BBSC-0272-0624,05/06/2024,Hoàn tất,VE PHARMA,HÀNG NHẬP KHẨU,Không đạt Cảm quan,VEVN/01/05/20,Phòng QA,Thảo,,,,SC6100018,"PREGNACARE BREAST-FEEDING (HOP/56 VIEN NEN, 28 VIEN NANG)",PB2412,30/11/2026,81,HỘP,,,"31 rách nặng, 18 lỗi lot, 16 mop nhẹ, 8 rách nhẹ, 4 h in lỗi bao bì, 4 móp nặng(0272-0624)",
BBSC-0273-0624,06/06/2024,Hoàn tất,GETZ,HÀNG NHẬP KHẨU,Không đạt Cảm quan,230,Kho Nhập,Trinh,,,,GZ1106002,MEBEVER MR 200MG CAPS 10.S,201C31,13/10/2026,4,HỘP,,,Móp,
BBSC-0273-0624,06/06/2024,Hoàn tất,GETZ,HÀNG NHẬP KHẨU,Không đạt Cảm quan,230,Kho Nhập,Trinh,,,,GZ1103016,MIRGY 100MG CAPS 10.S,363C07,27/03/2027,4,HỘP,,,Móp,
BBSC-0274-0624,06/06/2024,Hoàn tất,HETERO,HÀNG NHẬP KHẨU,Không đạt Cảm quan,SI92242012,Phòng QA,Thảo,,,,HT1100025,LENALIDOMIDE CAPSULES 25MG (HOP/ 30 VIEN),LEN24031C,26/02/2026,4,HỘP,,,4 hộp móp,
BBSC-0274-0624,06/06/2024,Hoàn tất,HETERO,HÀNG NHẬP KHẨU,Không đạt Cảm quan,SI92242012,Phòng QA,Thảo,,,,HT1100024,LENALIDOMIDE CAPSULES 10MG (HOP/ 30 VIEN),LEN24029,26/02/2026,6,HỘP,,,"4 móp, 2 rách",
BBSC-0275-0624,06/06/2024,Hoàn tất,ASCENCIA,HÀNG NHẬP KHẨU,Không đạt Cảm quan,SG00001126,Kho Nhập,Trinh,,,,,TK106326895360,N/A,,1,PALLET,,,móp vỏ thùng ngoài,
BBSC-0276-0624,06/06/2024,Hoàn tất,HYPHENS,HÀNG NHẬP KHẨU,Vượt Nhiệt độ,SI-24-000360,Phòng QA,Phúc,,,,HY6100004,THUC PHAM BAO VE SUC KHOE OCEAN HEALTH VITAMIN D3 1000IU,VE0120,31/01/2026,1,PALLET,,,Nhiệt độ không đạt,
BBSC-0277-0624,06/06/2024,Hoàn tất,Dr.Reddy's,HÀNG NHẬP KHẨU,Không đạt Cảm quan,9013458804,Phòng QA,Thảo,,,,RD4200001,REDDITUX 500MG (H/1LO X 50ML),N240265B,31/03/2027,3,HỘP,,,3 h rách,
BBSC-0278-0624,06/06/2024,Hoàn tất,HETERO,HÀNG NHẬP KHẨU,Không đạt Cảm quan,SI9224201280,Kho Nhập,Trinh,,,,,TK106330975330,N/A,,29,THÙNG,,,"Móp,rách vỏ thùng ngoài",
BBSC-0279-0624,07/06/2024,Hoàn tất,HYPHENS,HÀNG NHẬP KHẨU,Không đạt Cảm quan,SI 24 000298-299,Phòng QA,Hoài,,,BBSC nội bộ,HY1300044,STERIMAR NOSE HYGIENE BABY 50 ML,FE4049C,28/02/2027,2,HỘP,,,Vỏ hộp bị rách móp trong kiện nguyên,
BBSC-0279-0624,07/06/2024,Hoàn tất,HYPHENS,HÀNG NHẬP KHẨU,Không đạt Cảm quan,SI 24 000298-299,Phòng QA,Hoài,,,BBSC nội bộ,HY1300045,STERIMAR BLOCKED NOSE BABY 50 ML,FE4048,28/02/2027,53,HỘP,,,Hộp dính vỏ hộp trong kiện nguyên,
BBSC-0279-0624,07/06/2024,Hoàn tất,HYPHENS,HÀNG NHẬP KHẨU,Không đạt Cảm quan,SI 24 000298-299,Phòng QA,Hoài,,,BBSC nội bộ,HY1300043,STERIMAR NOSE HYGIENE & COMFORT 50 ML,FE4054,28/02/2027,1,HỘP,,,Hộp rách nắp vỏ hộp trong kiện nguyên,
BBSC-0280-0624,07/06/2024,Hoàn tất,HYPHENS,HÀNG NHẬP KHẨU,Vượt Nhiệt độ,SI-24-000375,Phòng QA,Phúc,,,,HY1200001,"CUROSURF 120MG/1,5ML (H/1LO X 1,5ML)",1193212,02/10/2025,750,HỘP,,,Vượt nhiệt độ,
BBSC-0281-0624,07/06/2024,Hoàn tất,GETZ,HÀNG NHẬP KHẨU,Không đạt Cảm quan,GETZ/VIET/230/2024,Phòng QA,Thảo,,,,GZ1103023,PROMTO 20MG TAB 10.S,15900000,08/03/2026,4,HỘP,,,"3 h rách, 1h móp",
BBSC-0282-0624,10/06/2024,Hoàn tất,ASCENCIA,HÀNG NHẬP KHẨU,Không đạt Cảm quan,SG00001126,Phòng QA,Thảo,,,,BE90001894,90001890 CONTOUR PLUS BLOOD GLUCOSE TEST STRIPS 50.S 2X25 ( QUE THU DUNG CHO MAY DO DUONG HUYET),DP3KM3F02B,31/10/2025,1,HỘP,,,1 hộp móp,
BBSC-0283-0624,10/06/2024,Hoàn tất,HETERO,HÀNG NHẬP KHẨU,Không đạt Cảm quan,SI9224201280,Phòng QA,Thảo,,,,HT1100005,CELOFIN 200MG (HOP/30 VIEN),CCX24013,01/04/2026,80,HỘP,,,"15 rách, 55 móp, 10 lõi lot",
BBSC-0284-0624,11/06/2024,Hoàn tất,VE PHARMA,HÀNG NHẬP KHẨU,Không đạt Cảm quan,INVVEVN/01/06/01,Kho Nhập,Trinh,,,,,TK106342449030,N/A,,4,PALLET,,,"Rách,móp vỏ thùng ngoài",
BBSC-0285-0624,12/06/2024,Hoàn tất,Dr.Reddy's,HÀNG NHẬP KHẨU,Vượt Nhiệt độ,9013457930,Phòng QA,Phúc,,,,RD1200009,PODOXRED 500MG (H/1 LO),H240315,31/03/2026,20,THÙNG,,,Nhiệt độ vượt 30.6°C,
BBSC-0286-0624,12/06/2024,Hoàn tất,VE PHARMA,HÀNG NHẬP KHẨU,Không đạt Cảm quan,VEVN/01/06/01,Phòng QA,Thảo,,,,SC6100003,FEROGLOBIN B12 CAPSULES (H/30 VIEN),FW2404TA,31/03/2027,165,HỘP,,,"89 lỗi bao bì, 1 lem mưc mất chữ, 8 rách nặng, 35 móp nặng, 2 rách nhẹ, 28 móp nhẹ, 1 loi lot, 1 dính bẩn",
BBSC-0287-0624,13/06/2024,Hoàn tất,Dr.Reddy's,HÀNG NHẬP KHẨU,Không đạt Cảm quan,9013459730,Phòng QA,Thảo,,,,RD1200009,PODOXRED 500MG (H/1 LO),H240315,31/03/2026,1,HỘP,,,1 hộp rách,
BBSC-0289-0624,13/06/2024,Hoàn tất,Dr.Reddy's,HÀNG NHẬP KHẨU,Vượt Nhiệt độ,9013459705,Phòng QA,Phúc,,,,RD1100009,ABIRATRED 250MG 120.S,H2400556,31/03/2026,1,PALLET,,,Vượt nhiệt độ,
BBSC-0290-0624,13/06/2024,Hoàn tất,DAVIPHARM,HÀNG TRẢ VỀ,Không đạt Cảm quan,50-9732,Phòng QA,Phúc,,,BBSC nội bộ,DV1100185,VASLOR-40 (HOP/60VIEN) - EU,240714,11/04/2027,1,HỘP,,,Móp nát,
BBSC-0291-0624,18/06/2024,Hoàn tất,VE PHARMA,HÀNG NHẬP KHẨU,Không đạt Cảm quan,INVVEVN/01/06/04,Kho Nhập,Vang,,,,,TK106357692010,N/A,,7,PALLET,,,"Rách,móp vỏ thùng ngoài",
BBSC-0292-0624,18/06/2024,Hoàn tất,ASTRAZENECA,HÀNG TRONG NƯỚC,Không đạt Cảm quan,316,Phòng QA,Phúc,,,,AZ1112001,CALQUENCE PA CAP 100MG BL 10X6 EA VN,ABDP,05/12/2026,1,HỘP,,,Móp trong thùng lẻ,
BBSC-0292-0624,18/06/2024,Hoàn tất,ASTRAZENECA,HÀNG TRONG NƯỚC,Không đạt Cảm quan,316,Phòng QA,Phúc,,,,AZ1112003,LYNPARZA PA TAB 150MG BL 7X8 EA VN,SK054,22/11/2026,1,HỘP,,,"Móp, rách niêm phong trong thùng chẵn",
BBSC-0292-0624,18/06/2024,Hoàn tất,ASTRAZENECA,HÀNG TRONG NƯỚC,Không đạt Cảm quan,316,Phòng QA,Phúc,,,,AZ1112005,TAGRISSO PA TAB 80MG BL 3X10 EA VN,FLTB,08/02/2027,3,HỘP,,,Móp trong thùng Sticker xanh dương,
BBSC-0292-0624,18/06/2024,Hoàn tất,ASTRAZENECA,HÀNG TRONG NƯỚC,Không đạt Cảm quan,316,Phòng QA,Phúc,,,,AZ1112005,TAGRISSO PA TAB 80MG BL 3X10 EA VN,FLLN,15/08/2026,4,HỘP,,,Móp cấn trong thùng Sticker xanh dương,
BBSC-0293-0624,18/06/2024,Hoàn tất,VE PHARMA,HÀNG NHẬP KHẨU,Không đạt Cảm quan,2601-S01(VEVN/01/11/03),Phòng QA,Thảo,,,,SC6100004,OSTEOCARE (H/30 VIEN),OT2309P,31/07/2027,27,HỘP,,,"17 móp nặng, 5 móp nhẹ, 1 dơ, 4 rách nặng(0293-0624)",
BBSC-0293-0624,18/06/2024,Hoàn tất,VE PHARMA,HÀNG NHẬP KHẨU,Không đạt Cảm quan,2601-S01(VEVN/01/11/03),Phòng QA,Thảo,,,,SC6100004,OSTEOCARE (H/30 VIEN),OT2310P,31/07/2027,20,HỘP,,,"11 móp nặng, 4 móp nhẹ, 1 dính mực, 3 lỗi bao bì, 1 rách",
BBSC-0294-0624,18/06/2024,Hoàn tất,DAVIPHARM,HÀNG TRẢ VỀ,Sai số lượng,SO 721196,Kho Nhập,Duyên,,,,DV1100158,MARTAZ (HOP/100VIEN) - EU,241023,20/05/2027,1,HỘP,,,Thiếu,
BBSC-0295-0624,18/06/2024,Hoàn tất,VE PHARMA,HÀNG NHẬP KHẨU,Không đạt Cảm quan,2202-S02_(VEVN/01/12/12),Phòng QA,Thảo,,,,SC6100014,LIVERIL (H/30 VIEN),LV2312P,31/08/2026,20,HỘP,,,"11 móp nhẹ, 1 loi bao bì, 1 lỗi lot, 2 móp nặng, 3 dơ, 2 rách nặng",
BBSC-0295-0624,18/06/2024,Hoàn tất,VE PHARMA,HÀNG NHẬP KHẨU,Không đạt Cảm quan,2202-S02_(VEVN/01/12/12),Phòng QA,Thảo,,,,SC6100015,PREGNACARE PLUS OMEGA 3 (H/56 VIEN),PP2359,31/05/2026,10776,HỘP,,,"52 hộp móp nhẹ, 9134 hộp cấn góc cạnh bên, 1536 rách góc hộp, 06 hộp rách nhẹ, 12 móp nặng, 04 rách nặng, 25 hộp lỗi lot, date, 05 hộp dính ố vàng (có 3 hộp vỉ bị chảy dịch), 02 hộp lỗi bao bì",
BBSC-0296-0624,18/06/2024,Hoàn tất,HYPHENS,HÀNG NHẬP KHẨU,Không đạt Cảm quan,SI-24-000362,Phòng QA,Thảo,,,,HY1100002,FENOSUP LIDOSE 160 MG(H/30VIEN),24B20,28/02/2027,1,HỘP,,,01 hộp móp,
BBSC-0296-0624,18/06/2024,Hoàn tất,HYPHENS,HÀNG NHẬP KHẨU,Không đạt Cảm quan,SI-24-000362,Phòng QA,Thảo,,,,HY1100002,FENOSUP LIDOSE 160 MG(H/30VIEN),24B21,28/02/2027,2,HỘP,,,02 hộp rách,
BBSC-0297-0624,19/06/2024,Hoàn tất,VE PHARMA,HÀNG NHẬP KHẨU,Không đạt Cảm quan,1806-S16-Air (VEVN/01/06/04),Phòng QA,Thảo,,,,SC6100003,FEROGLOBIN B12 CAPSULES (H/30 VIEN),FW2404TA,31/03/2027,87,HỘP,,,"28 móp nhẹ, 13 rách nặng, 3 lỗi lô, 39 móp nặng, 3 rách nhẹ, , 1 dơ",
BBSC-0298-0624,19/06/2024,Hoàn tất,WW,HÀNG NHẬP KHẨU,Vượt Nhiệt độ,91703871,Phòng QA,Hoài,,,BBSC nội bộ,WO1200002,MILGAMMA N INJ 2ML 5.S,40429E,31/03/2027,30640,HỘP,,,Nhiệt độ vượt ngưỡng 8°C,
BBSC-0299-0624,19/06/2024,Hoàn tất,BESIN,HÀNG NHẬP KHẨU,Không đạt Cảm quan,SP1-8101B-2403-00126,Kho Nhập,Trinh,,,,BS1300013,PAPILOCARE EXTERNAL GENITAL GEL (HOP/1 TUYP),W0011,31/07/2027,1,THÙNG,,,Cấn móp,
BBSC-0300-0624,20/06/2024,Hoàn tất,SANOFI,HÀNG TRONG NƯỚC,Không đạt Cảm quan,668,Phòng QA,Phúc,,,,SA1100012,PHOSPHALUGEL 12.38G/20G ORGEL SC26 VN,328596,22/09/2026,7,HỘP,,,móp rách,
BBSC-0300-0624,20/06/2024,Hoàn tất,SANOFI,HÀNG TRONG NƯỚC,Không đạt Cảm quan,668,Phòng QA,Phúc,,,,SA1100009,"ENTEROGERMINA,4BCFU/5ML,SP,BT20,VN",3I198,30/09/2025,6,HỘP,,,móp rách,
BBSC-0301-0624,20/06/2024,Hoàn tất,NUMED,HÀNG NHẬP KHẨU,Không đạt Cảm quan,INV70612,Kho Nhập,Trinh,,,,,TK106362940610,N/A,,7,THÙNG,,,Cấn móp vỏ thùng ngoài,
BBSC-0302-0624,20/06/2024,Hoàn tất,NOVARTIS,HÀNG LÀM DỊCH VỤ,Không đạt Cảm quan,06_06/PXK,Phòng QA,Thảo,,,,NV1300012,VOLTAREN 50MG 10X10,A00ST5,01/01/2026,5,HỘP,,,5 hộp cấn rách,
BBSC-0303-0624,21/06/2024,Hoàn tất,NOVARTIS,HÀNG LÀM DỊCH VỤ,Không đạt Cảm quan,07_06/PXK,Phòng QA,Thảo,,,,NV1300012,VOLTAREN 50MG 10X10,A00ST5,01/01/2026,5,HỘP,,,"01 hộp móp, 01 hop mop rách, 3 hộp rách",
BBSC-0304-0624,24/06/2024,Hoàn tất,NOVARTIS,HÀNG LÀM DỊCH VỤ,Không đạt Cảm quan,07_06/PXK,Phòng QA,Thảo,,,,NV1100095,MYFORTIC 360MG (HOP/120 VIEN),NR7016,31/10/2026,5,HỘP,,,"04 hộp rách, 01 hộp móp rách",
BBSC-0305-0624,24/06/2024,Hoàn tất,HETERO,HÀNG NHẬP KHẨU,Không đạt Cảm quan,"SI9224201786, SI9224201787",Kho Nhập,Trinh,,,,,TK106367753810,N/A,,11,THÙNG,,,móp vỏ thùng ngoài,
BBSC-0306-0624,24/06/2024,Hoàn tất,HYPHENS,HÀNG NHẬP KHẨU,Không đạt Cảm quan,"SI-24-000410, SI-24-000411",Phòng QA,Thảo,,,Chưa scan,HY7300021,ACNE - E - RASE 20ML,WK0324,31/10/2026,2,HỘP,,,02 hộp lõi bao bì,
BBSC-0306-0624,24/06/2024,Hoàn tất,HYPHENS,HÀNG NHẬP KHẨU,Không đạt Cảm quan,"SI-24-000410, SI-24-000411",Phòng QA,Thảo,,,Chưa scan,HY7300012,ULTRA LIGHT HYDRATOR 50G,VD0110,30/09/2026,5,HỘP,,,"2h lỗi bao bì, 2 rách, 1 móp",
BBSC-0307-0624,24/06/2024,Hoàn tất,ASTRAZENECA,HÀNG TRONG NƯỚC,Không đạt Cảm quan,329,Phòng QA,Phúc,,,,AZ1200002,ZOLADEX 3.6 MG DEPOT 1.S,SM512,04/11/2025,1,HỘP,,,Móp cấn trong thùng Sticker xanh dương,
BBSC-0308-0624,25/06/2024,Hoàn tất,HETERO,HÀNG NHẬP KHẨU,Không đạt Cảm quan,"SI9224201786, SI9224201787",Phòng QA,Thảo,,,,HT1100019,SIFE-100 (HOP/ 20 VIEN),SID24017,01/05/2027,33,HỘP,,,"24 h rách, 1 h in lỗi lot, 1h ko lot, 7 h móp",
BBSC-0308-0624,25/06/2024,Hoàn tất,HETERO,HÀNG NHẬP KHẨU,Không đạt Cảm quan,"SI9224201786, SI9224201787",Phòng QA,Thảo,,,,HT1100019,SIFE-100 (HOP/ 20 VIEN),SID24018,01/05/2027,38,HỘP,,,"19 rách, 14 móp, 4 h ko lot, 1 h lỗi lot",
BBSC-0309-0624,25/06/2024,Hoàn tất,BESIN,HÀNG NHẬP KHẨU,Không đạt Cảm quan,SP1-8101B-2403-00126,Phòng QA,Thảo,,,Chưa scan,BS1300013,PAPILOCARE EXTERNAL GENITAL GEL (HOP/1 TUYP),W0011,31/07/2027,1,HỘP,,,01 hộp móp,
BBSC-0310-0624,26/06/2024,Hoàn tất,SANOFI,HÀNG TRONG NƯỚC,Không đạt Cảm quan,498,Phòng QA,Phúc,,,,SA1100036,DEPAKINE 200MG TABEC TB40,4R354,28/02/2027,1,HỘP,,,Móp rách,
BBSC-0311-0624,26/06/2024,Hoàn tất,HYPHENS,HÀNG NHẬP KHẨU,Không đạt Cảm quan,SI-24-000413,Phòng QA,Thảo,,,,HY1100008,PIASCLEDINE TAB 15.S,N170,31/01/2027,122,HỘP,,,"120 h bị đốm trắng, 2 hộp rách(0311-0624)",
BBSC-0311-0624,26/06/2024,Hoàn tất,HYPHENS,HÀNG NHẬP KHẨU,Không đạt Cảm quan,SI-24-000413,Phòng QA,Thảo,,,,HY1100008,PIASCLEDINE TAB 15.S,N172,28/02/2027,10,HỘP,,,"3 rách, 1 lỗi bao bì, 1 móp, 5 dính bẩn(0311-0624)",
BBSC-0312-0624,26/06/2024,Hoàn tất,BESIN,HÀNG NHẬP KHẨU,Không đạt Cảm quan,SD1-8101B-2405-00150,Phòng QA,Thảo,,,,BS1300011,OESTROGEL 0.06% PUMP - PACK 80G 1.S,75632,30/04/2027,72,HỘP,,,"36 mop nặng, 32 nhẹ, 4 rách",
BBSC-0313-0624,26/06/2024,Hoàn tất,NOVARTIS,HÀNG LÀM DỊCH VỤ,Không đạt Cảm quan,08_06/PXK,Phòng QA,Thảo,,,,NV1100092,GLIVEC 100 (HOP 60 VIEN),NV4318,02/04/2026,74,HỘP,,,72 hộp lem mực,
BBSC-0314-0624,26/06/2024,Hoàn tất,SIV,HÀNG NHẬP KHẨU,Vượt Nhiệt độ,9089007461,Phòng QA,Lữ,,,,SI5200001,ENDOPROST 125MCG 1.S-0.5ML,B12824001,16/05/2026,16,THÙNG,,,Vượt nhiệt độ,
BBSC-0315-0624,27/06/2024,Hoàn tất,SANOFI,HÀNG TRONG NƯỚC,Không đạt Cảm quan,714,Phòng QA,Phúc,,,,SA1100012,PHOSPHALUGEL 12.38G/20G ORGEL SC26 VN,328602,29/09/2026,1,HỘP,,,Móp,
BBSC-0316-0624,27/06/2024,Hoàn tất,SANOFI,HÀNG TRONG NƯỚC,Không đạt Cảm quan,713,Phòng QA,Phúc,,,,HL1100006,ACEMUC KIDS 200MG 1G_SC30_VN,EVH0878,04/04/2026,12,HỘP,,,Móp,
BBSC-0317-0624,27/06/2024,Hoàn tất,HETERO,HÀNG NHẬP KHẨU,Không đạt Cảm quan,SI3624000104,Phòng QA,Thảo,,,,HT1200002,COLISTIMETHATE FOR INJECTION USP 150MG/VIAL (HOP/ 1 LO),AS1240003A,03/04/2026,1,HỘP,,,"01 hộp ko lot, date",
BBSC-0318-0624,27/06/2024,Hoàn tất,HYPHENS,HÀNG TRẢ VỀ,Không đạt Cảm quan,N/A,Phòng QA,Khôi,,,,HY1200006,XENETIX 300 (HOP/25 LO x 50ML),22XC009B04,28/02/2025,2,LỌ,,,"01 hộp không có số lô trên niền nhôm.
 01 hộp mất chữ ""EXP"" và ""VISA""",
BBSC-0319-0624,27/06/2024,Hoàn tất,VE PHARMA,HÀNG NHẬP KHẨU,Không đạt Cảm quan,INVEVN/01/06/14,Kho Nhập,Trinh,,,,,TK106378812740,N/A,,3,PALLET,,,03 PALLET hàng bị móp vỏ thùng ngoài,
BBSC-0320-0724,01/07/2024,Hoàn tất,HYPHENS,HÀNG NHẬP KHẨU,Không đạt Cảm quan,SI 24 000386,Phòng QA,Hoài,,,BBSC nội bộ,HY1300044,STERIMAR NOSE HYGIENE BABY 50 ML,FE4014B,31/01/2027,6,HỘP,,,Vỏ hộp bị rách móp trong kiện nguyên,
BBSC-0320-0724,01/07/2024,Hoàn tất,HYPHENS,HÀNG NHẬP KHẨU,Không đạt Cảm quan,SI 24 000386,Phòng QA,Hoài,,,BBSC nội bộ,HY1300044,STERIMAR NOSE HYGIENE BABY 50 ML,FE4023,31/01/2027,2,HỘP,,,Vỏ hộp bị rách móp trong kiện nguyên,
BBSC-0320-0724,01/07/2024,Hoàn tất,HYPHENS,HÀNG NHẬP KHẨU,Không đạt Cảm quan,SI 24 000386,Phòng QA,Hoài,,,BBSC nội bộ,HY1300044,STERIMAR NOSE HYGIENE BABY 50 ML,FE4066,31/03/2027,1,HỘP,,,Vỏ hộp bị rách móp trong kiện nguyên,
BBSC-0321-0724,01/07/2024,Hoàn tất,DANONE,HÀNG TRẢ VỀ,Không đạt Cảm quan,N/A,Kho Nhập,Duyên,,,,DE6100003,THUC PHAM DINH DUONG Y HOC FORTIMEL PROTEIN (HUONG DAU),111337731,06/01/2025,1,CHAI,,,"Sản phẩm tách lớp, phần nước trong tách lớp, nổi lên trên",
BBSC-0322-0724,01/07/2024,Hoàn tất,VE PHARMA,HÀNG NHẬP KHẨU,Không đạt Cảm quan,2506-S17-Air( VEVN/01/06/14),Phòng QA,Thảo,,,,SC6100019,WELLBABY MULTI-VITAMIN LIQUID (CHAI 150ML),40505,31/03/2026,116,HỘP,,,"100 rách nhẹ, 4 móp nhẹ, 5 móp nặng, 4 rách nặng, 3 lõi bao bì",
BBSC-0322-0724,01/07/2024,Hoàn tất,VE PHARMA,HÀNG NHẬP KHẨU,Không đạt Cảm quan,2506-S17-Air( VEVN/01/06/14),Phòng QA,Thảo,,,,SC6100018,"PREGNACARE BREAST-FEEDING (HOP/56 VIEN NEN, 28 VIEN NANG)",PB2412,30/11/2026,60,HỘP,,,"14 rách nặng, 4 trầy bao bì, 8 lỗi lô, 3 ko lô, 10 rách nhẹ, 10 móp nhẹ, 11 móp rách nặng",
BBSC-0323-0724,02/07/2024,Hoàn tất,ASTRAZENECA,HÀNG TRONG NƯỚC,Không đạt Cảm quan,346,Phòng QA,Phúc,,,,AZ1100007,NOLVADEX-D 20 MG TABLETS 3 BLISTERS X 10.S,SF616,17/08/2027,1,HỘP,,,01 hộp móp nặng trong thùng chẵn,
BBSC-0323-0724,02/07/2024,Hoàn tất,ASTRAZENECA,HÀNG TRONG NƯỚC,Không đạt Cảm quan,346,Phòng QA,Phúc,,,,AZ1100007,NOLVADEX 10 MG TABLETS X 3 BLISTERS X 10.S,SN061,10/10/2028,3,HỘP,,,"01 hộp rách phần nắp gài trong thùng chẵn
 02 hộp trầy xước vỏ nắp gài trong thùng chẵn",
BBSC-0324-0724,02/07/2024,Hoàn tất,Dr.Reddy's,HÀNG NHẬP KHẨU,Không đạt Cảm quan,INV9013461622,Kho Nhập,Trinh,,,,,TK106384054820,N/A,,60,THÙNG,,,"Móp, dập,ẩm ướt vỏ thùng ngoài",
BBSC-0325-0724,03/07/2024,Hoàn tất,Dr.Reddy's,HÀNG NHẬP KHẨU,Vượt Nhiệt độ,9013462027,Phòng QA,Phúc,,,,RD1100009,ABIRATRED 250MG 120.S,H2400655,30/04/2026,7,THÙNG,,,Nhiệt độ không đạt,
BBSC-0326-0724,04/07/2024,Hoàn tất,HYPHENS,HÀNG NHẬP KHẨU,Không đạt Cảm quan,SI 24-000439-440,Kho Nhập,Trinh,,,,,TK106394390100,N/A,,7,PALLET,,,"Móp, dập vỏ thùng ngoài",
BBSC-0327-0724,05/07/2024,Hoàn tất,HETERO,HÀNG NHẬP KHẨU,Không đạt Cảm quan,INVSI3624202021,Kho Nhập,Trinh,,,,,TK106394712100,N/A,,3,THÙNG,,,"Móp, dập vỏ thùng ngoài",
BBSC-0328-0724,05/07/2024,Hoàn tất,NOVARTIS,HÀNG LÀM DỊCH VỤ,Không đạt Cảm quan,09-07/PXK,Phòng QA,Thảo,,,,NV1100096,UPERIO 200MG (HOP/28 VIEN),TDUF2,31/12/2026,8,HỘP,,,"07 hộp móp, 01 hộp rách",
BBSC-0329-0724,05/07/2024,Hoàn tất,HYPHENS,HÀNG NHẬP KHẨU,Không đạt Cảm quan,"SI-24-000406,SI-24-000407",Kho Nhập,Trinh,,,,,TK106389124440,N/A,,3,PALLET,,,"Móp, dập vỏ thùng ngoài",
BBSC-0330-0724,05/07/2024,Hoàn tất,HYPHENS,HÀNG NHẬP KHẨU,Vượt Nhiệt độ,SI 24-00439-440,Phòng QA,Phúc,,,,HY1200004,LIPIODOL ULTRA FLUIDE 10ML,24LU601A,31/12/2026,2998,HỘP,,,Nhiệt độ không đạt,
BBSC-0330-0724,05/07/2024,Hoàn tất,HYPHENS,HÀNG NHẬP KHẨU,Vượt Nhiệt độ,SI 24-00439-440,Phòng QA,Phúc,,,,HY1200002,DOTAREM 10 ML,23GD095A01,30/11/2026,15180,HỘP,,,Nhiệt độ không đạt,
BBSC-0331-0724,05/07/2024,Hoàn tất,Dr.Reddy's,HÀNG NHẬP KHẨU,Không đạt Cảm quan,9013462095,Phòng QA,Phúc,,,,RD1200004,PEG-GRAFEEL (H/1 BOM TIEM 0.6ML),N240383C,31/05/2026,486,HỘP,,,AW khác so với cục duyệt,
BBSC-0331-0724,05/07/2024,Hoàn tất,Dr.Reddy's,HÀNG NHẬP KHẨU,Không đạt Cảm quan,9013462095,Phòng QA,Phúc,,,,RD1200004,PEG-GRAFEEL (H/1 BOM TIEM 0.6ML),N240382A,31/05/2026,2264,HỘP,,,AW khác so với cục duyệt,
BBSC-0332-0724,05/07/2024,Hoàn tất,VE PHARMA,HÀNG NHẬP KHẨU,Không đạt Cảm quan,INVVEVN/01/06/20,Kho Nhập,Trinh,,,,,TK106406115910,N/A,,3,PALLET,,,"Móp, dập vỏ thùng ngoài",
BBSC-0333-0724,08/07/2024,Hoàn tất,VE PHARMA,HÀNG NHẬP KHẨU,Không đạt Cảm quan,INVVEVN/01/04/25,Kho Nhập,Trinh,,,,,TK106385931300,N/A,,4,PALLET,,,"Móp, dập vỏ thùng ngoài",
BBSC-0334-0724,08/07/2024,Hoàn tất,Dr.Reddy's,HÀNG NHẬP KHẨU,Không đạt Cảm quan,9013462095,Phòng QA,Thảo,,,Chưa scan,RD1200004,PEG-GRAFEEL (H/1 BOM TIEM 0.6ML),N240382A,31/05/2026,1,HỘP,,,01 hộp rách,
BBSC-0335-0724,08/07/2024,Hoàn tất,HYPHENS,HÀNG NHẬP KHẨU,Không đạt Cảm quan,SI 24-000439-440,Phòng QA,Thảo,,,Chưa scan,HY1200004,LIPIODOL ULTRA FLUIDE 10ML,24LU601A,31/12/2026,3,HỘP,,,"2 h móp, 1 h rách",
BBSC-0336-0724,08/07/2024,Hoàn tất,DAVIPHARM,HÀNG TRONG NƯỚC,Không đạt Cảm quan,HD-DVP/2024/0708,Phòng QA,Phúc,,,,DV1100181,NERAZZU-25 25MG - EU,241214,25/05/2027,11,THÙNG,,,Móp cấn,
BBSC-0337-0724,08/07/2024,Hoàn tất,NOVARTIS,HÀNG LÀM DỊCH VỤ,Không đạt Cảm quan,100724/PXK,Phòng QA,Thảo,,,,NV1100092,GLIVEC 100 (HOP 60 VIEN),NV4318,02/04/2026,316,HỘP,,,"5 hộp rách, 308 h lem mực, 3 h móp",
BBSC-0338-0724,08/07/2024,Hoàn tất,HYPHENS,HÀNG NHẬP KHẨU,Không đạt Cảm quan,SI-24-00406-407,Phòng QA,Phúc,,,,HY7300069,CERADAN GENTLE CLEANSER 1L (SET 2 CHAI),930213,01/02/2025,2,THÙNG,,,Trên nhãn thùng có 2 loại HSD khác nhau,
BBSC-0339-0724,09/07/2024,Hoàn tất,HETERO,HÀNG NHẬP KHẨU,Không đạt Cảm quan,SI3624202021,Phòng QA,Thảo,,,,HT1100031,TADAFIL 20 (HOP/100 VIEN),E241749B,24/04/2026,143,HỘP,,,"100 h móp, 43 h rách",
BBSC-0340-0724,09/07/2024,Hoàn tất,VE PHARMA,HÀNG NHẬP KHẨU,Không đạt Cảm quan,VEVN/01/07/01,Kho Nhập,Trinh,,,,,TK106406946660,N/A,,4,PALLET,,,"Móp, dập vỏ thùng ngoài",
BBSC-0341-0724,09/07/2024,Hoàn tất,VE PHARMA,HÀNG NHẬP KHẨU,Không đạt Cảm quan,0807-S10-Sea(VEVN/01/04/25),Phòng QA,Thảo,,,,SC6100003,FEROGLOBIN B12 CAPSULES (H/30 VIEN),FW2713SA,31/08/2026,26,HỘP,,,"1 móp nặng, 1 rách nặng, 15 móp nhẹ, 9 lỗi lô",
BBSC-0341-0724,09/07/2024,Hoàn tất,VE PHARMA,HÀNG NHẬP KHẨU,Không đạt Cảm quan,0807-S10-Sea(VEVN/01/04/25),Phòng QA,Thảo,,,,SC6100001,OSTEOCARE LIQUID 200ML,40314,28/02/2026,13,HỘP,,,"7 h móp nặng, 4 h lỗi bao bì, 2 rách nhẹ",
BBSC-0341-0724,09/07/2024,Hoàn tất,VE PHARMA,HÀNG NHẬP KHẨU,Không đạt Cảm quan,0807-S10-Sea(VEVN/01/04/25),Phòng QA,Thảo,,,,SC6100019,WELLBABY MULTI-VITAMIN LIQUID (CHAI 150ML),40372,28/02/2026,3,HỘP,,,"1 h rách nặng, 2 lỗi lô",
BBSC-0342-0724,10/07/2024,Hoàn tất,NOVARTIS,HÀNG LÀM DỊCH VỤ,Không đạt Cảm quan,110724/PXK,Phòng QA,Thảo,,,,NV1100092,GLIVEC 100 (HOP 60 VIEN),NV4318,02/04/2026,201,HỘP,,,"198 hộp lem mực, 2 h rách, 1 h móp",
BBSC-0343-0724,11/07/2024,Hoàn tất,BESIN,HÀNG NHẬP KHẨU,Vượt Nhiệt độ,SP1-8101B-2406-00054 & SP1-8101B-2406-00065,Phòng QA,Phúc,,,,BS1400001,PAPILOCARE (21 CANNULAS X 5ML),W0291,31/10/2027,3410,HỘP,,,Nhiệt độ không đạt,
BBSC-0343-0724,11/07/2024,Hoàn tất,BESIN,HÀNG NHẬP KHẨU,Vượt Nhiệt độ,SP1-8101B-2406-00054 & SP1-8101B-2406-00065,Phòng QA,Phúc,,,,BS1400001,PAPILOCARE (21 CANNULAS X 5ML),W0301,31/10/2027,4250,HỘP,,,Nhiệt độ không đạt,
BBSC-0343-0724,11/07/2024,Hoàn tất,BESIN,HÀNG NHẬP KHẨU,Vượt Nhiệt độ,SP1-8101B-2406-00054 & SP1-8101B-2406-00065,Phòng QA,Phúc,,,,BS1400001,PAPILOCARE (21 CANNULAS X 5ML),W0311,30/11/2027,1751,HỘP,,,Nhiệt độ không đạt,
BBSC-0343-0724,11/07/2024,Hoàn tất,BESIN,HÀNG NHẬP KHẨU,Vượt Nhiệt độ,SP1-8101B-2406-00054 & SP1-8101B-2406-00065,Phòng QA,Phúc,,,,BS1300010,PAPILOCARE (7 CANNULAS X 5ML),W0221,31/10/2027,4992,HỘP,,,Nhiệt độ không đạt,
BBSC-0344-0724,11/07/2024,Hoàn tất,VE PHARMA,HÀNG NHẬP KHẨU,Không đạt Cảm quan,0807-S18-Air(VEVN/01/06/20),Phòng QA,Thảo,,,,SC6100003,FEROGLOBIN B12 CAPSULES (H/30 VIEN),FW2402PA,31/01/2027,34,HỘP,,,"12 h rách nhẹ, 03 h móp mặng, 18 móp nhẹ, 1 rách nặng,",
BBSC-0345-0724,11/07/2024,Hoàn tất,BESIN,HÀNG NHẬP KHẨU,Không đạt Cảm quan,SD1/SP1-8101B-2406-00054/65,Kho Nhập,Trinh,,,,,TK106410823850,N/A,,9,PALLET,,,"Móp, rách vỏ thùng ngoài",
BBSC-0346-0724,12/07/2024,Hoàn tất,GETZ,HÀNG NHẬP KHẨU,Không đạt Cảm quan,300/301/302/2024,Kho Nhập,Trinh,Phúc,,,GZ1106002,MEBEVER MR 200MG CAPS 10.S,202C31,10/10/2026,48,HỘP,,,"Móp, rách vỏ hộp ngoài",
BBSC-0346-0724,12/07/2024,Hoàn tất,GETZ,HÀNG NHẬP KHẨU,Không đạt Cảm quan,300/301/302/2024,Kho Nhập,Trinh,Phúc,,,GZ1101025,VILGET TABLETS 50MG 28.S,210T74,05/03/2026,11,HỘP,,,"Móp, rách vỏ hộp ngoài",
BBSC-0347-0724,12/07/2024,Khởi tạo,ALLEVIARE,HÀNG NHẬP KHẨU,Không đạt Cảm quan,EXP22/2024-25,Phòng QA,Phúc,,,,AV1300027,ESOJAY 15G (HOP/ 1 TUYP),F442,23/06/2027,4,HỘP,,,Móp cấn hộp,
BBSC-0348-0724,12/07/2024,Hoàn tất,VE PHARMA,HÀNG NHẬP KHẨU,Không đạt Cảm quan,0907-S20-Air,Team ĐGC2,Như,Thảo,,,SC6100019,WELLBABY MULTI-VITAMIN LIQUID (CHAI 150ML),40812,30/04/2026,452,HỘP,,,"4 lỗi lô, 3 rách nặng, 4 dính bẩn, 1 móp nặng, 440 h móp chữ C",
BBSC-0349-0724,15/07/2024,Hoàn tất,BESIN,HÀNG NHẬP KHẨU,Không đạt Cảm quan,SD1/SP1-8101B-2406-00054/65,Phòng QA,Lữ,,,,BS1400001,PAPILOCARE (21 CANNULAS X 5ML),W0291,31/10/2027,5,HỘP,,,"04 HỘP Ố, 01 HỘP KHÔNG LOT DATE",
BBSC-0349-0724,15/07/2024,Hoàn tất,BESIN,HÀNG NHẬP KHẨU,Không đạt Cảm quan,SD1/SP1-8101B-2406-00054/65,Phòng QA,Lữ,,,,BS1400001,PAPILOCARE (21 CANNULAS X 5ML),W0301,31/10/2027,1,HỘP,,,CHẢY,
BBSC-0349-0724,15/07/2024,Hoàn tất,BESIN,HÀNG NHẬP KHẨU,Không đạt Cảm quan,SD1/SP1-8101B-2406-00054/65,Phòng QA,Lữ,,,,BS1400001,PAPILOCARE (21 CANNULAS X 5ML),W0311,30/11/2027,2,HỘP,,,Ố,
BBSC-0349-0724,15/07/2024,Hoàn tất,BESIN,HÀNG NHẬP KHẨU,Không đạt Cảm quan,SD1/SP1-8101B-2406-00054/65,Phòng QA,Lữ,,,,BS1300010,PAPILOCARE (7 CANNULAS X 5ML),W0221,31/10/2027,1,HỘP,,,Ố,
BBSC-0350-0724,15/07/2024,Hoàn tất,DAVIPHARM,CN. HÀ NỘI (Điều chuyển),Không đạt Cảm quan,HĐ 43438,Kho Nhập,Yến,,,,,N/A,N/A,,51,THÙNG,,,"Móp, rách ,dơ bẩn thùng ngoài",
BBSC-0351-0724,15/07/2024,Hoàn tất,VE PHARMA,HÀNG NHẬP KHẨU,Không đạt Cảm quan,0807-S10-Sea(VEVN/01/04/25),Phòng QA,Lữ,,,,SC6100001,OSTEOCARE LIQUID 200ML,40314,28/02/2026,56,HỘP,,,"24 HỘP MÓP NẶNG, 08 HỘP MÓP RÁCH NẶNG, 24 HỘP MÓP NHẸ",
BBSC-0351-0724,15/07/2024,Hoàn tất,VE PHARMA,HÀNG NHẬP KHẨU,Không đạt Cảm quan,0807-S10-Sea(VEVN/01/04/25),Phòng QA,Lữ,,,,SC6100003,FEROGLOBIN B12 CAPSULES (H/30 VIEN),FW2713SA,31/08/2026,141,HỘP,,,"06 MÓP NẶNG, 01 RÁCH NẶNG + 10 LỖI LÔ, 5 MÓP NHẸ, 5 MÓP NẶNG, 2 RÁCH NẶNG, 1 LỖI BAO BÌ + 24 LỖI LÔ, 7 MÓP NHẸ, 15 RÁCH, 5 MÓP NẶNG, 3 MÂT LOT, 3 NHÒE LOT + 15 MÓP NHẸ, 1 LỖI LOT, 4 RÁCH, 2 MẤT LOT, 1 MÓP NẶNG + 3 hộp lỗi bao bì (đường gạch), 2 lỗi lot date, 11 móp nhẹ, 8 rách, 6 móp nặng, 2 nhòe lot date",
BBSC-0352-0724,16/07/2024,Hoàn tất,ASTRAZENECA,HÀNG TRONG NƯỚC,Không đạt Cảm quan,370,Phòng QA,Phúc,,,,AZ1200002,ZOLADEX 3.6 MG DEPOT 1.S,SM512,04/11/2025,2,HỘP,,,Móp trong thùng chẵn,
BBSC-0353-0724,16/07/2024,Hoàn tất,HYPHENS,HÀNG NHẬP KHẨU,Không đạt Cảm quan,"SI-24-000406,SI-24-000407",Phòng QA,Lữ,,,,HY7300070,CERADAN GENTLE CLEANSER 1L,930215,28/02/2025,1,CHAI,,,1 MÓP,
BBSC-0353-0724,16/07/2024,Hoàn tất,HYPHENS,HÀNG NHẬP KHẨU,Không đạt Cảm quan,"SI-24-000406,SI-24-000407",Phòng QA,Lữ,,,,HY7300070,CERADAN GENTLE CLEANSER 1L,930216,28/02/2025,3,CHAI,,,3 KHÔNG STICKER,
BBSC-0353-0724,16/07/2024,Hoàn tất,HYPHENS,HÀNG NHẬP KHẨU,Không đạt Cảm quan,"SI-24-000406,SI-24-000407",Phòng QA,Lữ,,,,HY7300069,CERADAN GENTLE CLEANSER 1L (SET 2 CHAI),930213,28/02/2025,2,CHAI,,,2 KHÔNG STICKER,
BBSC-0354-0724,17/07/2024,Hoàn tất,VE PHARMA,HÀNG NHẬP KHẨU,Không đạt Cảm quan,VEVN/01/07/03,Kho Nhập,Trinh,,,,,TK106427432200,N/A,,6,PALLET,,,06 PALLET bị móp vỏ thùng,
BBSC-0355-0724,18/07/2024,Hoàn tất,VE PHARMA,HÀNG NHẬP KHẨU,Không đạt Cảm quan,1707-S21-Air(VEVN 01-07-03),Phòng QA,Lữ,,,,SC6100002,FEROGLOBIN B12 LIQUID 200ML,40815,30/04/2026,10,HỘP,,,"3 MÓP NHẸ, 7 RÁCH",
BBSC-0356-0724,18/07/2024,Hoàn tất,ASTRAZENECA,HÀNG TRONG NƯỚC,Không đạt Cảm quan,374,Phòng QA,Phúc,,,,AZ1100025,PLENDIL PLUS 5/50 MG PROLONGED-RELEASE TABLET BOTTLE 30.S,MAPN,07/03/2027,2,HỘP,,,Móp nặng trong thùng chẵn,
BBSC-0356-0724,18/07/2024,Hoàn tất,ASTRAZENECA,HÀNG TRONG NƯỚC,Không đạt Cảm quan,374,Phòng QA,Phúc,,,,AZ1200002,ZOLADEX 3.6 MG DEPOT 1.S,SM512,04/11/2025,1,HỘP,,,Móp rách trong thùng chẵn,
BBSC-0357-0724,19/07/2024,Hoàn tất,HYPHENS,HÀNG NHẬP KHẨU,Không đạt Cảm quan,SI-24-000463,Kho Nhập,Trinh,,,,,TK106432190650,N/A,,8,PALLET,,,Móp vỏ thùng ngoài,
BBSC-0358-0724,19/07/2024,Hoàn tất,HYPHENS,HÀNG NHẬP KHẨU,Vượt Nhiệt độ,SI-24-000463,Phòng QA,Phúc,,,,HY1300022,CETRAXAL (H/15 ONG),V807,31/03/2026,18652,HỘP,,,Nhiệt độ không đạt,
BBSC-0359-0724,22/07/2024,Hoàn tất,HETERO,HÀNG NHẬP KHẨU,Không đạt Cảm quan,SI3624202498,Kho Nhập,Trinh,,,,,TK106435524640,N/A,,43,THÙNG,,,Móp vỏ thùng ngoài,
BBSC-0360-0724,22/07/2024,Hoàn tất,VE PHARMA,CN. ĐÀ NẴNG (Điều chuyển),Không đạt Cảm quan,PXK 45,Kho Nhập,Yến,,,,SC6100004,OSTEOCARE (H/30 VIEN),OT2203P,31/01/2026,60,HỘP,,,MÓP,
BBSC-0360-0724,22/07/2024,Hoàn tất,VE PHARMA,CN. ĐÀ NẴNG (Điều chuyển),Không đạt Cảm quan,PXK 45,Kho Nhập,Yến,,,,SC6100001,OSTEOCARE LIQUID 200ML,30166,31/01/2025,107,HỘP,,,MÓP,
BBSC-0360-0724,22/07/2024,Hoàn tất,VE PHARMA,CN. ĐÀ NẴNG (Điều chuyển),Không đạt Cảm quan,PXK 45,Kho Nhập,Yến,,,,SC6100001,OSTEOCARE LIQUID 200ML,30590,31/03/2025,48,HỘP,,,MÓP,
BBSC-0360-0724,22/07/2024,Hoàn tất,VE PHARMA,CN. ĐÀ NẴNG (Điều chuyển),Không đạt Cảm quan,PXK 45,Kho Nhập,Yến,,,,SC6100017,WELLKID MULTI-VITAMIN LIQUID (CHAI/150ML),30477,28/02/2025,34,HỘP,,,MÓP,
BBSC-0361-0724,22/07/2024,Hoàn tất,HYPHENS,HÀNG NHẬP KHẨU,Không đạt Cảm quan,SI-24-000463,Phòng QA,Phúc,,,,HY1300022,CETRAXAL (H/15 ONG),V807,31/03/2026,16,HỘP,,,"2H rách, 2H móp rách, 2H móp nhẹ, 3H móp cạnh, 7H móp nặng",
BBSC-0362-0724,23/07/2024,Hoàn tất,HYPHENS,HÀNG NHẬP KHẨU,Sai số lượng,"SI 24 000429, SI 24 000432",Phòng QA,Hoài,,,BBSC nội bộ,HY1300044,STERIMAR NOSE HYGIENE BABY 50 ML,FE4081B,31/03/2027,6,HỘP,,,Thiếu trong kiện nguyên,
BBSC-0362-0724,23/07/2024,Hoàn tất,HYPHENS,HÀNG NHẬP KHẨU,Sai số lượng,"SI 24 000429, SI 24 000432",Phòng QA,Hoài,,,BBSC nội bộ,HY1300044,STERIMAR NOSE HYGIENE BABY 50 ML,FE4066B,31/03/2027,4,HỘP,,,Rách vỏ hộp trong kiện nguyên,
BBSC-0362-0724,23/07/2024,Hoàn tất,HYPHENS,HÀNG NHẬP KHẨU,Sai số lượng,"SI 24 000429, SI 24 000432",Phòng QA,Hoài,,,BBSC nội bộ,HY1300049,STERIMAR BLOCKED NOSE 50 ML,FE4087B,31/03/2027,2,HỘP,,,Thiếu trong kiện nguyên,
BBSC-0362-0724,23/07/2024,Hoàn tất,HYPHENS,HÀNG NHẬP KHẨU,Sai số lượng,"SI 24 000429, SI 24 000432",Phòng QA,Hoài,,,BBSC nội bộ,HY1300049,STERIMAR BLOCKED NOSE 50 ML,FE4088,31/03/2027,4,HỘP,,,"3h thiếu trong kiện nguyên, 1h Rách vỏ hộp trong kiện nguyên",
BBSC-0363-0724,23/07/2024,Hoàn tất,HETERO,HÀNG NHẬP KHẨU,Không đạt Cảm quan,SI3624202498,Phòng QA,Phúc,,,,BS1300009,EZETIMIBE TABLETS 10MG (HOP/70 VIEN),E241930A,14/05/2026,56,HỘP,,,"6H móp nhẹ, 2H móp rách, 1H lỗi in lot date, 47H móp nặng",
BBSC-0364-0724,23/07/2024,Hoàn tất,BESIN,HÀNG NHẬP KHẨU,Không đạt Cảm quan,SD1-8101B-2407-00034,Phòng QA,Phúc,,,Chưa scan,BS1300011,OESTROGEL 0.06% PUMP - PACK 80G 1.S,75645,30/04/2027,70,HỘP,,,Móp,
BBSC-0365-0724,23/07/2024,Hoàn tất,VE PHARMA,HÀNG NHẬP KHẨU,Không đạt Cảm quan,1907-S12-Sea (VEVN 01-04-09),Phòng QA,Phúc,,,,SC6100018,"PREGNACARE BREAST-FEEDING (HOP/56 VIEN NEN, 28 VIEN NANG)",PB2408,31/10/2026,26,HỘP,,,"1H dính mực in
 1H móp
 2H trầy rách bao bì
 3H có vết nhăn >5mm
 2H móp góc nhẹ
 13H rách
 4H lot date in sai vị trí
 (Tổng 26H - LPN007146)",
BBSC-0366-0724,23/07/2024,Hoàn tất,VE PHARMA,HÀNG NHẬP KHẨU,Không đạt Cảm quan,0807-S18-Air (VEVN/01/06/20),Phòng QA,Phúc,,,,SC6100003,FEROGLOBIN B12 CAPSULES (H/30 VIEN),FW2402PA,31/01/2027,160,HỘP,,,"Ngày 22/07/2024: phát hiện 02 hộp in lỗi lot date, 25 hộp móp nặng, 12 hộp móp vừa, 02 hộp móp nhẹ, 05 hộp rách
 Ngày 23/07/2024: phát hiện 25 hộp móp vừa, 11 hộp móp nhẹ, 06 hộp rách, 13 hộp lỗi in lot date
 Ngày 24/07/2024: phát hiện 19 hộp móp vừa, 01 hộp móp nhẹ, 01 hộp rách, 01 hộp lỗi in lot date
 Ngày 25/07/2024: phát hiện 23 hộp móp vừa, 04 hộp móp nhẹ, 05 hộp rách, 05 hộp lỗi in lot date.",
BBSC-0367-0724,23/07/2024,Hoàn tất,HETERO,HÀNG NHẬP KHẨU,Không đạt Cảm quan,SI3624202580,Kho Nhập,Trinh,,,,,TK106445571410,N/A,,8,THÙNG,,,Móp vỏ thùng ngoài,
BBSC-0368-0724,24/07/2024,Hoàn tất,VE PHARMA,HÀNG NHẬP KHẨU,Không đạt Cảm quan,1907-S12-Sea (VEVN 01-04-09),Phòng QA,Phúc,,,,SC6100002,FEROGLOBIN B12 LIQUID 200ML,40426,28/02/2026,21,HỘP,,,21H rách,
BBSC-0369-0724_NỘI BỘ,25/07/2024,Hoàn tất,BESIN,HÀNG NHẬP KHẨU,Không đạt Cảm quan,SD1-8101B-2405-00034,Kho Nhập,Như,,,BBSC nội bộ,BS1100002,UTROGESTAN 200MG,241367,01/02/2027,8,PALLET,,,"Hàng bị MỐC, ẩm ướt, mềm.
 Thiết bị đi kèm bị lỗi
 => KHÔNG NHẬN HÀNG NÀY",
BBSC-0370-0724,25/07/2024,Hoàn tất,VE PHARMA,HÀNG NHẬP KHẨU,Không đạt Cảm quan,1707-S21-Air(VEVN 01-07-03),Phòng QA,Phúc,,,,SC6100002,FEROGLOBIN B12 LIQUID 200ML,40815,30/04/2026,3,HỘP,,,3H rách (22/07/2024) (LPN: LPN007137),
BBSC-0371-0724,25/07/2024,Hoàn tất,VE PHARMA,HÀNG NHẬP KHẨU,Không đạt Cảm quan,2407-S14-Sea (VEVN 01-05-27),Phòng QA,Phúc,,,,SC6100019,WELLBABY MULTI-VITAMIN LIQUID (CHAI 150ML),40505,31/03/2026,114,HỘP,,,"111H rách góc >2mm, 2H móp, 1H rách",
BBSC-0372-0724,25/07/2024,Khởi tạo,VE PHARMA,HÀNG NHẬP KHẨU,Không đạt Cảm quan,0807-S10-Sea (VEVN 01-04-25),Phòng QA,Phúc,,,,SC6100001,OSTEOCARE LIQUID 200ML,40314,28/02/2026,22,HỘP,,,"4 hộp móp nặng
 8 hộp móp vừa
 6 hộp móp nhẹ
 4 hộp rách
 (Tổng 22H)",
BBSC-0373-0724,25/07/2024,Hoàn tất,ASTRAZENECA,HÀNG TRONG NƯỚC,Không đạt Cảm quan,383,Phòng QA,Lữ,,,,AZ1200002,ZOLADEX 3.6 MG DEPOT 1.S,SM512,04/11/2025,1,HỘP,,,MÓP RÁCH trong thùng chẵn,
BBSC-0373-0724,25/07/2024,Hoàn tất,ASTRAZENECA,HÀNG TRONG NƯỚC,Không đạt Cảm quan,383,Phòng QA,Lữ,,,,AZ1100011,NOLVADEX 10 MG TABLETS X 3 BLISTERS X 10.S,SF616,17/08/2027,1,HỘP,,,MÓP RÁCH trong thùng chẵn,
BBSC-0374-0724,26/07/2024,Hoàn tất,HETERO,HÀNG NHẬP KHẨU,Không đạt Cảm quan,SI9224202817,Kho Nhập,Trinh,,,,,TK106452515960,N/A,,13,THÙNG,,,"Ẩm ướt,móp vỏ thùng ngoài",
BBSC-0375-0724,26/07/2024,Hoàn tất,CPC1,HÀNG TRONG NƯỚC,Không đạt Cảm quan,8772,Kho Nhập,Trinh,Vy,,,HY1200001,"CUROSURF 120MG/1,5ML (H/1LO X 1,5ML)",1193212,02/10/2025,3,HỘP,,,MÓP RÁCH,
BBSC-0376-0724,26/07/2024,Hoàn tất,HETERO,HÀNG NHẬP KHẨU,Không đạt Cảm quan,SI3624202580,Phòng QA,Phúc,,,,HT1100030,TADAFIL 10 (HOP/100 VIEN),E242007,23/04/2026,78,HỘP,,,"70 hộp rách góc
 03 hộp móp nhẹ
 04 hộp móp nặng
 01 hộp có đốm đen",
BBSC-0377-0724,26/07/2024,Hoàn tất,VE PHARMA,HÀNG NHẬP KHẨU,Không đạt Cảm quan,0807-S18-Air (VEVN/01/06/20),Phòng QA,Phúc,,,,SC6100003,FEROGLOBIN B12 CAPSULES (H/30 VIEN),FW2402PA,31/01/2027,11,HỘP,,,"04 hộp móp nhẹ
 05 hộp móp vừa
 01 hộp rách cấn vỏ hộp
 01 hộp rách",
BBSC-0378-0724,26/07/2024,Hoàn tất,HETERO,HÀNG NHẬP KHẨU,Không đạt Cảm quan,SI3624202580,Phòng QA,Phúc,,,,HT1100030,TADAFIL 10 (HOP/100 VIEN),E242006,23/04/2026,2,HỘP,,,"1 hộp lốm đốm bao bì, 1 hộp móp",
BBSC-0379-0724,26/07/2024,Hoàn tất,VE PHARMA,HÀNG NHẬP KHẨU,Không đạt Cảm quan,1907-S12-Sea (VEVN 01-04-09),Phòng QA,Phúc,,,,SC6100018,"PREGNACARE BREAST-FEEDING (HOP/56 VIEN NEN, 28 VIEN NANG)",PB2408,31/10/2026,90,HỘP,,,"02 hộp ố vàng
 04 hộp móp nhẹ
 06 hộp móp vừa
 09 hộp lỗi in lot date
 12 hộp rách nặng
 25 hộp rách nhẹ
 31 hộp rách vừa
 01 hộp móp nặng",
BBSC-0380-0724,29/07/2024,Hoàn tất,BESIN,HÀNG NHẬP KHẨU,Vượt Nhiệt độ,SD1-8101B-1405-00101,Phòng QA,Lữ,,,,BS1300001,PROGESTOGEL 1% 80G,312,01/12/2026,7,PALLET,,,"Thiết bị không ghi nhận dữ liệu
 Bao bì khác Cục duyệt",
BBSC-0381-0724,29/07/2024,Hoàn tất,HETERO,HÀNG NHẬP KHẨU,Không đạt Cảm quan,SI9224202679 - SI9224202680,Phòng QA,Phúc,,,,HT1100027,OLAN 5 (HOP/30 VIEN),FD240439,28/05/2026,9,HỘP,,,"1H rách, 1H dơ, 7H móp",
BBSC-0382-0724,29/07/2024,Hoàn tất,BESIN,HÀNG NHẬP KHẨU,Không đạt Cảm quan,SD1-8101B-2407-00091,Kho Nhập,Vang,,,,,TK106453178900,N/A,,1,PALLET,,,"Móp, dập vỏ thùng ngoài",
BBSC-0383-0724,29/07/2024,Hoàn tất,BESIN,HÀNG NHẬP KHẨU,Vượt Nhiệt độ,SD1-8101B-2407-00091,Phòng QA,Thảo,,,,BS1100002,UTROGESTAN 200MG,242725,30/04/2027,18,PALLET,,,nhiệt độ không đạt,
BBSC-0384-0724,29/07/2024,Hoàn tất,Dr.Reddy's,HÀNG NHẬP KHẨU,Không đạt Cảm quan,9013461622,Team ĐGC2,Như,Phúc,,Chưa scan,RD1100004,STAMLO 5 (H/2VI X 10VIEN),B2401691,30/04/2026,128,HỘP,,,"09 hộp móp, 04 hộp rách, 115 hộp ố màu",
BBSC-0384-0724,29/07/2024,Hoàn tất,Dr.Reddy's,HÀNG NHẬP KHẨU,Không đạt Cảm quan,9013461622,Team ĐGC2,Như,Phúc,,Chưa scan,RD1100004,STAMLO 5 (H/2VI X 10VIEN),B2401692,30/04/2026,11,HỘP,,,"3 hộp móp, 4 hộp nhòe lot, date, 4 hộp rách",
BBSC-0385-0724,29/07/2024,Hoàn tất,VE PHARMA,HÀNG NHẬP KHẨU,Không đạt Cảm quan,1907-S12-Sea (VEVN 01-04-09),Phòng QA,Phúc,,,,SC6100018,"PREGNACARE BREAST-FEEDING (HOP/56 VIEN NEN, 28 VIEN NANG)",PB2408,31/10/2026,13,HỘP,,,"1H lỗi in bao bì
 2H móp góc nhẹ
 1H móp nhẹ
 1H móp vừa
 1H rách góc nhẹ
 6H rách vừa
 1H rách phần nắp gài",
BBSC-0386-0724,30/07/2024,Hoàn tất,VE PHARMA,HÀNG NHẬP KHẨU,Không đạt Cảm quan,2407-S14-Sea (VEVN 01-05-27),Phòng QA,Phúc,,,,SC6100019,WELLBABY MULTI-VITAMIN LIQUID (CHAI 150ML),40505,31/03/2026,102,HỘP,,,"1H móp
 101H rách góc >2mm
 (LPN007205 or LPN007190)",
BBSC-0387-0724,30/07/2024,Hoàn tất,HYPHENS,HÀNG NHẬP KHẨU,Không đạt Cảm quan,SI-24-000308,Kho Nhập,Trinh,,,,,TK106456911740,N/A,,5,PALLET,,,Móp vỏ thùng ngoài,
BBSC-0389-0724_NỘI BỘ,30/07/2024,Hoàn tất,DAVIPHARM,HÀNG TRẢ VỀ,Không đạt Cảm quan,716047,Kho Nhập,Trinh,,,Bỏ BBSC,DV1100213,LAFAXOR 75MG (HOP/30VIEN) - EU,232448,17/11/2026,2,HỘP,,,"móp, mất seal",
BBSC-0389-0724_NỘI BỘ,30/07/2024,Hoàn tất,DAVIPHARM,HÀNG TRẢ VỀ,Không đạt Cảm quan,716047,Kho Nhập,Trinh,,,Bỏ BBSC,DV1100181,NERAZZU-25 25MG - EU,240157,18/01/2027,1,HỘP,,,"móp, mất seal",
BBSC-0389-0724_NỘI BỘ,30/07/2024,Hoàn tất,DAVIPHARM,HÀNG TRẢ VỀ,Không đạt Cảm quan,716047,Kho Nhập,Trinh,,,Bỏ BBSC,DV1100166,JAVIEL (HOP/60VIEN) - EU,240116,16/01/2027,4,HỘP,,,"móp, mất seal",
BBSC-0390-0724,30/07/2024,Hoàn tất,GETZ,HÀNG NHẬP KHẨU,Sai số lượng,GETZ/VIET/403/2024,Phòng QA,Hoài,,,BBSC nội bộ,GZ1205004,DIAMISU-70+30 100IU/ML INJ,165PA7,31/07/2026,6,HỘP,,,Thiếu trong kiện nguyên,
BBSC-0391-0724,30/07/2024,Hoàn tất,VE PHARMA,HÀNG NHẬP KHẨU,Không đạt Cảm quan,0807-S10-Sea (VEVN 01-04-25),Phòng QA,Phúc,,,,SC6100001,OSTEOCARE LIQUID 200ML,40314,28/02/2026,74,HỘP,,,"2 hộp rách nặng 
 4 hộp rách nhẹ
 4 hộp rách vừa
 9 hộp móp góc
 11 hộp móp vừa
 12 hộp móp đáy
 28 hộp trầy bao bì
 1 hộp rách góc
 3 hộp rách nắp gài
 (LPN007192)",
BBSC-0392-0724,30/07/2024,Hoàn tất,BESIN,HÀNG NHẬP KHẨU,Không đạt Cảm quan,SD1-8101B-2405-00101,Phòng QA,Phúc,,,,BS1300001,PROGESTOGEL 1% 80G,312,31/12/2026,107,HỘP,,,"3 hộp rách
 44 hộp mờ lot date
 2 hộp lỗi bao bì
 7 hộp móp
 12 hộp móp rách nặng
 16 hộp trầy vỏ
 (LPN007206 or LPN007195)",
BBSC-0393-0724,30/07/2024,Hoàn tất,BESIN,HÀNG NHẬP KHẨU,Không đạt Cảm quan,SD1-8101B-2407-00091,Phòng QA,Phúc,,,Chưa scan,BS1100002,UTROGESTAN 200MG,242725,30/04/2027,29,HỘP,,,"1 Hộp có vết mực xanh, 2 Hộp móp
 10 Hộp móp rách nặng
 1 Hộp rách
 1 Hộp rách lot date
 03 hộp móp phần nắp gài, 01 hộp không rõ lot, date, 
 04 rách nặng, 06 rách nhẹ",
BBSC-0394-0724,30/07/2024,Hoàn tất,VE PHARMA,HÀNG NHẬP KHẨU,Không đạt Cảm quan,1907-S12-Sea (VEVN 01-04-09),Phòng QA,Phúc,,,,SC6100018,"PREGNACARE BREAST-FEEDING (HOP/56 VIEN NEN, 28 VIEN NANG)",PB2408,31/10/2026,39,HỘP,,,"2 hộp lỗi in lot date
 5 hộp móp góc nặng 
 2 hộp móp góc nhẹ
 5 hộp móp nhẹ
 14 hộp móp nặng
 2 hộp rách nhẹ
 9 hộp rách có nếp gấp
 (LPN007191)",
BBSC-0395-0724,30/07/2024,Hoàn tất,VE PHARMA,HÀNG NHẬP KHẨU,Không đạt Cảm quan,0907-S20-Air (VEVN 01-07-01),Phòng QA,Phúc,,,,SC6100003,FEROGLOBIN B12 CAPSULES (H/30 VIEN),FW2402PA,31/01/2027,83,HỘP,,,"Ngày 30/07/2024 phát hiện: 1 hộp lỗi in lot date, 9 hộp móp nặng, 6 hộp móp nhẹ, 15 hộp rách nhẹ (tổng 31 hộp),
 Ngày 31/07/2024 phát hiện: 1 hộp dơ, 1 hộp không lot date, 18 hộp móp nặng, 2 hộp móp nhẹ, 3 hộp rách nặng, 2 hộp rách nhẹ (tổng 27 hộp)
 Ngày 01/08/2024 phát hiện: 1 hộp có nếp gấp, 4 hộp lỗi in lot date, 3 hộp móp góc, 6 hộp móp nặng, 3 hộp móp nhẹ, 1 hộp rách nặng, 1 hộp trầy bao bì (tổng 19 hộp)
 Ngày 02/08/2024 phát hiện: 2 hộp lỗi in lot date, 3 hộp móp góc, 1 hộp móp nặng (tổng 6 hộp)",
BBSC-0396-0724,31/07/2024,Hoàn tất,VE PHARMA,HÀNG NHẬP KHẨU,Không đạt Cảm quan,1907-S12-Sea (VEVN 01-04-09),Phòng QA,Phúc,,,,SC6100002,FEROGLOBIN B12 LIQUID 200ML,40426,28/02/2026,41,HỘP,,,"16 hộp dính bẩn
 4 hộp không nắp
 1 hộp lỗi bao bì
 3 hộp móp góc
 2 hộp móp nặng
 3 hộp rách góc nhẹ
 12 hộp rách nặng",
BBSC-0397-0724,31/07/2024,Hoàn tất,ALLEVIARE,HÀNG NHẬP KHẨU,Không đạt Cảm quan,EXP23/2024-25,Kho Nhập,Trinh,,,,AV1300027,ESOJAY 15G (HOP/ 1 TUYP),F442,23/06/2027,6,HỘP,,,"5 hộp móp, 1 hộp dơ",
BBSC-0398-0824,01/08/2024,Hoàn tất,Dr.Reddy's,HÀNG NHẬP KHẨU,Vượt Nhiệt độ,9013464810,Phòng QA,Thảo,,,,RD1200013,WINDUZA (H/1 LO),H240448,30/04/2026,1,PALLET,,,nhiệt độ không đạtmin: 17.0°C - max: 33.6°C,
BBSC-0399-0824,01/08/2024,Hoàn tất,HYPHENS,HÀNG NHẬP KHẨU,Không đạt Cảm quan,SI-24-000499/500/501,Kho Nhập,Trinh,,,,,TK106464563660,N/A,,3,PALLET,,,Móp vỏ thùng ngoài,
BBSC-0400-0824,02/08/2024,Hoàn tất,ASCENCIA,HÀNG NHẬP KHẨU,Không đạt Cảm quan,SG00001148,Kho Nhập,Trinh,,,,,TK106454338320,N/A,,6,PALLET,,,Móp vỏ thùng ngoài,
BBSC-0401-0824,02/08/2024,Hoàn tất,HYPHENS,HÀNG NHẬP KHẨU,Không đạt Cảm quan,SI-24-000308,Team ĐGC2,Như,Phúc,,,HY6100001,OCEAN HEALTH BICOLD TM IMMUNE SUPPORT FOR KID 120ML,FY517,31/03/2026,22,HỘP,,,"7 hộp móp
 2 hộp rách
 13 hộp lỗi bao bì",
BBSC-0402-0824,05/08/2024,Hoàn tất,DANONE,HÀNG NHẬP KHẨU,Không đạt Cảm quan,8030445521,Team ĐGC2,Như,Thảo,,Chưa scan,DE6100002,THUC PHAM DINH DUONG Y HOC FORTIMEL PROTEIN (HUONG VANI),111364284,28/03/2025,4,CHAI,,,04 chai móp,
BBSC-0403-0824,05/08/2024,Hoàn tất,ASTRAZENECA,HÀNG TRONG NƯỚC,Không đạt Cảm quan,393,Phòng QA,Phúc,,,,AZ1100007,NOLVADEX-D 20 MG TABLETS 3 BLISTERS X 10.S,SN505,29/11/2028,4,HỘP,,,Dính băng keo trong thùng chẵn,
BBSC-0403-0824,05/08/2024,Hoàn tất,ASTRAZENECA,HÀNG TRONG NƯỚC,Không đạt Cảm quan,393,Phòng QA,Phúc,,,,AZ1200002,ZOLADEX 3.6 MG DEPOT 1.S,SM512,04/11/2025,1,HỘP,,,"Móp, rách trong thùng chẵn",
BBSC-0404-0824,05/08/2024,Hoàn tất,VE PHARMA,HÀNG NHẬP KHẨU,Không đạt Cảm quan,0907-S20-Air (VEVN 01-07-01),Team ĐGC2,Như,Thảo,,,SC6100003,FEROGLOBIN B12 CAPSULES (H/30 VIEN),FW2402PA,31/01/2027,88,HỘP,,,"09 rách nặng, 79 móp nhẹ",
BBSC-0405-0824,06/08/2024,Hoàn tất,HYPHENS,HÀNG NHẬP KHẨU,Không đạt Cảm quan,SI-24-000499/500/501,Team ĐGC2,Như,Thảo,,,HY7300041,CERADAN SOOTHING GEL 50G,640601,30/06/2027,3,HỘP,,,03 hộp mờ lot date,
BBSC-0406-0824,06/08/2024,Hoàn tất,HYPHENS,HÀNG NHẬP KHẨU,Vượt Nhiệt độ,SI-24-000532,Phòng QA,Phúc,,,,HY1200001,"CUROSURF 120MG/1,5ML (H/1LO X 1,5ML)",1196750,03/12/2025,900,HỘP,,,Nhiệt độ không đạt,
BBSC-0407-0824,06/08/2024,Hoàn tất,VE PHARMA,HÀNG NHẬP KHẨU,Không đạt Cảm quan,0208-S23-Air(VEVN/01/07/23),Team ĐGC2,Như,Thảo,,,SC6100019,WELLBABY MULTI-VITAMIN LIQUID (CHAI 150ML),41013,30/06/2026,568,HỘP,,,"561 hộp cấn móp rách góc nhẹ, 6 hộp in lỗi lot, date, 1 hộp móp nạng",
BBSC-0408-0824,06/08/2024,Hoàn tất,SANOFI,HÀNG TRONG NƯỚC,Không đạt Cảm quan,700,Phòng QA,Lữ,,,,SA1100041,TAVANIC 500MG TABCO BL5 M36 VN,3R98A,31/12/2026,320,HỘP,,,Góc hộp bị lệch,
BBSC-0409-0824,06/08/2024,Hoàn tất,BESIN,HÀNG NHẬP KHẨU,Không đạt Cảm quan,SD1-8101B-2407-00091,Team ĐGC2,Như,Thảo,,,BS1100002,UTROGESTAN 200MG,242725,30/04/2027,9,HỘP,,,"02 hộp móp rách, 4hộp rách nặng, 1 h móp nặng, 2 họp móp",
BBSC-0410-0824,07/08/2024,Hoàn tất,VE PHARMA,HÀNG NHẬP KHẨU,Không đạt Cảm quan,1907-S12-Sea (VEVN 01-04-09),Team ĐGC2,Như,Thảo,,,SC6100002,FEROGLOBIN B12 LIQUID 200ML,40426A,28/02/2026,8,HỘP,,,"3 móp nặng, 1 móp nhẹ, 2 rách nhẹ, 2 rách nặng",
BBSC-0410-0824,07/08/2024,Hoàn tất,VE PHARMA,HÀNG NHẬP KHẨU,Không đạt Cảm quan,1907-S12-Sea (VEVN 01-04-09),Team ĐGC2,Như,Thảo,,,SC6100024,OSTEOCARE CHEWABLE (HOP/30 VIEN),F169385,28/02/2026,4,HỘP,,,"2 hộp móp nhẹ, 2 hộp rách nặng",
BBSC-0411-0824,07/08/2024,Hoàn tất,VE PHARMA,HÀNG NHẬP KHẨU,Không đạt Cảm quan,0807-S10-Sea (VEVN 01-04-25),Team ĐGC2,Như,Thảo,,,SC6100001,OSTEOCARE LIQUID 200ML,40314,28/02/2026,59,HỘP,,,"16 h rách nặng, 08 móp rách nặng, 5 lôi bao bì, 29 móp nhẹ, 1 rách nhẹ",
BBSC-0411-0824,07/08/2024,Hoàn tất,VE PHARMA,HÀNG NHẬP KHẨU,Không đạt Cảm quan,0807-S10-Sea (VEVN 01-04-25),Team ĐGC2,Như,Thảo,,,SC6100017,WELLKID MULTI-VITAMIN LIQUID (CHAI/150ML),32022,30/11/2025,133,HỘP,,,"33 rách nhẹ, 56 móp nhẹ, 26 móp nặng, 18 rách nặng (0411-0824)",
BBSC-0412-0824,08/08/2024,Hoàn tất,Dr.Reddy's,HÀNG NHẬP KHẨU,Không đạt Cảm quan,9013465629,Phòng QA,Lữ,,,,RD1200004,PEG-GRAFEEL (H/1 BOM TIEM 0.6ML),N240458C,30/06/2024,2500,HỘP,,,Artwork khác cục duyệt,
BBSC-0413-0824,08/08/2024,Hoàn tất,VE PHARMA,HÀNG NHẬP KHẨU,Không đạt Cảm quan,2407-S14-Sea(VEVN/01/05/27),Team ĐGC2,Như,Thảo,,,SC6100018,"PREGNACARE BREAST-FEEDING (HOP/56 VIEN NEN, 28 VIEN NANG)",PB2412,30/11/2026,126,HỘP,,,"9 ko lot, 15 móp nặng, 8 ố vàng(5 h vỉ chảy dịch), 16 móp nhẹ, 13 rách nhẹ, 41 rách nặng, 22 lỗi lô, 1 lỗi bao bì, 1 dính bẩn(BBSC-0413-0824)",
BBSC-0413-0824,08/08/2024,Hoàn tất,VE PHARMA,HÀNG NHẬP KHẨU,Không đạt Cảm quan,2407-S14-Sea(VEVN/01/05/27),Team ĐGC2,Như,Thảo,,,SC6100002,FEROGLOBIN B12 LIQUID 200ML,40488,31/03/2026,52,HỘP,,,"18 rách nặng, 12 rách nhẹ, 12 móp nhẹ, 10 móp nặng(0413-0824)",
BBSC-0413-0824,08/08/2024,Hoàn tất,VE PHARMA,HÀNG NHẬP KHẨU,Không đạt Cảm quan,2407-S14-Sea(VEVN/01/05/27),Team ĐGC2,Như,Thảo,,,SC6100025,"PREGNACARE MAX (H/56 VIEN NEN, 28 VIEN NANG)",PM2409,30/11/2026,18,HỘP,,,"1 0 rách nặng, 5 móp nhẹ, 2 rách nhẹ , 1 móp nặng(0413-0824)",
BBSC-0414-0824,09/08/2024,Hoàn tất,ABBOTT,HÀNG NHẬP KHẨU,Không đạt Cảm quan,9019172706-9019172707,Kho Nhập,Trinh,,,,,TK106477500360,N/A,,1,PALLET,,,Móp vỏ thùng ngoài,
BBSC-0415-0824,09/08/2024,Hoàn tất,SIV,HÀNG NHẬP KHẨU,Vượt Nhiệt độ,9089007543,Phòng QA,Phúc,,,,BH5200002,ENDOPROST 125MCG 1.S-0.5ML,B12824001,16/05/2026,19,THÙNG,,,Nhiệt độ không đạt,
BBSC-0416-0824,09/08/2024,Hoàn tất,HYPHENS,HÀNG NHẬP KHẨU,Không đạt Cảm quan,SI-24-000537,Kho Nhập,Vang,,,,HY1100013,RUPAFIN (ORAL SOLUTION 120ML),24508,30/11/2026,6,PALLET,,,Móp vỏ thùng ngoài,
BBSC-0417-0824,09/08/2024,Hoàn tất,HYPHENS,HÀNG NHẬP KHẨU,Vượt Nhiệt độ,SI-24-000537,Phòng QA,Phúc,,,,HY1100013,RUPAFIN (ORAL SOLUTION 120ML),24508,30/11/2026,6,PALLET,,,"S123111687-12: 38.9°C - 17.7°C
 S123111687-11: 40.3°C - 15.9°C
 S123111687-10: 41.3°C - 17.1°C",
BBSC-0418-0824,13/08/2024,Hoàn tất,HETERO,HÀNG NHẬP KHẨU,Không đạt Cảm quan,"SI9224203078,SI9224203115",Kho Nhập,Trinh,,,,,TK106485115700,N/A,,10,THÙNG,,,"Móp, rách vỏ thùng ngoài",
BBSC-0419-0824,13/08/2024,Hoàn tất,HETERO,HÀNG NHẬP KHẨU,Không đạt Cảm quan,SI3624000218,Kho Nhập,Trinh,,,,,TK106489107760,N/A,,12,THÙNG,,,"Móp, rách vỏ thùng ngoài",
BBSC-0420-0824,13/08/2024,Hoàn tất,HYPHENS,HÀNG NHẬP KHẨU,Không đạt Cảm quan,SI-24-000537,Team ĐGC2,Như,Thảo,,,HY1100013,RUPAFIN (ORAL SOLUTION 120ML),24508,30/11/2026,35,HỘP,,,"29 móp, 4 móp rách, 2 rách (0420-0824)",
BBSC-0421-0824,13/08/2024,Hoàn tất,HETERO,HÀNG NHẬP KHẨU,Không đạt Cảm quan,"SI9224203078,SI9224203115",Team ĐGC2,Như,Thảo,,Chưa scan,HT1100013,TEMOTERO 20 (HOP/ 5 VIEN),TEM24009E,31/03/2026,19,HỘP,,,"14 móp, 5 rách",
BBSC-0421-0824,13/08/2024,Hoàn tất,HETERO,HÀNG NHẬP KHẨU,Không đạt Cảm quan,"SI9224203078,SI9224203115",Team ĐGC2,Như,Thảo,,Chưa scan,HT1100024,LENALIDOMIDE CAPSULES 10MG (HOP/ 30 VIEN),FE240074,22/06/2026,6,HỘP,,,6 h móp(0421-0824),
BBSC-0422-0824,13/08/2024,Hoàn tất,Dr.Reddy's,HÀNG NHẬP KHẨU,Vượt Nhiệt độ,9013466438,Phòng QA,Phúc,,,,RD1200014,CASPOFUNGIN ACETATE 70MG (H/1 LO),A1490012,30/06/2026,2450,HỘP,,,"S123031533-06: Max 9°C - Min 4.4°C
 NCD4NK4K60_0: Max 5.3°C - Min 3.6°C",
BBSC-0423-0824,14/08/2024,Hoàn tất,HETERO,HÀNG NHẬP KHẨU,Không đạt Cảm quan,SI3624000218,Team ĐGC2,Như,Thảo,,,HT1200001,VANCONEX (VANCOMYCIN HYDROCHLORIDE FOR INJECTION USP 500MG/V,AS1240141A,26/06/2026,8,HỘP,,,"5 móp, 3 rách(0423-0824)",
BBSC-0424-0824,16/08/2024,Hoàn tất,GETZ,HÀNG NHẬP KHẨU,Vượt Nhiệt độ,GETZ/VIET/349/2024,Phòng QA,Hoài,,,BBSC nội bộ,GZ1205004,DIAMISU-70+30 100IU/ML INJ,135PA7,30/05/2026,9996,HỘP,,,Một số thời điểm Nhiệt độ >8oC,
BBSC-0424-0824,16/08/2024,Hoàn tất,GETZ,HÀNG NHẬP KHẨU,Vượt Nhiệt độ,GETZ/VIET/349/2024,Phòng QA,Hoài,,,BBSC nội bộ,GZ1205004,DIAMISU-70+30 100IU/ML INJ,136PA7,30/05/2026,8004,HỘP,,,Một số thời điểm Nhiệt độ >8oC,
BBSC-0425-0824,19/08/2024,Hoàn tất,HYPHENS,HÀNG NHẬP KHẨU,Không đạt Cảm quan,SI-24-000550,Phòng QA,Lữ,,,,HY6100005,OCUVITE BLUE LIGHT (HOP/ 30 VIEN),24AAF0260,01/12/2025,6000,HỘP,,,BAO BÌ KHÁC CỤC DUYỆT,
BBSC-0426-0824,19/08/2024,Hoàn tất,HYPHENS,HÀNG NHẬP KHẨU,Không đạt Cảm quan,SI-24-000550,Kho Nhập,Trinh,,,,,TK106505871250,N/A,,2,PALLET,,,Móp cấn vỏ thùng ngoài,
BBSC-0427-0824,19/08/2024,Hoàn tất,IMEXPHARM,CN. HÀ NỘI (Điều chuyển),Không đạt Cảm quan,51841,Kho Nhập,Yến,,,,SD1100005,OSPAMOX 500MG TAB 10.S (NQ),121,22/09/2025,3,VỈ,,,MÓP RÁCH,
BBSC-0428-0824,20/08/2024,Hoàn tất,VE PHARMA,HÀNG NHẬP KHẨU,Không đạt Cảm quan,2202-S02_(VEVN/01/12/12),Team ĐGC2,Như,Thảo,,,SC6100004,OSTEOCARE (H/30 VIEN),OT2310P,31/07/2027,14,HỘP,,,"2 rách nhẹ, 3 móp nhẹ, 2 móp rách nặng, 7 móp nặng",
BBSC-0429-0824,21/08/2024,Hoàn tất,VE PHARMA,HÀNG NHẬP KHẨU,Không đạt Cảm quan,2601-S01(VEVN/01/11/03),Team ĐGC2,Như,Thảo,,,SC6100004,OSTEOCARE (H/30 VIEN),OT2310P,31/07/2027,1,HỘP,,,1 h lỗi bao bì,
BBSC-0429-0824,21/08/2024,Hoàn tất,VE PHARMA,HÀNG NHẬP KHẨU,Không đạt Cảm quan,2601-S01(VEVN/01/11/03),Team ĐGC2,Như,Thảo,,,SC6100004,OSTEOCARE (H/30 VIEN),OT2311P,31/08/2027,8,HỘP,,,"4 móp nặng, 4 rách nặng(0429-0824)",
BBSC-0430-0824,21/08/2024,Khởi tạo,LUYE,HÀNG NHẬP KHẨU,Không đạt Cảm quan,INUK-240071,Kho Nhập,Trinh,,,,,TK106506132460,N/A,,7,PALLET,,,"Cấn dập, móp vỏ thùng ngoài",
BBSC-0431-0824,22/08/2024,Hoàn tất,HYPHENS,HÀNG NHẬP KHẨU,Không đạt Cảm quan,SI 24-000554,Phòng QA,Hoài,,,BBSC nội bộ,HY1100006,RUPAFIN TAB 10.S,Z003,14/06/2027,1,THÙNG,,,Móp,
BBSC-0432-0824,22/08/2024,Hoàn tất,SANOFI,HÀNG TRONG NƯỚC,Không đạt Cảm quan,927,Phòng QA,Phúc,,,,SA1100016,CALCIUM CORBIERE EXTRA 3SUPX10 10ML VN,EVH1809,07/01/2026,1,HỘP,,,Rách móp không nắp,
BBSC-0433-0824,22/08/2024,Hoàn tất,LUYE,HÀNG NHẬP KHẨU,Vượt Nhiệt độ,INUK-240071,Phòng QA,Phúc,,,,LU1100003,SEROQUEL XR TAB 50MG 30.S (HOP/30VIEN).,SN807,28/02/2027,11941,HỘP,,,2 thiết bị nhiệt độ theo hàng đều hỏng,
BBSC-0433-0824,22/08/2024,Hoàn tất,LUYE,HÀNG NHẬP KHẨU,Vượt Nhiệt độ,INUK-240071,Phòng QA,Phúc,,,,LU1100002,SEROQUEL XR TAB 200MG 30.S (HOP/30VIEN).,SP100,19/03/2027,3762,HỘP,,,2 thiết bị nhiệt độ theo hàng đều hỏng,
BBSC-0433-0824,22/08/2024,Hoàn tất,LUYE,HÀNG NHẬP KHẨU,Vượt Nhiệt độ,INUK-240071,Phòng QA,Phúc,,,,LU1100001,SEROQUEL XR TAB 300MG 30.S (HOP/30VIEN).,SN731,02/02/2027,2549,HỘP,,,2 thiết bị nhiệt độ theo hàng đều hỏng,
BBSC-0434-0824,22/08/2024,Hoàn tất,VE PHARMA,HÀNG NHẬP KHẨU,Không đạt Cảm quan,0807-S10-Sea (VEVN 01-04-25),Team ĐGC2,Như,Thảo,,,SC6100011,PERFECTIL (H/30 VIEN),PFT2402P,31/12/2026,7,HỘP,,,"1 rách nặng, 1 dơ, 5 móp nhẹ",
BBSC-0434-0824,22/08/2024,Hoàn tất,VE PHARMA,HÀNG NHẬP KHẨU,Không đạt Cảm quan,0807-S10-Sea (VEVN 01-04-25),Team ĐGC2,Như,Thảo,,,SC6100011,PERFECTIL (H/30 VIEN),PFT2405P,31/12/2026,7,HỘP,,,7 h móp nhẹ,
BBSC-0434-0824,22/08/2024,Hoàn tất,VE PHARMA,HÀNG NHẬP KHẨU,Không đạt Cảm quan,0807-S10-Sea (VEVN 01-04-25),Team ĐGC2,Như,Thảo,,,SC6100011,PERFECTIL (H/30 VIEN),PFT2403P,31/12/2026,8,HỘP,,,"6 móp nhẹ, 1 lỗi bao bì, 1 rách nhẹ(0434-0824)",
BBSC-0435-0824,23/08/2024,Hoàn tất,ABBOTT,HÀNG NHẬP KHẨU,Không đạt Cảm quan,9019242267-9019242269,Kho Nhập,Trinh,,,,,TK106518046020 & 106518049150,N/A,,1,PALLET,,,"Cấn dập, móp vỏ thùng ngoài",
BBSC-0436-0824,23/08/2024,Hoàn tất,VE PHARMA,HÀNG NHẬP KHẨU,Không đạt Cảm quan,2407-S14-Sea(VEVN/01/05/27),Team ĐGC2,Như,Thảo,,,SC6100018,"PREGNACARE BREAST-FEEDING (HOP/56 VIEN NEN, 28 VIEN NANG)",PB2412,30/11/2026,117,HỘP,,,"48 h bao bì bị đốm trắng nhỏ (bán tự do), 33 rách nhẹ, 7 móp nhẹ, 4 móp nặng, 14 rách nặng, 3 ko lô, 8 lỗi lô(0436-0824)",
BBSC-0437-0824,23/08/2024,Hoàn tất,HYPHENS,HÀNG NHẬP KHẨU,Không đạt Cảm quan,SI-24-000550,Team ĐGC2,Như,Thảo,,,HY6100005,OCUVITE BLUE LIGHT (HOP/ 30 VIEN),24AAF0260,31/12/2025,3,HỘP,,,"1h dính keo, 2 h móp",
BBSC-0438-0824,23/08/2024,Hoàn tất,VE PHARMA,HÀNG NHẬP KHẨU,Không đạt Cảm quan,1707-S21-Air(VEVN 01-07-03),Team ĐGC2,Như,Thảo,,,SC6100018,"PREGNACARE BREAST-FEEDING (HOP/56 VIEN NEN, 28 VIEN NANG)",PB2418,28/02/2027,36,HỘP,,,"11 móp nhẹ, 9 rách nhẹ, 1 móp nặng, 1 lỗi lô, 14 rách nặng",
BBSC-0439-0824,24/08/2024,Hoàn tất,BESIN,HÀNG NHẬP KHẨU,Không đạt Cảm quan,INVSD1-8101B-2408-00025,Kho Nhập,Trinh,,,,,TK106518252740,N/A,,5,PALLET,,,"05 PALLET hàng bị cấn móp, rách màng bao ngoài, hàng về kèm BBBT",
BBSC-0440-0824,26/08/2024,Hoàn tất,VE PHARMA,HÀNG NHẬP KHẨU,Không đạt Cảm quan,1907-S12-Sea (VEVN 01-04-09),Team ĐGC2,Như,Lữ,,,SC6100001,OSTEOCARE LIQUID 200ML,40487,28/02/2026,742,HỘP,,,742 LEM MỰC VỊ TRÍ LOT DATE,
BBSC-0441-0824,26/08/2024,Hoàn tất,VE PHARMA,HÀNG NHẬP KHẨU,Không đạt Cảm quan,2407-S14-Sea (VEVN 01-05-27),Team ĐGC2,Như,Lữ,,,SC6100002,FEROGLOBIN B12 LIQUID 200ML,40683,30/04/2026,20,HỘP,,,"10 RÁCH NẶNG, 4 RÁCH NHẸ, 3 MÓP NHẸ, 3 MÓP NẶNG",
BBSC-0442-0824,26/08/2024,Hoàn tất,LUYE,HÀNG NHẬP KHẨU,Không đạt Cảm quan,INUK-240071,Team ĐGC2,Như,Lữ,,,LU1100001,SEROQUEL XR TAB 300MG 30.S (HOP/30VIEN).,SN731,02/02/2027,2,HỘP,,,2 HỘP MÓP,
BBSC-0442-0824,26/08/2024,Hoàn tất,LUYE,HÀNG NHẬP KHẨU,Không đạt Cảm quan,INUK-240071,Team ĐGC2,Như,Lữ,,,LU1100003,SEROQUEL XR TAB 50MG 30.S (HOP/30VIEN).,SN807,28/02/2027,1,HỘP,,,1 HỘP MÓP,
BBSC-0443-0824,26/08/2024,Hoàn tất,VE PHARMA,HÀNG NHẬP KHẨU,Không đạt Cảm quan,"2202-S02 (VEVN011212- VEVN021212) /
 2002-S03 (VEVN 01-12-14)",Team ĐGC2,Như,Lữ,,,SC6100004,OSTEOCARE (H/30 VIEN),OT2311P,31/08/2027,42,HỘP,,,"26/08/24: 2 HỘP MÓP
 27/08/24: 8 MÓP NẶNG, 8 MÓP NHẸ, 2 LEM MỰC, 9 RÁCH
 04/09/24: 13 MÓP NẶNG",
BBSC-0444-0824,28/08/2024,Hoàn tất,VE PHARMA,HÀNG NHẬP KHẨU,Không đạt Cảm quan,1907-S12-Sea (VEVN 01-04-09),Team ĐGC2,Như,Lữ,,,SC6100001,OSTEOCARE LIQUID 200ML,40487,28/02/2026,119,HỘP,,,"28/08/24: 11 RÁCH NẶNG, 4 LEM MỰC-MÓP NẶNG
 29/08/24: 17 RÁCH NẶNG, 6 MÓP NẶNG, 1 Ố VÀNG, 6 MÓP NHẸ
 06/09/24: 8 lỗi bao bì, 5 rách nhẹ, 24 móp nhẹ, 10 móp nặng, 8 rách nặng, 19 lem mực dưới đáy",
BBSC-0445-0824,29/08/2024,Hoàn tất,VE PHARMA,HÀNG NHẬP KHẨU,Không đạt Cảm quan,VEVN/01/06/27,Kho Nhập,Trinh,,,,,TK106532371300,N/A,,7,PALLET,,,"Cấn móp, rách vỏ thùng ngoài",
BBSC-0446-0824,29/08/2024,Hoàn tất,DANONE,HÀNG NHẬP KHẨU,Không đạt Cảm quan,8030445521,Team ĐGC2,Như,Lữ,,,DE6100002,THUC PHAM DINH DUONG Y HOC FORTIMEL PROTEIN (HUONG VANI),111364284,28/03/2025,1,CHAI,,,01 CHAI RÁCH BAO BÌ,
BBSC-0447-0824,30/08/2024,Hoàn tất,VE PHARMA,HÀNG NHẬP KHẨU,Không đạt Cảm quan,2908-S19-Sea (VEVN/01/06/27),Team ĐGC2,Như,Lữ,,,SC6100019,WELLBABY MULTI-VITAMIN LIQUID (CHAI 150ML),40662,30/04/2026,1392,HỘP,,,"30/08/24: 395 HỘP MÓP NHẸ (CHỮ C)
 04/09/24: 987 HỘP MÓP NHẸ (CHỮ C), 2 MÓP RÁCH NẶNG, 8 DƠ",
BBSC-0447-0824,30/08/2024,Hoàn tất,VE PHARMA,HÀNG NHẬP KHẨU,Không đạt Cảm quan,2908-S19-Sea (VEVN/01/06/27),Team ĐGC2,Như,Lữ,,,SC6100003,FEROGLOBIN B12 CAPSULES (H/30 VIEN),FW2402PA,31/01/2027,46,HỘP,,,"30/08/24: 2 MÓP RÁCH NẶNG
 04/09/24: 37 MÓP RÁCH NẶNG, 1 KHÔNG LOT DATE
 05/09/24: 6 MÓP NHẸ",
BBSC-0448-0824,30/08/2024,Hoàn tất,BESIN,HÀNG NHẬP KHẨU,Không đạt Cảm quan,SD1-8101B-2408-00025,Team ĐGC2,Như,Lữ,,Chưa scan,BS1300002,ANDROGEL GEL 50MG 30.S,82254,30/04/2027,1,HỘP,,,1 HỘP MÓP RÁCH NẶNG,
BBSC-0449-0924,04/09/2024,Hoàn tất,DAVIPHARM,HÀNG TRONG NƯỚC,Không đạt Cảm quan,HD-DVP/2024/0712,Phòng QA,Phúc,,,,DV1100115,GUMAS (HOP/20 GOI ),241390,01/06/2027,1,HỘP,,,Chảy,
BBSC-0450-0924,05/09/2024,Hoàn tất,GETZ,HÀNG NHẬP KHẨU,Không đạt Cảm quan,INVGETZ/VIET/405/2024 & GETZ/VIET/406/2024,Kho Nhập,Trinh,,,,GZ1103016,MIRGY 100MG CAPS 10.S,363C07,27/03/2027,1,HỘP,,,"MÓP, RÁCH",
BBSC-0450-0924,05/09/2024,Hoàn tất,GETZ,HÀNG NHẬP KHẨU,Không đạt Cảm quan,INVGETZ/VIET/405/2024 & GETZ/VIET/406/2024,Kho Nhập,Trinh,,,,GZ1103016,MIRGY 100MG CAPS 10.S,367C07,28/05/2027,2,HỘP,,,MÓP,
BBSC-0450-0924,05/09/2024,Hoàn tất,GETZ,HÀNG NHẬP KHẨU,Không đạt Cảm quan,INVGETZ/VIET/405/2024 & GETZ/VIET/406/2024,Kho Nhập,Trinh,,,,GZ1103024,ALENTA 10MG TAB 10.S,108T23,05/04/2027,4,HỘP,,,MÓP,
BBSC-0450-0924,05/09/2024,Hoàn tất,GETZ,HÀNG NHẬP KHẨU,Không đạt Cảm quan,INVGETZ/VIET/405/2024 & GETZ/VIET/406/2024,Kho Nhập,Trinh,,,,GZ1101008,GETZLOX 500MG TAB,185F45,07/05/2027,4,HỘP,,,MÓP,
BBSC-0450-0924,05/09/2024,Hoàn tất,GETZ,HÀNG NHẬP KHẨU,Không đạt Cảm quan,INVGETZ/VIET/405/2024 & GETZ/VIET/406/2024,Kho Nhập,Trinh,,,,GZ1105017,RICHSTATIN 10MG TAB 10.S,406F18,07/05/2027,8,HỘP,,,THIẾU,
BBSC-0451-0924,05/09/2024,Hoàn tất,HYPHENS,HÀNG NHẬP KHẨU,Không đạt Cảm quan,SI-24-000569,Team ĐGC2,Như,Thảo,,Chưa scan,HY1100008,PIASCLEDINE TAB 15.S,N219,31/03/2027,16,HỘP,,,"05/09/2024:2 hộp móp, 1 hộp rách, 
 06/09/2024: 3 hộp móp
 09/09/2024: 1 hộp móp không lot, 2 hộp rách
 10/09/2024:2 rách, 5 móp",
BBSC-0451-0924,05/09/2024,Hoàn tất,HYPHENS,HÀNG NHẬP KHẨU,Không đạt Cảm quan,SI-24-000569,Team ĐGC2,Như,Thảo,,Chưa scan,HY1100008,PIASCLEDINE TAB 15.S,N210,31/03/2027,3,HỘP,,,05/09/2024: 3 hộp rách,
BBSC-0451-0924,05/09/2024,Hoàn tất,HYPHENS,HÀNG NHẬP KHẨU,Không đạt Cảm quan,SI-24-000569,Team ĐGC2,Như,Thảo,,Chưa scan,HY1100008,PIASCLEDINE TAB 15.S,N221,31/03/2027,28,HỘP,,,"13/09/2024: 15 hộp móp
 20/09/2024: 13 hộp rách góc (hãng xác nhận release, cần mail xác nhận)",
BBSC-0452-0924,05/09/2024,Hoàn tất,VE PHARMA,HÀNG NHẬP KHẨU,Không đạt Cảm quan,EXP29/2024-25,Kho Nhập,Trinh,,,,,TK106546092811,N/A,,7,THÙNG,,,"Cấn móp, dập vỏ thùng ngoài",
BBSC-0453-0924,06/09/2024,Hoàn tất,HYPHENS,HÀNG NHẬP KHẨU,Vượt Nhiệt độ,SI 24-000572,Phòng QA,Phúc,,,,HY6100004,THUC PHAM BAO VE SUC KHOE OCEAN HEALTH VITAMIN D3 1000IU,VH0185,31/05/2027,5000,HỘP,,,Nhiệt độ không đạt,
BBSC-0454-0924,06/09/2024,Hoàn tất,VE PHARMA,HÀNG NHẬP KHẨU,Không đạt Cảm quan,2601-S01(VEVN/01/11/03),Team ĐGC2,Như,Thảo,,,SC6100004,OSTEOCARE (H/30 VIEN),OT2311P,31/08/2027,21,HỘP,,,"14 móp nhẹ, 2 rách nhẹ, 5 móp nặng",
BBSC-0455-0924,09/09/2024,Khởi tạo,ALLEVIARE,HÀNG NHẬP KHẨU,Không đạt Cảm quan,EXP29/2024-25,Phòng QA,Thảo,,,,AV1300028,ACARWIN 15G (HOP/1 TUYP),G416,07/07/2027,32,HỘP,,,"26 Hộp Móp
 06 Hộp Rách",
BBSC-0456-0924,09/09/2024,Hoàn tất,VE PHARMA,HÀNG NHẬP KHẨU,Không đạt Cảm quan,2908-S19-Sea (VEVN/01/06/27),Team ĐGC2,Như,Phúc,,,SC6100003,FEROGLOBIN B12 CAPSULES (H/30 VIEN),FW2402PA,31/01/2027,41,HỘP,,,"09/09/2024: 
 - 15 hộp móp rách nặng
 - 06 móp nhẹ
 - 01 rách góc nhẹ
 10/09/2024: 3 móp nặng, 2 rách nặng
 10/09/2024: 08 móp nặng, 2 lỗi bao bì, 2 rách nặng (sản phẩm không giá)
 17/09/2024:
 - 01 hộp rách nặng
 18/09/2024:
 - 01 hộp rách nặng",
BBSC-0457-0924,09/09/2024,Hoàn tất,VE PHARMA,HÀNG NHẬP KHẨU,Không đạt Cảm quan,2908-S19-Sea (VEVN/01/06/27),Team ĐGC2,Như,Phúc,,,SC6100018,"PREGNACARE BREAST-FEEDING (HOP/56 VIEN NEN, 28 VIEN NANG)",PB2418,28/02/2027,123,HỘP,,,"09/09/2024:
 - 06 hộp lỗi bao bì, 01 lỗi in lot date, 03 hộp móp nặng, 06 hộp rách nặng 
 - 01 hộp móp nhẹ
 10/09/2024:
 - 13 lệch lô, 1 ko lô, 7 móp nặng, 10 rách nặng, 10 rách nhẹ
 12/09/2024:
 07H rách nhẹ, 05H móp nhẹ, 08H lỗi in lot date nhẹ
 14H rách nặng, 09H móp nặng, 03H trầy bao bì, 02H lỗi in lot date nặng
 18/09/2024:
 1 hộp rách - 1 hộp lỗi bao bì - 5 hộp lệch lot date
 19/09/2024:
 - 01H móp nhẹ, 01H lỗi lot nhẹ
 - 08H rách nặng",
BBSC-0457-0924,09/09/2024,Hoàn tất,VE PHARMA,HÀNG NHẬP KHẨU,Không đạt Cảm quan,2908-S19-Sea (VEVN/01/06/27),Team ĐGC2,Như,Phúc,,,SC6100002,FEROGLOBIN B12 LIQUID 200ML,40815,30/04/2026,87,HỘP,,,"10/09/2024: 
 - 08 lỗi in ấn , 03 rách nặng, 06 móp nặng, 02 móp nhẹ 
 18/09/2024: 
 - 58 hộp lỗi bao bì
 - 03 hộp rách nhẹ
 - 06 hộp rách nặng
 - 01 móp nặng",
BBSC-0458-0924,09/09/2024,Hoàn tất,VE PHARMA,HÀNG NHẬP KHẨU,Không đạt Cảm quan,0609-S25-Air(VEVN/01/08/20),Team ĐGC2,Như,Phúc,,,SC6100019,WELLBABY MULTI-VITAMIN LIQUID (CHAI 150ML),41096,30/06/2026,85,HỘP,,,"09/09/2024:
 - 12 hộp móp nhẹ, 01 hộp rách nhẹ
 - 05 hộp lem mực, 59 hộp móp nặng
 18/09/2024:
 - 06 Hộp móp nhẹ
 - 02 Hộp móp nặng",
BBSC-0459-0924,09/09/2024,Hoàn tất,Dr.Reddy's,HÀNG NHẬP KHẨU,Vượt Nhiệt độ,9013469046,Phòng QA,Lữ,,,Chưa scan,RD4200001,REDDITUX 500MG (H/1LO X 50ML),N240505A,31/07/2027,1800,HỘP,,,MIN 1.3 ĐỘ C,
BBSC-0460-0924,10/09/2024,Hoàn tất,DAVIPHARM,HÀNG TRONG NƯỚC,Không đạt Cảm quan,BBGH_HD-DVP/2024/0910,Kho Nhập,Trinh,,,,DV1100265,GELLUX H/20,242180,11/08/2027,3,HỘP,,,"Cấn móp, dập vỏ hộp ngoài",
BBSC-0461-0924,10/09/2024,Hoàn tất,Dr.Reddy's,HÀNG NHẬP KHẨU,Vượt Nhiệt độ,9013469735,Phòng QA,Thảo,,,,RD1200010,CASPOFUNGIN ACETATE 50MG (H/1 LO),A1480029,30/06/2026,5030,HỘP,,,max:15.8,
BBSC-0462-0924,10/09/2024,Hoàn tất,HYPHENS,HÀNG NHẬP KHẨU,Sai số lượng,SI-24-000569,Team ĐGC2,Như,,,,HY1100008,PIASCLEDINE TAB 15.S,N219,31/03/2027,3,HỘP,,,Thiếu 03 hộp,
BBSC-0462-0924,10/09/2024,Hoàn tất,HYPHENS,HÀNG NHẬP KHẨU,Sai số lượng,SI-24-000569,Team ĐGC2,Như,,,,HY1100008,PIASCLEDINE TAB 15.S,N221,31/03/2027,54,HỘP,,,Thiếu 54 hộp,
BBSC-0463-0924,11/09/2024,Hoàn tất,HYPHENS,HÀNG NHẬP KHẨU,Không đạt Cảm quan,"SI-24-000589,SI-24-000596",Team ĐGC2,Như,Phúc,,,HY7300049,CERADAN ADVANCED MOISTURISING SKIN BARRIER CREAM 30G,840801,31/08/2027,1,HỘP,,,Móp,
BBSC-0464-0924,11/09/2024,Hoàn tất,Dr.Reddy's,HÀNG NHẬP KHẨU,Vượt Nhiệt độ,9013469047,Phòng QA,Thảo,,,,RD1200004,PEG-GRAFEEL (H/1 BOM TIEM 0.6ML),N240510B,31/07/2026,2500,PALLET,,,"MIN 1.3 ĐỘ C, Artwwork khác cục duyệt",
BBSC-0465-0924,11/09/2024,Hoàn tất,Dr.Reddy's,HÀNG NHẬP KHẨU,Không đạt Cảm quan,9013468631,Team ĐGC2,Như,Phúc,,Chưa scan,RD1200015,ERANFU 250MG/5ML (HOP/2 BOM TIEM VA 2 KIM TIEM),K240682,30/06/2026,8,HỘP,,,1 thùng ẩm có 8 hộp bên trong bị ẩm,
BBSC-0466-0924,11/09/2024,Hoàn tất,VE PHARMA,HÀNG NHẬP KHẨU,Không đạt Cảm quan,2601-S01(VEVN/01/11/03),Team ĐGC2,Như,Phúc,,,SC6100004,OSTEOCARE (H/30 VIEN),OT2312P,31/08/2027,35,HỘP,,,"11/09/2024
 - 10 hộp móp nhẹ
 - 8 hộp móp nặng
 - 2 hộp lỗi bao bì
 20/09/2024
 - 05 hộp móp nhẹ
 - 10 hộp móp nặng",
BBSC-0467-0924,12/09/2024,Hoàn tất,Dr.Reddy's,HÀNG NHẬP KHẨU,Không đạt Cảm quan,9013469735,Team ĐGC2,Như,Phúc,,,RD1200010,CASPOFUNGIN ACETATE 50MG (H/1 LO),A1480029,30/06/2026,1,HỘP,,,1 hộp rách,
BBSC-0468-0924,12/09/2024,Hoàn tất,HETERO,HÀNG NHẬP KHẨU,Không đạt Cảm quan,"SI3624204127, SI3624204129",Kho Nhập,Trinh,,,,BS1300009,EZETIMIBE TABLETS 10MG (HOP/70 VIEN),N/A,,9,THÙNG,,,Cấn móp vỏ thùng,
BBSC-0469-0924,12/09/2024,Hoàn tất,Dr.Reddy's,HÀNG NHẬP KHẨU,Không đạt Cảm quan,9013469047,Team ĐGC2,Như,Phúc,,Chưa scan,RD1200004,PEG-GRAFEEL (H/1 BOM TIEM 0.6ML),N240510B,31/07/2026,3,HỘP,,,Móp rách,
BBSC-0470-0924,12/09/2024,Hoàn tất,VE PHARMA,HÀNG NHẬP KHẨU,Không đạt Cảm quan,VEVN/01/05/20,Team ĐGC2,Như,Phúc,,,SC6100025,"PREGNACARE MAX (H/56 VIEN NEN, 28 VIEN NANG)",PM2409,30/11/2026,1,HỘP,,,Lỗi in lot date,
BBSC-0471-0924,13/09/2024,Hoàn tất,BESIN,HÀNG NHẬP KHẨU,Không đạt Cảm quan,SD1-8101B-2408-00064,Kho Nhập,Trinh,,,,,TK106564565923,N/A,,3,PALLET,,,Cấn móp vỏ thùng ngoài,
BBSC-0472-0924,13/09/2024,Hoàn tất,BESIN,HÀNG NHẬP KHẨU,Vượt Nhiệt độ,SD1-8101B-2408-00029,Phòng QA,Phúc,,,,BS1200001,IALURIL PREFILL,D07597,27/06/2027,3,PALLET,,,Nhiệt độ không đạt Max: 42.9°C,
BBSC-0473-0924,13/09/2024,Hoàn tất,BESIN,HÀNG NHẬP KHẨU,Vượt Nhiệt độ,SD1-8101B-2408-00064,Phòng QA,Phúc,,,,BS1300009,RELACTAGEL,818M,31/05/2027,3,PALLET,,,Nhiệt độ không đạt Max: 34.9°C - Min: 17.2°C,
BBSC-0474-0924,16/09/2024,Hoàn tất,HETERO,HÀNG NHẬP KHẨU,Không đạt Cảm quan,"SI3624204127,SI3624204129",Team ĐGC2,Như,Thảo,,,BS1300009,EZETIMIBE TABLETS 10MG (HOP/70 VIEN),E243306,31/07/2026,16,HỘP,,,"15 hộp móp, 01 hộp rách",
BBSC-0474-0924,16/09/2024,Hoàn tất,HETERO,HÀNG NHẬP KHẨU,Không đạt Cảm quan,"SI3624204127,SI3624204129",Team ĐGC2,Như,Thảo,,,BS1300009,EZETIMIBE TABLETS 10MG (HOP/70 VIEN),E243307,01/08/2026,7,HỘP,,,7 hộp móp,
BBSC-0474-0924,16/09/2024,Hoàn tất,HETERO,HÀNG NHẬP KHẨU,Không đạt Cảm quan,"SI3624204127,SI3624204129",Team ĐGC2,Như,Thảo,,,BS1300009,EZETIMIBE TABLETS 10MG (HOP/70 VIEN),E243318,31/07/2026,3,HỘP,,,3 hộp móp,
BBSC-0475-0924_BBSC-NỘI BỘ,16/09/2024,Hoàn tất,GETZ,HÀNG NHẬP KHẨU,Vượt Nhiệt độ,455,Phòng QA,Hoài,,,BBSC nội bộ,GZ1205004,DIAMISU-70+30 100IU/ML INJ,N/A,,347,THÙNG,,,"Nhiệt độ không đạt, (<2°C)",
BBSC-0476-0924,17/09/2024,Hoàn tất,BESIN,HÀNG NHẬP KHẨU,Không đạt Cảm quan,SD1-8101B-2408-00064,Team ĐGC2,Như,Phúc,,Chưa scan,BS1300009,RELACTAGEL,818M,31/05/2027,15,HỘP,,,"14H MÓP, 1H CHẢY",
BBSC-0477-0924,17/09/2024,Hoàn tất,WW,CN. HÀ NỘI (Điều chuyển),Không đạt Cảm quan,HD00058308,Kho Nhập,Yến,,,,WO1100004,SILYGAMMA 150MG 100.S,416319,01/01/2027,26,HỘP,,,"23 MÓP NHẸ; 3 RÁCH, NHĂN VỈ THUỐC",
BBSC-0478-0924,19/09/2024,Hoàn tất,ROHTO,HÀNG TRẢ VỀ,Không đạt Cảm quan,AR757697_HD00141232,Kho Nhập,Trinh,,,Chưa scan,RH1300347,THUOC NHO MAT (V.ROHTO COOL) 12 ML (MAU MOI 2024),DA02,09/04/2027,23,HỘP,,,"01 hộp thiếu
 22 hộp móp",
BBSC-0479-0924,20/09/2024,Hoàn tất,HETERO,HÀNG NHẬP KHẨU,Không đạt Cảm quan,SI3624204529,Kho Nhập,Trinh,,,,HT1100033,"DOLUTEGRAVIR, LAMIVUDINE AND TENOFOVIR DISOPROXIL FUMARATE T ABLETS 50/300/300MG (HOP/1 LO 30 VIEN)",E243628,25/08/2026,50625,HỘP,,,"Móp, dập vỏ thùng ngoài",
BBSC-0480-0924,20/09/2024,Hoàn tất,BESIN,HÀNG NHẬP KHẨU,Không đạt Cảm quan,SD1-8101B-2409-00035,Team ĐGC2,Như,Phúc,,,BS1300012,PAPILOCARE (2 CANNULAS X 5ML),W0481,31/12/2027,4,HỘP,,,"3H lỗi in lot date, 1H chảy",
BBSC-0481-0924,20/09/2024,Hoàn tất,HETERO,HÀNG NHẬP KHẨU,Sai khác AW,SI3624204529,Phòng QA,Lữ,,,,HT1100033,"DOLUTEGRAVIR, LAMIVUDINE AND TENOFOVIR DISOPROXIL FUMARATE T ABLETS 50/300/300MG (HOP/1 LO 30 VIEN)",E243628,25/08/2026,50625,HỘP,,,Bao bì lọ thuốc khác mẫu cục duyệt,
BBSC-0482-0924,20/09/2024,Hoàn tất,HYPHENS,CN. HÀ NỘI (Điều chuyển),Không đạt Cảm quan,59790,Kho Nhập,Yến,,,,HY1100008,PIASCLEDINE TAB 15.S,N170,31/01/2027,4,HỘP,,,"Móp, ướt",
BBSC-0483-0924,20/09/2024,Hoàn tất,VE PHARMA,HÀNG NHẬP KHẨU,Không đạt Cảm quan,2002-S03 (VEVN/01/12/14),Team ĐGC2,Như,Phúc,,,SC6100004,OSTEOCARE (H/30 VIEN),OT2312P,31/08/2027,25,HỘP,,,"13H móp nhẹ, 9H móp nặng, 2H rách, 1H dơ",
BBSC-0484-0924,23/09/2024,Hoàn tất,VE PHARMA,HÀNG NHẬP KHẨU,Không đạt Cảm quan,VEWVN/001/24,Kho Nhập,Trinh,,,,SC6100025,"PREGNACARE MAX (H/56 VIEN NEN, 28 VIEN NANG)",PM2308,31/10/2025,5040,HỘP,,,"Nhiều thùng bị móp, chi tiết được cập nhật sau khi hoàn tất dán nhãn",
BBSC-0485-0924,23/09/2024,Hoàn tất,HETERO,HÀNG NHẬP KHẨU,Không đạt Cảm quan,SI3624204529,Team ĐGC2,Như,Thảo,,,HT1100033,"DOLUTEGRAVIR, LAMIVUDINE AND TENOFOVIR DISOPROXIL FUMARATE T ABLETS 50/300/300MG (HOP/1 LO 30 VIEN)",E243628,25/08/2026,585,HỘP,,,"120 hộp rách, 465 hộp móp",
BBSC-0486-0924,23/09/2024,Hoàn tất,VE PHARMA,HÀNG NHẬP KHẨU,Không đạt Cảm quan,2202-S02_(VEVN/01/12/12),Team ĐGC2,Như,Thảo,,,SC6100004,OSTEOCARE (H/30 VIEN),OT2312P,31/08/2027,4,HỘP,,,04 hộp móp nạng,
BBSC-0487-0924,23/09/2024,Hoàn tất,VE PHARMA,HÀNG NHẬP KHẨU,Không đạt Cảm quan,2908-S19-Sea (VEVN/01/06/27),Team ĐGC2,Như,Thảo,,,SC6100014,LIVERIL (H/30 VIEN),LV2403P,28/02/2027,12,HỘP,,,"9 hộp móp nặng, 01 hộp dính bẩn, 2 hộp rách nặng",
BBSC-0488-0924,23/09/2024,Hoàn tất,Dr.Reddy's,CN. HÀ NỘI (Điều chuyển),Không đạt Cảm quan,HĐ00060550,Kho Nhập,Trinh,,,,RD1100004,STAMLO 5 (H/2VI X 10VIEN),B2301541,01/03/2025,1,HỘP,,,Ướt,
BBSC-0489-0924,24/09/2024,Hoàn tất,ABBOTT,HÀNG NHẬP KHẨU,Không đạt Cảm quan,9019419428-11362-19429-25117,Kho Nhập,Trinh,,,,,TK106581589330 & 106581591320,N/A,,1,PALLET,,,"Móp, dập vỏ thùng ngoài",
BBSC-0490-0924,25/09/2024,Hoàn tất,VE PHARMA,HÀNG NHẬP KHẨU,Không đạt Cảm quan,2309-Cambodia-VE/001/24,Team ĐGC2,Như,Thảo,,,SC6100025,"PREGNACARE MAX (H/56 VIEN NEN, 28 VIEN NANG)",PM2308,31/10/2025,820,HỘP,,,"396 h rách nhẹ bán tự do(xác nhận mail),107 rách nhẹ(bán chỉ định),236 móp nhẹ bán chỉ định, 183 cấn cạnh bên bán chỉ định, 149 rách nặng, 93 móp nặng, 47 trầy bao bì, 2 lỗi lot, 1 lỗi in bao bì, 1 ố vàng nhẹ, 1 ố vàng vỉ chảy dịch ( chuyển hủy)",
BBSC-0491-0924,25/09/2024,Hoàn tất,SANOFI,HÀNG TRONG NƯỚC,Không đạt Cảm quan,883,Phòng QA,Phúc,,,,SA5211010,TYPHIM VI BOX OF 1 SYRINGE 0.5ML,X2A462V,31/05/2026,4500,HỘP,,,Lỗi lệch nắp,
BBSC-0492-0924,25/09/2024,Hoàn tất,HETERO,HÀNG NHẬP KHẨU,Không đạt Cảm quan,SI3624204657,Kho Nhập,Trinh,,,,HT1100033,"DOLUTEGRAVIR, LAMIVUDINE AND TENOFOVIR DISOPROXIL FUMARATE T ABLETS 50/300/300MG (HOP/1 LO 30 VIEN)",E243629,25/08/2026,30,THÙNG,,,"Móp, dập vỏ thùng bên ngoài",
BBSC-0493-0924,25/09/2024,Hoàn tất,HETERO,HÀNG NHẬP KHẨU,Không đạt Cảm quan,SI3624204700,Kho Nhập,Trinh,,,,HT1100033,"DOLUTEGRAVIR, LAMIVUDINE AND TENOFOVIR DISOPROXIL FUMARATE T ABLETS 50/300/300MG (HOP/1 LO 30 VIEN)",E243664,28/08/2026,50,THÙNG,,,"Móp, dập vỏ thùng bên ngoài",
BBSC-0494-0924,25/09/2024,Hoàn tất,BESIN,HÀNG NHẬP KHẨU,Không đạt Cảm quan,SD1-8101B-2408-00029,Team ĐGC2,Như,Thảo,,,BS1200001,IALURIL PREFILL,D07597,27/06/2027,2,HỘP,,,02 hộp móp,
BBSC-0495-0924,26/09/2024,Hoàn tất,Dr.Reddy's,HÀNG NHẬP KHẨU,Không đạt Cảm quan,9013471586,Kho Nhập,Trinh,,,,RD1100011,RIVAXORED 10MG (HOP/1VI X 10VIEN),B2402823,30/06/2026,4,THÙNG,,,"Móp, dập vỏ thùng bên ngoài",
BBSC-0496-0924,26/09/2024,Hoàn tất,BESIN,HÀNG NHẬP KHẨU,Vượt Nhiệt độ,SP1-8101B-2409-00040,Phòng QA,Phúc,,,,BS1300008,REGELLE,N/A,,4,PALLET,,,Max 30.5°C,
BBSC-0497-0924,26/09/2024,Hoàn tất,BESIN,HÀNG NHẬP KHẨU,Không đạt Cảm quan,SP1-8101B-2409-00040,Kho Nhập,Trinh,,,,BS1300008,REGELLE,N/A,,1,THÙNG,,,Móp cấn vỏ thùng ngoài,
BBSC-0498-0924,26/09/2024,Hoàn tất,HETERO,HÀNG NHẬP KHẨU,Không đạt Cảm quan,SI3624204657,Team ĐGC2,Như,Thảo,,,HT1100033,"DOLUTEGRAVIR, LAMIVUDINE AND TENOFOVIR DISOPROXIL FUMARATE T ABLETS 50/300/300MG (HOP/1 LO 30 VIEN)",E243629,25/08/2026,252,HỘP,,,"48 hộp rách, 203 hộp móp, 01 hộp lỗi bao bì,",
BBSC-0499-0924,26/09/2024,Hoàn tất,Dr.Reddy's,HÀNG NHẬP KHẨU,Không đạt Cảm quan,9013471586,Team ĐGC2,Như,Thảo,,Chưa scan,RD1100011,RIVAXORED 10MG (HOP/1VI X 10VIEN),B2402823,30/06/2026,2,HỘP,,,02 hộp rách,
BBSC-0500-0924,26/09/2024,Hoàn tất,BESIN,HÀNG NHẬP KHẨU,Sai khác AW,SP1-8101B-2409-00040,Phòng QA,Phúc,,,,BS1300008,REGELLE,N/A,,5000,HỘP,,,AW địa chỉ nsx không đúng,
BBSC-0501-0924,27/09/2024,Hoàn tất,HYPHENS,HÀNG NHẬP KHẨU,Không đạt Cảm quan,NA,Team ĐGC2,Như,Khôi,,Chưa scan,HY7300022,AGE DEFENSE CLEANSING GEL 100ML,WE0120,31/03/2025,1,HỘP,,,Trầy vỏ hộp trong quá trình thay tem niêm phong,
BBSC-0502-0924,27/09/2024,Hoàn tất,HYPHENS,HÀNG NHẬP KHẨU,Không đạt Cảm quan,SI 24-000573,Kho Nhập,Trinh,,,,,TK106585141830,N/A,28/02/2027,2,THÙNG,,,"Cấn móp, dập vỏ thùng ngoài",
BBSC-0503-0924,28/09/2024,Hoàn tất,HETERO,HÀNG NHẬP KHẨU,Không đạt Cảm quan,SI3624204780,Kho Nhập,Trinh,,,,HT1100033,"DOLUTEGRAVIR, LAMIVUDINE AND TENOFOVIR DISOPROXIL FUMARATE T ABLETS 50/300/300MG (HOP/1 LO 30 VIEN)",E243666,29/08/2026,257,THÙNG,,,Hàng ẩm ướt nhập kho,
BBSC-0504-0924,29/09/2024,Hoàn tất,HETERO,HÀNG NHẬP KHẨU,Không đạt Cảm quan,SI3624204700,Team ĐGC2,Như,Thảo,,,HT1100033,"DOLUTEGRAVIR, LAMIVUDINE AND TENOFOVIR DISOPROXIL FUMARATE T ABLETS 50/300/300MG (HOP/1 LO 30 VIEN)",E243664,28/08/2026,422,HỘP,,,"328 móp, 83h rách, 9h móp nặng, 1h dơ + 1h ố vàng",
BBSC-0505-0924,29/09/2024,Hoàn tất,HETERO,HÀNG NHẬP KHẨU,Không đạt Cảm quan,SI3624204780,Team ĐGC2,Như,Thảo,,,HT1100033,"DOLUTEGRAVIR, LAMIVUDINE AND TENOFOVIR DISOPROXIL FUMARATE T ABLETS 50/300/300MG (HOP/1 LO 30 VIEN)",E243666,29/08/2026,422,HỘP,,,"14 hộp móp rách, 65 móp, 28 rách, 37 hộp ố màu, 01 hộp nhòe lot date không đọc được, 03 hộp nhòe lot date vẫn đọc được, 01 hộp bị mất chữ. 259 chai lem mờ lot, 08 chai nhăn nhãn, 06 chai rách nhãn",
BBSC-0506-0924,30/09/2024,Hoàn tất,HETERO,HÀNG NHẬP KHẨU,Không đạt Cảm quan,SI9224204206,Kho Nhập,Trinh,,,,HT1100024,LENALIDOMIDE CAPSULES 10MG (HOP/ 30 VIEN),FE240078,22/06/2026,4,THÙNG,,,"Rách, dập, móp vỏ thùng ngoài",
BBSC-0507-0924,30/09/2024,Hoàn tất,VE PHARMA,HÀNG NHẬP KHẨU,Không đạt Cảm quan,2709-S22-INVVEVN/01/07/11,Team ĐGC2,Như,Thảo,,,SC6100003,FEROGLOBIN B12 CAPSULES (H/30 VIEN),FW2401TA,28/02/2027,131,HỘP,,,"92 rách nhẹ, 11 móp nặng, 16 rách nặng, 1 lỗi bao bì, 11 móp nhẹ(0507-0924)",
BBSC-0508-0924,30/09/2024,Hoàn tất,HYPHENS,HÀNG NHẬP KHẨU,Không đạt Cảm quan,SI-24-000573,Team ĐGC2,Như,Thảo,,Chưa scan,HY6100003,THUC PHAM BAO VE SUC KHOE OCEAN HEALTH OMEGA-3 FISH OIL 1000,VH0187,28/02/2027,6,HỘP,,,"05 chai dính ố vàng, 01 chai mờ date(0508-0924)",
BBSC-0508-0924,30/09/2024,Hoàn tất,HYPHENS,HÀNG NHẬP KHẨU,Không đạt Cảm quan,SI-24-000573,Team ĐGC2,Như,Thảo,,Chưa scan,HY6100003,THUC PHAM BAO VE SUC KHOE OCEAN HEALTH OMEGA-3 FISH OIL 1000,VH0184,28/02/2027,1,HỘP,,,01 chai mất niêm phong,
BBSC-0509-0924,30/09/2024,Hoàn tất,HETERO,HÀNG NHẬP KHẨU,Không đạt Cảm quan,SI3624204781,Kho Nhập,Trinh,,,,HT1100033,"DOLUTEGRAVIR, LAMIVUDINE AND TENOFOVIR DISOPROXIL FUMARATE T ABLETS 50/300/300MG (HOP/1 LO 30 VIEN)",E243692,28/08/2026,120,THÙNG,,,"Móp, dập, ướt vỏ thùng ngoài",
BBSC-0510-0924,30/09/2024,Hoàn tất,HETERO,HÀNG NHẬP KHẨU,Không đạt Cảm quan,SI3624204781,Team ĐGC2,Như,Thảo,,,HT1100033,"DOLUTEGRAVIR, LAMIVUDINE AND TENOFOVIR DISOPROXIL FUMARATE T ABLETS 50/300/300MG (HOP/1 LO 30 VIEN)",E243692,28/08/2026,191,HỘP,,,"66 hộp ố màu, 36 hộp rách, 71 hộp móp, 12 hộp nhòe lot nặng, 02 hộp nhòe lot nhẹ, 03 dính mực (0510-0924), 01 chai lem nhòe lot date nhẹ",
BBSC-0511-1024,01/10/2024,Hoàn tất,Dr.Reddy's,HÀNG NHẬP KHẨU,Không đạt Cảm quan,9013471741,Kho Nhập,Trinh,,,,RD1100004,STAMLO 5 (H/2VI X 10VIEN),"B2402597
 B2402598
 B2402599",31/07/2026,20,THÙNG,,,"Móp, dập vỏ thùng ngoài",
BBSC-0512-1024,01/10/2024,Hoàn tất,HETERO,HÀNG NHẬP KHẨU,Không đạt Cảm quan,SI3624204863,Kho Nhập,Trinh,,,Bỏ BBSC,HT1100033,"DOLUTEGRAVIR, LAMIVUDINE AND TENOFOVIR DISOPROXIL FUMARATE T ABLETS 50/300/300MG (HOP/1 LO 30 VIEN)",E243694,30/08/2026,30,THÙNG,,,"Móp, dập vỏ thùng ngoài",
BBSC-0513-1024,01/10/2024,Hoàn tất,HETERO,HÀNG NHẬP KHẨU,Không đạt Cảm quan,SI9224204206,Team ĐGC2,Như,Thảo,,Chưa scan,HT1100025,LENALIDOMIDE CAPSULES 25MG (HOP/ 30 VIEN),FE240078,22/06/2026,3,HỘP,,,"02 hộp móp, 01 hộp rách",
BBSC-0514-1024,01/10/2024,Hoàn tất,HETERO,HÀNG NHẬP KHẨU,Không đạt Cảm quan,SI3624204863,Kho Nhập,Trinh,,,,HT1100033,"DOLUTEGRAVIR, LAMIVUDINE AND TENOFOVIR DISOPROXIL FUMARATE T ABLETS 50/300/300MG (HOP/1 LO 30 VIEN)",E243694,30/08/2026,30,THÙNG,,,"Móp, dập vỏ thùng ngoài",
BBSC-0515-1024,01/10/2024,Hoàn tất,HYPHENS,HÀNG NHẬP KHẨU,Sai số lượng,SI-24-000573,Kho Nhập,Trinh,,,,HY6100003,THUC PHAM BAO VE SUC KHOE OCEAN HEALTH OMEGA-3 FISH OIL 1000,VH0187,28/02/2027,2,HỘP,,,"Thiếu 2H, Hải quan lấy mẫu",
BBSC-0515-1024,01/10/2024,Hoàn tất,HYPHENS,HÀNG NHẬP KHẨU,Sai số lượng,SI-24-000573,Kho Nhập,Trinh,,,,HY6100002,THUC PHAM BAO VE SUC KHOE OCEAN HEALTH OMEGA-3 FISH OIL 1000,VH0184,,2,HỘP,,,"Thiếu 2H, Hải quan lấy mẫu",
BBSC-0516-1024,01/10/2024,Hoàn tất,HETERO,HÀNG NHẬP KHẨU,Không đạt Cảm quan,SI3624204863,Team ĐGC2,Như,Thảo,,,HT1100033,"DOLUTEGRAVIR, LAMIVUDINE AND TENOFOVIR DISOPROXIL FUMARATE T ABLETS 50/300/300MG (HOP/1 LO 30 VIEN)",E243694,30/08/2026,420,HỘP,,,"315 móp, 105 rách",
BBSC-0517-1024,02/10/2024,Hoàn tất,ASTRAZENECA,HÀNG TRONG NƯỚC,Không đạt Cảm quan,494,Kho Nhập,Trinh,,,,AZ1100023,KOMBOGLYZE XR 5MG/1000MG BOX OF 4 BLISTERS X 7 FILM-COATED T,WF0157,07/05/2027,2,HỘP,,,Móp trong thùng chẵn,
BBSC-0518-1024,03/10/2024,Hoàn tất,VE PHARMA,HÀNG NHẬP KHẨU,Không đạt Cảm quan,VEVN/01/07/29,Kho Nhập,Trinh,,,,,TK106617380920,N/A,,4,PALLET,,,"Rách,móp, dập vỏ thùng ngoài",
BBSC-0519-1024,03/10/2024,Hoàn tất,VE PHARMA,HÀNG NHẬP KHẨU,Không đạt Cảm quan,VEVN 01-09-20,Kho Nhập,Trinh,,,,SC6100003,FEROGLOBIN B12 CAPSULES (H/30 VIEN),FW2414PA,31/05/2027,4,PALLET,,,"Rách,móp, dập vỏ thùng ngoài",
BBSC-0520-1024,03/10/2024,Hoàn tất,SIV,HÀNG NHẬP KHẨU,Vượt Nhiệt độ,9089007624,Phòng QA,Lữ,,,,BH5200002,ENDOPROST 125MCG 1.S-0.5ML,B12824001,16/05/2026,6600,HỘP,,,Vượt nhiệt độ,
BBSC-0521-1024,03/10/2024,Khởi tạo,WW,HÀNG NHẬP KHẨU,Không đạt Cảm quan,91716836,Team ĐGC2,Như,Thảo,,,WO1100009,THIOGAMMA TURBO-SET (HOP/1 LO),31120C,31/10/2025,7,HỘP,,,"6 hộp rách, 01 hộp móp",
BBSC-0522-1024,03/10/2024,Hoàn tất,GETZ,HÀNG NHẬP KHẨU,Không đạt Cảm quan,GETZ/VIET/473/2024 & GETZ/VIET/474/2024,Kho Nhập,Trinh,,,,GZ1103025,ALENTA 70MG TAB 4.S,179T24,24/06/2027,18,HỘP,,,Móp,
BBSC-0522-1024,03/10/2024,Hoàn tất,GETZ,HÀNG NHẬP KHẨU,Không đạt Cảm quan,GETZ/VIET/473/2024 & GETZ/VIET/474/2024,Kho Nhập,Trinh,,,,GZ1106002,MEBEVER MR 200MG CAPS 10.S,204C31,02/12/2026,165,HỘP,,,Móp,
BBSC-0522-1024,03/10/2024,Hoàn tất,GETZ,HÀNG NHẬP KHẨU,Không đạt Cảm quan,GETZ/VIET/473/2024 & GETZ/VIET/474/2024,Kho Nhập,Trinh,,,,GZ1105004,ATASART H TAB 28.S,228T03,31/07/2027,11,HỘP,,,Móp,
BBSC-0522-1024,03/10/2024,Hoàn tất,GETZ,HÀNG NHẬP KHẨU,Không đạt Cảm quan,GETZ/VIET/473/2024 & GETZ/VIET/474/2024,Kho Nhập,Trinh,,,,GZ1105010,GETZGLIM 3MG TAB 20.S,275T12,13/06/2027,2,HỘP,,,Móp,
BBSC-0522-1024,03/10/2024,Hoàn tất,GETZ,HÀNG NHẬP KHẨU,Không đạt Cảm quan,GETZ/VIET/473/2024 & GETZ/VIET/474/2024,Kho Nhập,Trinh,,,,GZ1105003,ATASART 8MG TAB 14.S,284T01,30/06/2027,3,HỘP,,,Móp,
BBSC-0522-1024,03/10/2024,Hoàn tất,GETZ,HÀNG NHẬP KHẨU,Không đạt Cảm quan,GETZ/VIET/473/2024 & GETZ/VIET/474/2024,Kho Nhập,Trinh,,,,GZ1105008,FENOGETZ 200MG CAPS 10.S,312C24,15/06/2027,26,HỘP,,,Móp,
BBSC-0522-1024,03/10/2024,Hoàn tất,GETZ,HÀNG NHẬP KHẨU,Không đạt Cảm quan,GETZ/VIET/473/2024 & GETZ/VIET/474/2024,Kho Nhập,Trinh,,,,GZ1103016,MIRGY 100MG CAPS 10.S,370C07,02/07/2027,115,HỘP,,,Móp,
BBSC-0522-1024,03/10/2024,Hoàn tất,GETZ,HÀNG NHẬP KHẨU,Không đạt Cảm quan,GETZ/VIET/473/2024 & GETZ/VIET/474/2024,Kho Nhập,Trinh,,,,GZ1101008,GETZLOX 500MG TAB,591F08,30/03/2029,6,HỘP,,,Móp,
BBSC-0522-1024,03/10/2024,Hoàn tất,GETZ,HÀNG NHẬP KHẨU,Không đạt Cảm quan,GETZ/VIET/473/2024 & GETZ/VIET/474/2024,Kho Nhập,Trinh,,,,GZ1105009,GETZGLIM 2MG TAB 20.S,818T11,20/07/2027,10,HỘP,,,Móp,
BBSC-0522-1024,03/10/2024,Hoàn tất,GETZ,HÀNG NHẬP KHẨU,Không đạt Cảm quan,GETZ/VIET/473/2024 & GETZ/VIET/474/2024,Kho Nhập,Trinh,,,,GZ1101025,VILGET TABLETS 50MG 28.S,215T74,12/07/2026,2,HỘP,,,Rách,
BBSC-0523-1024,04/10/2024,Hoàn tất,HYPHENS,HÀNG NHẬP KHẨU,Không đạt Cảm quan,SI-24-000622,Team ĐGC2,Như,Thảo,,Chưa scan,HY1300022,CETRAXAL (H/15 ONG),V814,14/06/2026,2,HỘP,,,02 hộp móp,
BBSC-0524-1024,04/10/2024,Hoàn tất,VE PHARMA,HÀNG NHẬP KHẨU,Không đạt Cảm quan,0310-S28-INVVEVN/01/07/29,Team ĐGC2,Như,Thảo,,,SC6100003,FEROGLOBIN B12 CAPSULES (H/30 VIEN),FW2407PA,30/04/2027,7,HỘP,,,"04/10/24:1 hộp rách nặng, 1 hộp lỗi bao bì
 11/10/24: 1 hộp móp rách nặng
 14/10/24: 1 hộp lỗi lot date, 1 hộp móp nặng
 15/10/24: 2 hộp rách nặng",
BBSC-0525-1024,04/10/2024,Hoàn tất,HETERO,HÀNG NHẬP KHẨU,Không đạt Cảm quan,SI3624204862,Kho Nhập,Trinh,,,Chưa scan,HT1100033,"DOLUTEGRAVIR, LAMIVUDINE AND TENOFOVIR DISOPROXIL FUMARATE T ABLETS 50/300/300MG (HOP/1 LO 30 VIEN)",E243693,29/08/2026,680,THÙNG,,,"móp, dập vỏ thùng ngoài",
BBSC-0526-1024,04/10/2024,Hoàn tất,BESIN,HÀNG NHẬP KHẨU,Không đạt Cảm quan,SD1-8101B-2409-81/71,Kho Nhập,Trinh,,,Chưa scan,BS1300011,OESTROGEL 0.06% PUMP - PACK 80G 1.S,75650,31/05/2027,7,PALLET,,,"móp, dập vỏ thùng ngoài",
BBSC-0527-1024,04/10/2024,Hoàn tất,HETERO,HÀNG NHẬP KHẨU,Không đạt Cảm quan,SI3624204904,Kho Nhập,Trinh,,,Chưa scan,HT1100033,"DOLUTEGRAVIR, LAMIVUDINE AND TENOFOVIR DISOPROXIL FUMARATE T ABLETS 50/300/300MG (HOP/1 LO 30 VIEN)",E243762,,676,THÙNG,,,"móp, dập vỏ thùng ngoài",
BBSC-0528-1024,05/10/2024,Hoàn tất,HETERO,HÀNG NHẬP KHẨU,Không đạt Cảm quan,SI3624204862,Team ĐGC2,Như,Thảo,,,HT1100033,"DOLUTEGRAVIR, LAMIVUDINE AND TENOFOVIR DISOPROXIL FUMARATE T ABLETS 50/300/300MG (HOP/1 LO 30 VIEN)",E243693,29/08/2026,96,HỘP,,,"05/10/24: 37 hộp móp, 54 hộp rách
 07/10/24: 5 hộp rách",
BBSC-0529-1024,07/10/2024,Hoàn tất,HETERO,HÀNG NHẬP KHẨU,Không đạt Cảm quan,SI3624204655-56,Kho Nhập,Trinh,,,Chưa scan,HT1100001,TENOF EM (HOP/30VIEN),E241891A,04/06/2026,2,THÙNG,,,Rách vỏ thùng ngoài,
BBSC-0530-1024,07/10/2024,Hoàn tất,BESIN,HÀNG NHẬP KHẨU,Sai khác AW,SD1-8101B-2409-81/71,Phòng QA,Thảo,,,,BS1300012,PAPILOCARE (2 CANNULAS X 5ML),W0481.1,31/12/2027,5208,HỘP,,,bao bì khác cục duyệt,
BBSC-0530-1024,07/10/2024,Hoàn tất,BESIN,HÀNG NHẬP KHẨU,Sai khác AW,SD1-8101B-2409-81/71,Phòng QA,Thảo,,,,BS1300012,PAPILOCARE (2 CANNULAS X 5ML),W0481,31/12/2027,4648,HỘP,,,bao bì khác cục duyệt,
BBSC-0530-1024,07/10/2024,Hoàn tất,BESIN,HÀNG NHẬP KHẨU,Sai khác AW,SD1-8101B-2409-81/71,Phòng QA,Thảo,,,,BS1300012,PAPILOCARE (2 CANNULAS X 5ML),W0451,31/12/2027,851,HỘP,,,bao bì khác cục duyệt,
BBSC-0531-1024,07/10/2024,Hoàn tất,VE PHARMA,HÀNG NHẬP KHẨU,Không đạt Cảm quan,2709-S22-INVVEVN/01/07/11,Team ĐGC2,Như,Lữ,,,SC6100003,FEROGLOBIN B12 CAPSULES (H/30 VIEN),FW2401TA,28/02/2027,11,HỘP,,,"07/10/24: 1 hộp lem trầy, 1 hộp rách nhẹ, 3 hộp móp nhẹ
 08/10/24: 4 hộp mất lot date, 2 hộp rách nặng",
BBSC-0532-1024,07/10/2024,Hoàn tất,HETERO,HÀNG NHẬP KHẨU,Không đạt Cảm quan,"SI3624204655, SI3624204656",Phòng QA,Phúc,,,,HT1100001,TENOF EM (HOP/30VIEN),E241891A,04/06/2026,5076,HỘP,,,"Vấn đề liên quan đến số đăng ký
 2 SDK trên vỏ hộp, SDK trên vỏ chai là SDK cũ.
 SDK cũ đã hết hạn 28/04/2024,
  lô này được sx 05/06/2024",
BBSC-0533-1024,07/10/2024,Hoàn tất,HETERO,HÀNG NHẬP KHẨU,Không đạt Cảm quan,SI3624204904,Team ĐGC2,Như,Lữ,,,HT1100033,"DOLUTEGRAVIR, LAMIVUDINE AND TENOFOVIR DISOPROXIL FUMARATE T ABLETS 50/300/300MG (HOP/1 LO 30 VIEN)",E243762,03/09/2026,89,HỘP,,,"07/10/24: 28 hộp rách, 8 hộp móp
 08/10/24: 21 hộp rách, 18 hộp móp, 2 hộp nhòe date
 11/10/24: 7 hộp rách, 5 hộp móp",
BBSC-0534-1024,07/10/2024,Hoàn tất,Dr.Reddy's,HÀNG NHẬP KHẨU,Không đạt Cảm quan,9013472387,Kho Nhập,Trinh,,,,,TK106616552820,N/A,,20,THÙNG,,,"móp, dập vỏ thùng ngoài",
BBSC-0535-1024,07/10/2024,Hoàn tất,HETERO,HÀNG NHẬP KHẨU,Không đạt Cảm quan,"SI9224204426
 SI9224204427",Kho Nhập,Trinh,,,,,TK106626674121,N/A,,10,THÙNG,,,"móp, dập, ẩm ướt vỏ thùng ngoài",
BBSC-0536-1024,08/10/2024,Hoàn tất,Dr.Reddy's,HÀNG NHẬP KHẨU,Không đạt Cảm quan,9013472387,Phòng QA,Phúc,,,,RD1200020,IMATINIB DRLA (HOP/30VIEN),H2400896,30/06/2026,1553,HỘP,,,AW lủng củng,
BBSC-0537-1024,08/10/2024,Hoàn tất,HETERO,HÀNG NHẬP KHẨU,Không đạt Cảm quan,"SI9224204163
 SI9224204164",Kho Nhập,Trinh,,,,,TK106627154540,N/A,,30,THÙNG,,,"móp, dập vỏ thùng ngoài",
BBSC-0538-1024,08/10/2024,Hoàn tất,HYPHENS,HÀNG NHẬP KHẨU,Vượt Nhiệt độ,SI-24-000657-660,Phòng QA,Thảo,,,,HY1200004,LIPIODOL ULTRA FLUIDE 10ML,24LU604A,30/04/2027,1002,HỘP,,,nhiệt độ bị vượt,
BBSC-0538-1024,08/10/2024,Hoàn tất,HYPHENS,HÀNG NHẬP KHẨU,Vượt Nhiệt độ,SI-24-000657-660,Phòng QA,Thảo,,,,HY1200002,DOTAREM 10 ML,24GD033A01,28/02/2027,18750,HỘP,,,nhiệt độ bị vượt,
BBSC-0539-1024,09/10/2024,Hoàn tất,HETERO,HÀNG NHẬP KHẨU,Sai khác AW,SI9224204163 & SI9224204164,Phòng QA,Thảo,,,,HT1100016,LOSAGEN 50 (HOP/ 30 VIEN),FD242197,09/08/2026,53280,HỘP,,,HDSD sai khác với cục duyêt-,
BBSC-0540-1024,09/10/2024,Hoàn tất,HETERO,HÀNG NHẬP KHẨU,Không đạt Cảm quan,"SI9224204426, SI9224204427",Team ĐGC2,Như,Lữ,,,HT1100004,PANTIN 40 (HOP/ 30 VIEN),FD241806B,15/07/2026,3,HỘP,,,"09/10/24: 2 hộp ố vàng
 12/10/24: 1 hộp lỗi lot date",
BBSC-0541-1024,10/10/2024,Hoàn tất,Dr.Reddy's,HÀNG NHẬP KHẨU,Không đạt Cảm quan,9013472387,Team ĐGC2,Như,Lữ,,,RD1100012,RIVAXORED 15MG (HOP/1VI X 14VIEN),B2403166,30/04/2027,1,HỘP,,,1 hộp mờ date,
BBSC-0542-1024,10/10/2024,Hoàn tất,Dr.Reddy's,HÀNG NHẬP KHẨU,Sai khác AW,9013472539,Phòng QA,Thảo,,,,RD1200004,PEG-GRAFEEL (H/1 BOM TIEM 0.6ML),N240590F,31/08/2026,2500,HỘP,,,bao bì khác cục duyệt,
BBSC-0543-1024,11/10/2024,Khởi tạo,ALLEVIARE,HÀNG NHẬP KHẨU,Không đạt Cảm quan,EXP41/2024-25,Phòng QA,Thảo,,,,AV1300026,ALLSILVER 15G (HOP/ 1 TUYP),H432,25/08/2026,8,HỘP,,,8h móp,
BBSC-0544-1024,15/10/2024,Hoàn tất,BESIN,HÀNG NHẬP KHẨU,Không đạt Cảm quan,SD1-8101B-2409-81/71,Team ĐGC2,Như,Lữ,,Chưa scan,BS1300011,OESTROGEL 0.06% PUMP - PACK 80G 1.S,75650,31/05/2027,9,HỘP,,,9 hộp móp rách nặng,
BBSC-0544-1024,15/10/2024,Hoàn tất,BESIN,HÀNG NHẬP KHẨU,Không đạt Cảm quan,SD1-8101B-2409-81/71,Team ĐGC2,Như,Lữ,,Chưa scan,BS1300012,PAPILOCARE (2 CANNULAS X 5ML),W0481,31/12/2027,1,HỘP,,,1 hộp chảy,
BBSC-0545-1024,15/10/2024,Hoàn tất,GETZ,HÀNG NHẬP KHẨU,Không đạt Cảm quan,GETZ/VIET/538/2024,Kho Nhập,Trinh,,,Bỏ BBSC,GZ1101016,XALGETZ 0.4MG CAPS (HOP/10VIEN),393C30,18/07/2027,5,HỘP,,,BBSC bỏ do Trinh lấy trùng,
BBSC-0546-1024,15/10/2024,Hoàn tất,ALLEVIARE,HÀNG NHẬP KHẨU,Sai khác AW,EXP41/2024-25,Phòng QA,Thảo,,,,AV1300026,ALLSILVER 15G (HOP/ 1 TUYP),H432,25/08/2026,10000,HỘP,,,Tờ HDSD sai khác,
BBSC-0547-1024,15/10/2024,Hoàn tất,SANOFI,CN. ĐÀ NẴNG (Điều chuyển),Không đạt Cảm quan,NA,Kho Nhập,Yến,,,BBSC nội bộ,SA1100008,ENTEROGERMINA 2 BILLION/5ML B/ 20 BOTTLE,4I092,01/01/2026,4,HỘP,,,Móp,
BBSC-0548-1024,16/10/2024,Hoàn tất,VE PHARMA,HÀNG NHẬP KHẨU,Không đạt Cảm quan,2709-S22-INVVEVN/01/07/11,Team ĐGC2,Như,Lữ,,,SC6100025,"PREGNACARE MAX (H/56 VIEN NEN, 28 VIEN NANG)",PM2410,30/11/2026,540,HỘP,,,"16/10/24: 7 hộp lỗi lot date, 5 hộp rách nặng, 1 hộp dính mực, 3 hộp lỗi bao bì mặt bên, 2 hộp móp nhẹ, 48 hộp bị lệch tem trong
 17/10/24: 10 hộp rách nặng, 12 hộp lỗi lot date, 3 hộp ố vàng, 1 hộp móp nặng, 448 hộp bị lệch tem trong",
BBSC-0549-1024,16/10/2024,Hoàn tất,Dr.Reddy's,HÀNG NHẬP KHẨU,Không đạt Cảm quan,26879,Kho Nhập,Trinh,,,,RD1100017,STAMLO-T 80/5MG (HOP/28 VIEN),V2401931,31/07/2026,8,THÙNG,,,"móp, rách vỏ thùng ngoài",
BBSC-0550-1024,16/10/2024,Hoàn tất,Dr.Reddy's,HÀNG NHẬP KHẨU,Vượt Nhiệt độ,9013473278,Phòng QA,Phúc,,,,RD1200010,CASPOFUNGIN ACETATE 50MG (H/1 LO),A1480029,30/06/2026,8560,HỘP,,,"nhiệt độ âm 3,3 độ C",
BBSC-0551-1024,16/10/2024,Hoàn tất,GETZ,HÀNG NHẬP KHẨU,Không đạt Cảm quan,GETZ/VIET/538/2024,Kho Nhập,Trinh,,,,GZ1101016,XALGETZ 0.4MG CAPS (HOP/10VIEN),393C30,18/07/2027,5,HỘP,,,"04 hộp móp, 01 hộp rách",
BBSC-0552-1024,17/10/2024,Hoàn tất,ASTRAZENECA,CN. HÀ NỘI (Điều chuyển),Không đạt Cảm quan,67020,Kho Nhập,Yến,,,,AZ1100025,PLENDIL PLUS 5/50 MG PROLONGED-RELEASE TABLET BOTTLE 30.S,MAPR,07/03/2027,5,HỘP,,,Móp,
BBSC-0553-1024,17/10/2024,Hoàn tất,HETERO,HÀNG NHẬP KHẨU,Không đạt Cảm quan,SI9224203319-21-28-30-39,Kho Nhập,Trinh,,,,,TK106645374620,N/A,,459,THÙNG,,,"300 thùng bị móp, dập
 159 thùng bị ướt",
BBSC-0554-1024,19/10/2024,Hoàn tất,HYPHENS,HÀNG NHẬP KHẨU,Không đạt Cảm quan,SI-24-000688,Kho Nhập,Trinh,,,,,TK 106653025950,N/A,,1,THÙNG,,,"móp, dập vỏ thùng ngoài",
BBSC-0555-1024,19/10/2024,Hoàn tất,HETERO,HÀNG NHẬP KHẨU,Không đạt Cảm quan,SI9224203319-21-28-30-39,Team ĐGC2,Như,Thảo,,,HT1100017,HYPOLIP-20 (HOP/ 30 VIEN),FD241419,28/06/2026,1,HỘP,,,"19/10/2024: 01 hộp không lot, date",
BBSC-0555-1024,19/10/2024,Hoàn tất,HETERO,HÀNG NHẬP KHẨU,Không đạt Cảm quan,SI9224203319-21-28-30-39,Team ĐGC2,Như,Thảo,,,HT1100017,HYPOLIP-20 (HOP/ 30 VIEN),FD241420,28/06/2026,49,HỘP,,,"09.11.2024: 1 h ko vỏ hộp(đã tách ra bỏ vào chung LPN007811), 7 h rach, 1 h dính bẩn, 6 h ố vàng
 26/10/2024: 10 rách trầy bao bì do ẩm, 1 rách nhẹ, 24 ố vàng",
BBSC-0557-1024,21/10/2024,Hoàn tất,HYPHENS,HÀNG NHẬP KHẨU,Không đạt Cảm quan,SI-24-000687,Team ĐGC2,Như,Thảo,,Chưa scan,HY7300041,CERADAN SOOTHING GEL 50G,641001,31/10/2027,3,HỘP,,,"2 h lỗi lot, 1 h lỗi in bao bì (0557-1024)",
BBSC-0558-1024,21/10/2024,Hoàn tất,HYPHENS,HÀNG NHẬP KHẨU,Không đạt Cảm quan,SI-24-000688,Team ĐGC2,Như,Thảo,,Chưa scan,HY1100013,RUPAFIN (ORAL SOLUTION 120ML),24512,31/01/2027,2,HỘP,,,02 hộp móp,
BBSC-0559-1024,21/10/2024,Hoàn tất,HOE,HÀNG NHẬP KHẨU,Không đạt Cảm quan,21675,Team ĐGC2,Như,Phúc,,,HO1300027,T3 ACNE BODY WASH 200ML.,4F05HP,01/06/2027,61,Chai,,,"21/10/2024: 04 chai nứt nắp , 02 chai mờ lot date, 02 chai đóng ngược nắp
 23/10/2024: 02 chai in lỗi lot, date, 01 chai in lõi mã vạch
 30/10/2024:
 1 chai ngược nắp 
 2 chai ngược nắp, lot in sai vị trí
 1 chai không đóng được nắp
 5 chai nứt nắp
 05/11/2024: 32 chai nứt nắp, 1 chai đóng ngược nắp, 08 chai in mờ lot date",
BBSC-0560-1024,21/10/2024,Hoàn tất,HYPHENS,CN. HÀ NỘI (Điều chuyển),Không đạt Cảm quan,68460,Kho Nhập,Yến,,,,,STERIMAR,N/A,,30,THÙNG,,,Móp,
BBSC-0561-1024,21/10/2024,Hoàn tất,ASTRAZENECA,HÀNG TRONG NƯỚC,Không đạt Cảm quan,538,Kho Nhập,Thảo,Phúc,,,AZ1100025,PLENDIL PLUS 5/50 MG PROLONGED-RELEASE TABLET BOTTLE 30.S,MAPT,24/04/2027,1,HỘP,,,"Móp nặng trong thùng chẵn, thùng nguyên vẹn, nguyên niêm phong",
BBSC-0562-1024,22/10/2024,Hoàn tất,VE PHARMA,HÀNG NHẬP KHẨU,Không đạt Cảm quan,2709-S22-INVVEVN/01/07/11,Team ĐGC2,Như,Thảo,,,SC6100008,MENOPACE (H/30 VIEN),168674,31/03/2027,1,HỘP,,,01 hộp lỗi bao bì,
BBSC-0563-1024,22/10/2024,Hoàn tất,VE PHARMA,HÀNG NHẬP KHẨU,Không đạt Cảm quan,0310-S28-INVVEVN/01/07/29,Team ĐGC2,Như,Thảo,,,SC6100003,FEROGLOBIN B12 CAPSULES (H/30 VIEN),FW2407PA,30/04/2027,13,HỘP,,,"22/10/2024: 03 hộp móp, 01 hộp dính bẩn
 25/10/2024: 1 hộp rách, 01 hộp in lỗi lot, date
 30/10/2024:
 - 2H rách nặng, 1H móp nặng
 - 3H rách nhẹ, 1H móp nhẹ -> Chỉ định",
BBSC-0564-1024,22/10/2024,Hoàn tất,Dr.Reddy's,HÀNG NHẬP KHẨU,Không đạt Cảm quan,9013472954,Team ĐGC2,Như,Thảo,,Chưa scan,RD1100017,STAMLO-T 80/5MG (HOP/28 VIEN),V2401931,31/07/2026,56,HỘP,,,"22/10/2024:09 hộp móp 
 23/10/2024: 45 hộp móp, 02 hộp rách",
BBSC-0565-1024,23/10/2024,Hoàn tất,VE PHARMA,HÀNG TRẢ VỀ,Không đạt Cảm quan,NA,Kho Nhập,Trinh,,,,SC6100021,WELLKID MULTI-VITAMIN SMART CHEWABLE (H/30VIEN),F166743,31/10/2025,2,HỘP,,,Móp nặng,
BBSC-0565-1024,23/10/2024,Hoàn tất,VE PHARMA,HÀNG TRẢ VỀ,Không đạt Cảm quan,NA,Kho Nhập,Trinh,,,,SC6100024,OSTEOCARE CHEWABLE (HOP/30 VIEN),F169385,28/02/2026,1,HỘP,,,Móp nặng,
BBSC-0565-1024,23/10/2024,Hoàn tất,VE PHARMA,HÀNG TRẢ VỀ,Không đạt Cảm quan,NA,Kho Nhập,Trinh,,,,SC6100002,FEROGLOBIN B12 LIQUID 200ML,40488,31/03/2026,1,HỘP,,,Rách nặng,
BBSC-0565-1024,23/10/2024,Hoàn tất,VE PHARMA,HÀNG TRẢ VỀ,Không đạt Cảm quan,NA,Kho Nhập,Trinh,,,,SC6100015,PREGNACARE PLUS OMEGA 3 (H/56 VIEN),PP2345,31/05/2026,1,HỘP,,,"Móp, rách",
BBSC-0566-1024,23/10/2024,Hoàn tất,PARADIGM,HÀNG NHẬP KHẨU,Không đạt Cảm quan,57/2024,Kho Nhập,Trinh,,,,PD1100003,FLEMING 625MG B/100,A41101,09/08/2026,8,HỘP,,,"Thùng 81: 4H móp
 Thùng 82: 4H móp",
BBSC-0567-1024,24/10/2024,Hoàn tất,WW,HÀNG NHẬP KHẨU,Không đạt Cảm quan,INV91719111 & 91719218,Kho Nhập,Trinh,,,,WO1100004,SILYGAMMA 150MG 100.S,N/A,31/05/2027,2,PALLET,,,"Móp, rách vỏ thùng ngoài",
BBSC-0568-1024,24/10/2024,Hoàn tất,BESIN,HÀNG NHẬP KHẨU,Không đạt Cảm quan,SD1-8101B-2409-00057,Team ĐGC2,Như,Phúc,,,BS1300008,REGELLE,830M,30/06/2026,11,HỘP,,,"24/10/2024; LPN007835: 3H móp, 5H lỗi in lot date
 29/10/2024: 3H lỗi in lot date",
BBSC-0568-1024,24/10/2024,Hoàn tất,BESIN,HÀNG NHẬP KHẨU,Không đạt Cảm quan,SD1-8101B-2409-00057,Team ĐGC2,Như,Phúc,,,BS1300008,REGELLE,808M,30/06/2026,1,HỘP,,,25/10/2024: LPN007846: 01H lỗi in lot date,
BBSC-0569-1024,25/10/2024,Hoàn tất,VE PHARMA,HÀNG NHẬP KHẨU,Không đạt Cảm quan,2510-S30 INVVEVN-01-10-14,Kho Nhập,Trinh,,,,SC6100019,WELLBABY MULTI-VITAMIN LIQUID (CHAI 150ML),N/A,31/07/2026,2,PALLET,,,"Móp,dập vỏ thùng ngoài",
BBSC-0570-1024,25/10/2024,Hoàn tất,WW,HÀNG NHẬP KHẨU,Không đạt Cảm quan,91719111,Team ĐGC2,Như,Phúc,,,WO1100004,SILYGAMMA 150MG 100.S,428581,30/06/2027,12,HỘP,,,"25/10/2024: 05H móp rách, 07H không lot date",
BBSC-0570-1024,25/10/2024,Hoàn tất,WW,HÀNG NHẬP KHẨU,Không đạt Cảm quan,91719111,Team ĐGC2,Như,Phúc,,,WO1100004,SILYGAMMA 150MG 100.S,428583,31/05/2027,12,HỘP,,,25/10/2024: 12H móp rách,
BBSC-0570-1024,25/10/2024,Hoàn tất,WW,HÀNG NHẬP KHẨU,Không đạt Cảm quan,91719111,Team ĐGC2,Như,Phúc,,,WO1100004,SILYGAMMA 150MG 100.S,428592,31/05/2027,4,HỘP,,,"26/10/2024: 
 LPN007853: 2 rách , 1 móp, 1 lỗi in bao bì",
BBSC-0570-1024,25/10/2024,Hoàn tất,WW,HÀNG NHẬP KHẨU,Không đạt Cảm quan,91719111,Team ĐGC2,Như,Phúc,,,WO1100004,SILYGAMMA 150MG 100.S,428584,31/05/2027,47,HỘP,,,"26/10/2024: 26 móp rách, 21 mop",
BBSC-0570-1024,25/10/2024,Hoàn tất,WW,HÀNG NHẬP KHẨU,Không đạt Cảm quan,91719111,Team ĐGC2,Như,Phúc,,,WO1100004,SILYGAMMA 150MG 100.S,430342,30/06/2027,3,HỘP,,,LPN007862: 3H rách,
BBSC-0570-1024,25/10/2024,Hoàn tất,WW,HÀNG NHẬP KHẨU,Không đạt Cảm quan,91719111,Team ĐGC2,Như,Phúc,,,WO1100004,SILYGAMMA 150MG 100.S,428590,31/05/2027,2,HỘP,,,LPN007857: 2H móp,
BBSC-0571-1024,28/10/2024,Hoàn tất,ALLEVIARE,HÀNG NHẬP KHẨU,Không đạt Cảm quan,GJ0600001736,Kho Nhập,Trinh,,,,AV1100020,ARIP TABLET 15MG (H/3 VI X10 VIEN),BBX3L003,11/09/2026,10,THÙNG,,,"Móp,dập vỏ thùng ngoài",
BBSC-0572-1024,28/10/2024,Hoàn tất,VE PHARMA,HÀNG NHẬP KHẨU,Không đạt Cảm quan,2510-S30 INVVEVN-01-10-14,Team ĐGC2,Như,Phúc,,,SC6100019,WELLBABY MULTI-VITAMIN LIQUID (CHAI 150ML),41401,31/07/2026,20,HỘP,,,"LPN007859: 24H lỗi bao bì, 6H móp nặng, 
 LPN007860: 1H móp nhẹ",
BBSC-0572-1024,28/10/2024,Hoàn tất,VE PHARMA,HÀNG NHẬP KHẨU,Không đạt Cảm quan,2510-S30 INVVEVN-01-10-14,Team ĐGC2,Như,Phúc,,,SC6100019,WELLBABY MULTI-VITAMIN LIQUID (CHAI 150ML),41403,31/07/2026,31,HỘP,,,"LPN007858: 17H móp nặng, 2H lỗi in lot date, 
 LPN007861: 1H móp nhẹ",
BBSC-0573-1024,28/10/2024,Khởi tạo,WW,HÀNG NHẬP KHẨU,Không đạt Cảm quan,91719218,Team ĐGC2,Như,Phúc,,,WO1100004,SILYGAMMA 150MG 100.S,428589,31/05/2027,13,HỘP,,,"28/10/2024: LPN007863: 2H móp, 11H rách",
BBSC-0573-1024,28/10/2024,Khởi tạo,WW,HÀNG NHẬP KHẨU,Không đạt Cảm quan,91719218,Team ĐGC2,Như,Phúc,,,WO1100004,SILYGAMMA 150MG 100.S,432783,31/07/2027,1,HỘP,,,31/10/2024: LPN007885: 1H móp,
BBSC-0573-1024,28/10/2024,Khởi tạo,WW,HÀNG NHẬP KHẨU,Không đạt Cảm quan,91719218,Team ĐGC2,Như,Phúc,,,WO1100004,SILYGAMMA 150MG 100.S,430343,31/07/2027,6,HỘP,,,"LPN007869: 1H trầy bao bì, 1H móp, 4H rách",
BBSC-0573-1024,28/10/2024,Khởi tạo,WW,HÀNG NHẬP KHẨU,Không đạt Cảm quan,91719218,Team ĐGC2,Như,Phúc,,,WO1100004,SILYGAMMA 150MG 100.S,430344,31/07/2027,1,HỘP,,,29/09/2024: LPN007872: 1H rách,
BBSC-0574-1024,30/10/2024,Hoàn tất,VE PHARMA,HÀNG NHẬP KHẨU,Không đạt Cảm quan,VEVN/01/10/18,Kho Nhập,Trinh,,,,,TK106682152030,N/A,,1,PALLET,,,"01 PALLET bị móp, dập vỏ thùng ngoài",
BBSC-0575-1024,30/10/2024,Hoàn tất,HYPHENS,HÀNG NHẬP KHẨU,Không đạt Cảm quan,SI 24-000712,Kho Nhập,Trinh,,,,,TK106681794810,N/A,,1,PALLET,,,"01 PALLET bị móp, dập vỏ thùng ngoài & vượt nhiệt độ (5 thiết bị: 32.6, 33.9, 35.3, 35.6, 35.8)",
BBSC-0576-1024,30/10/2024,Khởi tạo,ALLEVIARE,HÀNG NHẬP KHẨU,Không đạt Cảm quan,GJ0600001736,Team ĐGC2,Như,Phúc,,,AV1100020,ARIP TABLET 15MG (H/3 VI X10 VIEN),BBX3L003,11/09/2026,9,HỘP,,,Móp 9 hộp,
BBSC-0577-1024,31/10/2024,Hoàn tất,WW,HÀNG NHẬP KHẨU,Không đạt Cảm quan,91719103,Kho Nhập,Trinh,,,,,TK106678568141,N/A,,3,PALLET,,,"Móp,dập vỏ thùng ngoài",
BBSC-0578-1024,31/10/2024,Hoàn tất,HETERO,HÀNG NHẬP KHẨU,Không đạt Cảm quan,SI3624000399,Kho Nhập,Trinh,,,,,TK106685158310,N/A,,10,THÙNG,,,"Móp,dập vỏ thùng ngoài",
BBSC-0579-1024,31/10/2024,Hoàn tất,HYPHENS,HÀNG NHẬP KHẨU,Vượt Nhiệt độ,SI 24-000717,Kho Nhập,Trinh,,,,HY1200002,DOTAREM 10 ML,24GD062A01,31/05/2027,4,PALLET,,,"Nhiệt độ vượt & Móp,dập vỏ thùng ngoài 2 PALLET (tính trên INV)",
BBSC-0579-1024,31/10/2024,Hoàn tất,HYPHENS,HÀNG NHẬP KHẨU,Vượt Nhiệt độ,SI 24-000717,Kho Nhập,Trinh,,,,HY1200002,DOTAREM 10 ML,24GD062B01,31/05/2027,4,PALLET,,,"Nhiệt độ vượt & Móp,dập vỏ thùng ngoài 2 PALLET (tính trên INV)",
BBSC-0580-1124,01/11/2024,Hoàn tất,HETERO,HÀNG NHẬP KHẨU,Không đạt Cảm quan,SI9224204950-SI9224204951,Team ĐGC2,Như,Thảo,,,HT1100019,SIFE-100 (HOP/ 20 VIEN),FD241366,03/07/2027,8,HỘP LỚN,,,"01.11.2024:1h lớn rách(2h nhỏ in lỗi lô)(0580-1124)
 08.11.2024: 1 h lớn móp, 5 h lớn ko lot, in lỗi lot (2 h nhỏ ko lot, 2 h nhỏ dính bẩn)
 11.11.2024 : 01 hộp lớn in lỗi lot, date",
BBSC-0580-1124,01/11/2024,Hoàn tất,HETERO,HÀNG NHẬP KHẨU,Không đạt Cảm quan,SI9224204950-SI9224204951,Team ĐGC2,Như,Thảo,,,HT1100019,SIFE-100 (HOP/ 20 VIEN),FD241367,03/07/2027,35,HỘP LỚN,,,"11/11/2024:26 hộp rách, 1 hộp móp(0580-1124)
 12/11/2024: 6 h lớn rách (1 hộp nhỏ móp, 1 hộp nhỏ rách)
 14/11/2024: 2 hộp lớn (7 hộp nhỏ không in lot date)",
BBSC-0581-1124,02/11/2024,Hoàn tất,WW,HÀNG NHẬP KHẨU,Sai số lượng,91719103,Team ĐGC2,Như,,,,WO1100004,SILYGAMMA 150MG 100.S,428595,31/05/2027,60,HỘP,,,thiếu 60 hộp,
BBSC-0582-1124,02/11/2024,Hoàn tất,HETERO,HÀNG NHẬP KHẨU,Không đạt Cảm quan,SI3624000399,Team ĐGC2,Như,Thảo,,,HT1200001,VANCONEX (VANCOMYCIN HYDROCHLORIDE FOR INJECTION USP 500MG/V IAL),AS1240307A,24/09/2026,1,HỘP,,,"1h in nhòe lot, date",
BBSC-0583-1124,02/11/2024,Hoàn tất,WW,HÀNG NHẬP KHẨU,Không đạt Cảm quan,91719103,Team ĐGC2,Như,Thảo,,Chưa scan,WO1100004,SILYGAMMA 150MG 100.S,428593,31/05/2027,1,HỘP,,,01 hộp rách,
BBSC-0583-1124,02/11/2024,Hoàn tất,WW,HÀNG NHẬP KHẨU,Không đạt Cảm quan,91719103,Team ĐGC2,Như,Thảo,,Chưa scan,WO1100004,SILYGAMMA 150MG 100.S,428595,31/05/2027,2,HỘP,,,"01 hộp rách, 01 hộp móp",
BBSC-0583-1124,02/11/2024,Hoàn tất,WW,HÀNG NHẬP KHẨU,Không đạt Cảm quan,91719103,Team ĐGC2,Như,Thảo,,Chưa scan,WO1100004,SILYGAMMA 150MG 100.S,428594,31/05/2027,3,HỘP,,,"01 hộp rách, 02 hộp móp (0583-1124)",
BBSC-0583-1124,02/11/2024,Hoàn tất,WW,HÀNG NHẬP KHẨU,Không đạt Cảm quan,91719103,Team ĐGC2,Như,Thảo,,Chưa scan,WO1100004,SILYGAMMA 150MG 100.S,428596,31/05/2027,8,HỘP,,,"4 h móp nhẹ, 3 h móp nặng, 1 h rách nặng",
BBSC-0584-1124,04/11/2024,Hoàn tất,ASTRAZENECA,HÀNG TRONG NƯỚC,Không đạt Cảm quan,546,Kho Nhập,Trinh,,,,AZ1100025,PLENDIL PLUS 5/50 MG PROLONGED-RELEASE TABLET BOTTLE 30.S,MAPT,24/04/2027,1,HỘP,,,"01 hộp móp trong thùn nguyên vẹn, thùng chẵn",
BBSC-0585-1124,04/11/2024,Hoàn tất,VE PHARMA,HÀNG NHẬP KHẨU,Không đạt Cảm quan,3010-S31 INVVEVN/01/10/18,Team ĐGC2,Như,Thảo,,,SC6100019,WELLBABY MULTI-VITAMIN LIQUID (CHAI 150ML),41555,30/08/2026,1197,HỘP,,,"04/11/2024: 435 hộp móp nhẹ (chữ C), 10 móp nặng
 05/11/2024: 398 hộp móp nhẹ chữ C, 3 hộp rách nạng , 08 hộp móp nặng
 06/11/2024: 339 móp nhẹ chữ C, 3 hộp rách nặng, 1 hộp móp nặng",
BBSC-0586-1124,04/11/2024,Hoàn tất,HETERO,HÀNG NHẬP KHẨU,Không đạt Cảm quan,SI9224204437-4438-4948-4949,Kho Nhập,Trinh,,,,,TK106685287000,N/A,,6,THÙNG,,,"Móp,dập vỏ thùng ngoài",
BBSC-0587-1124,04/11/2024,Hoàn tất,IMEXPHARM,CN. HÀ NỘI (Điều chuyển),Không đạt Cảm quan,N/A,Kho Nhập,Yến,,,,SD1100005,OSPAMOX 500MG TAB 10.S (NQ),7323,01/10/2027,5,THÙNG,,,"Ẩm, móp, rách vỏ thùng",
BBSC-0588-1124,06/11/2024,Hoàn tất,HYPHENS,HÀNG NHẬP KHẨU,Không đạt Cảm quan,SI-24-000726,Kho Nhập,Trinh,,,,,TK106700219840,N/A,,1,PALLET,,,"Móp,dập vỏ thùng ngoài",
BBSC-0589-1124,06/11/2024,Hoàn tất,ASTRAZENECA,HÀNG TRONG NƯỚC,Không đạt Cảm quan,557 & 558,Kho Nhập,Trang,,,,AZ1100025,PLENDIL PLUS 5/50 MG PROLONGED-RELEASE TABLET BOTTLE 30.S,MAPT,24/04/2027,2,HỘP,,,2 hộp móp,
BBSC-0589-1124,06/11/2024,Hoàn tất,ASTRAZENECA,HÀNG TRONG NƯỚC,Không đạt Cảm quan,557 & 558,Kho Nhập,Trang,,,,AZ1100007,NOLVADEX-D 20 MG TABLETS 3 BLISTERS X 10.S,SP648,18/12/2028,5,HỘP,,,5 hộp rách phần nắp gài,
BBSC-0590-1124,07/11/2024,Hoàn tất,LUYE,CN. HÀ NỘI (Điều chuyển),Không đạt Cảm quan,72972,Kho Nhập,Yến,,,,LU1100001,SEROQUEL XR TAB 300MG 30.S (HOP/30VIEN).,SP100,31/03/2027,25,HỘP,,,"Hàng CNHN về kho Hoàng Đức ngày 07/11/2024, trong quá trình kiểm nhập phát hiện móp.",
BBSC-0592-1124,07/11/2024,Hoàn tất,BESIN,HÀNG NHẬP KHẨU,Không đạt Cảm quan,SD1-8101B-2410-00022,Team ĐGC2,Như,Thảo,,,BS1100002,UTROGESTAN 200MG,243794,30/06/2027,6,HỘP,,,"1 h ko lot date, 2 hộp rách
 11/11/2024: 02 hộp lỗi bao bì
 21/11/2024: 01 hộp lỗi bao bì - đường gạch",
BBSC-0593-1124,07/11/2024,Hoàn tất,HETERO,HÀNG NHẬP KHẨU,Không đạt Cảm quan,9224205087,Kho Nhập,Yến,,,,,TK106698364250,N/A,,5,THÙNG,,,"móp, dập vỏ thùng ngoài, hàng về kho kèm BBBT.",
BBSC-0594-1124,07/11/2024,Hoàn tất,VE PHARMA,HÀNG NHẬP KHẨU,Không đạt Cảm quan,0310-S28-VEVN/01/07/29,Team ĐGC2,Như,Thảo,,,SC6100003,FEROGLOBIN B12 CAPSULES (H/30 VIEN),FW2407PA,30/04/2027,30,HỘP,,,"02 hộp in lỗi bao bì
 12/11/2024: 3 hộp rách nặng, 03 móp nặng, 1 hộp lỗi bao bì, 1 hộp không lot
 13.11.2024: 08 hộp in lỗi bao bì, 04 hộp móp nặng
 14/11/2024: 4 hộp móp nhẹ, 1 hộp rách nặng, 3 hộp in lỗi bao bì)",
BBSC-0595-1124,07/11/2024,Hoàn tất,HETERO,HÀNG NHẬP KHẨU,Không đạt Cảm quan,SI9224204437-4438-4948-4949,Team ĐGC2,Như,Thảo,,,HT1100008,TELSAR 40 (HOP/ 30 VIEN),FD240860,06/06/2027,4,HỘP,,,"02 hộp móp, 02 hộp rách",
BBSC-0595-1124,07/11/2024,Hoàn tất,HETERO,HÀNG NHẬP KHẨU,Không đạt Cảm quan,SI9224204437-4438-4948-4949,Team ĐGC2,Như,Thảo,,,HT1100008,TELSAR 40 (HOP/ 30 VIEN),FD240861,06/06/2027,10,HỘP,,,"4 rách, 6 móp(0595-1124)",
BBSC-0595-1124,07/11/2024,Hoàn tất,HETERO,HÀNG NHẬP KHẨU,Không đạt Cảm quan,SI9224204437-4438-4948-4949,Team ĐGC2,Như,Thảo,,,HT1100008,TELSAR 40 (HOP/ 30 VIEN),FD242445,29/07/2027,5,HỘP,,,"4 hộp rách, 01 hộp móp",
BBSC-0596-1124,07/11/2024,Hoàn tất,HETERO,HÀNG NHẬP KHẨU,Sai số lượng,SI9224204437-4438-4948-4949,Team ĐGC2,Như,,,,HT1100008,TELSAR 40 (HOP/ 30 VIEN),FD240860,06/06/2027,1,HỘP,,,thiếu 01 hộp,
BBSC-0597-1124,08/11/2024,Hoàn tất,HETERO,HÀNG NHẬP KHẨU,Không đạt Cảm quan,SI9224205087,Team ĐGC2,Như,Thảo,,,HT1100013,TEMOTERO 20 (HOP/ 5 VIEN),FE240018B,24/05/2026,2,HỘP,,,02 hộp móp,
BBSC-0598-1124,11/11/2024,Hoàn tất,HETERO,HÀNG NHẬP KHẨU,Sai số lượng,SI9224203319-21-28-30-39,Team ĐGC2,Như,,,,HT1100017,HYPOLIP-20 (HOP/ 30 VIEN),FD241420,28/06/2026,5,HỘP,,,05 hộp thiếu,
BBSC-0599-1124,11/11/2024,Khởi tạo,Dr.Reddy's,HÀNG NHẬP KHẨU,Không đạt Cảm quan,9013475318,Team ĐGC2,Như,Thảo,,,RD1200013,WINDUZA (H/1 LO),H240742,31/08/2026,6,HỘP,,,06 hộp rách,
BBSC-0600-1124,11/11/2024,Hoàn tất,HETERO,HÀNG NHẬP KHẨU,Không đạt Cảm quan,SI3624205744,Kho Nhập,Trinh,,,,HT1100029,ETORICOXIB TABLETS 60MG (HOP/30 VIEN),E242382,15/05/2026,10,THÙNG,,,"10 kiện hàng bị móp, dập vỏ thùng ngoài, hàng về kho kèm BBBT.",
BBSC-0601-1124,11/11/2024,Hoàn tất,VE PHARMA,HÀNG NHẬP KHẨU,Không đạt Cảm quan,0811-S26_INVVEVN/01/08/30,Team ĐGC2,Như,Thảo,,,SC6100017,WELLKID MULTI-VITAMIN LIQUID (CHAI/150ML),40696,31/03/2026,13,HỘP,,,"10 hộp móp nhẹ(chữ C), 1 hộp trầy bao bì, 02 hộp rách nặng",
BBSC-0601-1124,11/11/2024,Hoàn tất,VE PHARMA,HÀNG NHẬP KHẨU,Không đạt Cảm quan,0811-S26_INVVEVN/01/08/30,Team ĐGC2,Như,Thảo,,,SC6100019,WELLBABY MULTI-VITAMIN LIQUID (CHAI 150ML),41079,31/03/2026,26,HỘP,,,"01 hộp rách nặng
 13/11/2024: 2 rách nặng, 3 móp nặng, 02 hộp mờ mất lot date, 01 hộp móp nhẹ, 14 hộp mờ chữ nhẹ
 18/11/24: 02 hộp móp nhẹ, 01 hộp rách nặng",
BBSC-0601-1124,11/11/2024,Hoàn tất,VE PHARMA,HÀNG NHẬP KHẨU,Không đạt Cảm quan,0811-S26_INVVEVN/01/08/30,Team ĐGC2,Như,Thảo,,,SC6100016,OSTEOCARE FIZZ (TUYP/ 20 VIEN),F170292,30/06/2026,1,TUÝP,,,1 tuýp bị nứt(0601-1124)-,
BBSC-0602-1124,11/11/2024,Hoàn tất,ASTRAZENECA,HÀNG TRONG NƯỚC,Không đạt Cảm quan,568,Kho Nhập,,,,,AZ1100011,NOLVADEX 10 MG TABLETS X 3 BLISTERS X 10.S,SF616,17/08/2027,1,HỘP,,,"1 hộp móp rách trong thùng nguyên vẹn, thùng chẵn,",
BBSC-0603-1124,12/11/2024,Hoàn tất,HYPHENS,HÀNG NHẬP KHẨU,Không đạt Cảm quan,SI 24-000721/22/23/28,Kho Nhập,Trinh,,,,HY1200008,XENETIX 350 (HOP/10 LO x 100ML),24WF062C01,30/06/2027,71,HỘP,,,"PALLET bị ẩm, ướt 71 vỏ hộp",
BBSC-0603-1124,12/11/2024,Hoàn tất,HYPHENS,HÀNG NHẬP KHẨU,Không đạt Cảm quan,SI 24-000721/22/23/28,Kho Nhập,Trinh,,,,HY1200008,XENETIX 350 (HOP/10 LO x 100ML),24WF063A01,30/06/2027,18,HỘP,,,"PALLET bị ẩm, ướt 18 vỏ hộp",
BBSC-0604-1124,12/11/2024,Hoàn tất,SANOFI,HÀNG TRONG NƯỚC,Không đạt Cảm quan,1194,Kho Nhập,Trinh,,,,SA1100012,PHOSPHALUGEL 12.38G/20G ORGEL SC26 VN,428302,29/05/2027,1,HỘP,,,"Móp vỏ hộp trong thùng chẵn, nguyên vẹn (Thùng số 355)",
BBSC-0605-1124,13/11/2024,Hoàn tất,HETERO,HÀNG NHẬP KHẨU,Sai số lượng,SI3624205744,Team ĐGC2,Như,,,,HT1100029,ETORICOXIB TABLETS 60MG (HOP/30 VIEN),E242382,15/05/2026,1,HỘP,,,01 hôp thiếu,
BBSC-0606-1124,13/11/2024,Hoàn tất,HETERO,HÀNG NHẬP KHẨU,Không đạt Cảm quan,SI3624205744,Team ĐGC2,Như,Thảo,,,HT1100029,ETORICOXIB TABLETS 60MG (HOP/30 VIEN),E242382,15/05/2026,16,HỘP,,,"14 rách, 2 móp",
BBSC-0607-1124,14/11/2024,Khởi tạo,LUYE,HÀNG NHẬP KHẨU,Không đạt Cảm quan,INUK-240090-91,Kho Nhập,Trinh,,,,,TK 106716753400,N/A,,2,PALLET,,,"Móp,dập vỏ thùng ngoài",
BBSC-0608-1124,14/11/2024,Hoàn tất,VE PHARMA,HÀNG NHẬP KHẨU,Không đạt Cảm quan,0310-S28_INVVEVN/01/09/20,Team ĐGC2,Như,Thảo,,Chưa scan,SC6100003,FEROGLOBIN B12 CAPSULES (H/30 VIEN),FW2414PA,31/05/2027,20,HỘP,,,"14/11/24: 03 hộp móp nặng
 21/11/24: 07 hộp rách nặng, 03 hộp móp nặng, 01 hộp trầy mặt chính, 01 hộp dơ mặt chính
 22/11/24: 03 hộp móp nặng, 01 hộp rách nặng, 01 hộp ố vàng",
BBSC-0609-1124,15/11/2024,Hoàn tất,ASTRAZENECA,HÀNG TRONG NƯỚC,Không đạt Cảm quan,575,Kho Nhập,Duyên,Phúc,,,AZ1100023,KOMBOGLYZE XR 5MG/1000MG BOX OF 4 BLISTERS X 7 FILM-COATED T,WF0157,07/05/2027,125,HỘP,,,Hộp có dấu rạch/cắt nông trong thùng nguyên,
BBSC-0609-1124,15/11/2024,Hoàn tất,ASTRAZENECA,HÀNG TRONG NƯỚC,Không đạt Cảm quan,575,Kho Nhập,Duyên,Phúc,,,AZ1100025,PLENDIL PLUS 5/50 MG PROLONGED-RELEASE TABLET BOTTLE 30.S,MAPT,24/04/2027,1,HỘP,,,Móp,
BBSC-0610-1124,15/11/2024,Hoàn tất,LUYE,HÀNG NHẬP KHẨU,Không đạt Cảm quan,INUK-240090-240091,Team ĐGC2,Như,Lữ,,,LU1100002,SEROQUEL XR TAB 200MG 30.S (HOP/30VIEN).,SR187,10/04/2027,6,HỘP,,,15/11/24: 06 hộp móp và rách niêm phong,
BBSC-0610-1124,15/11/2024,Hoàn tất,LUYE,HÀNG NHẬP KHẨU,Không đạt Cảm quan,INUK-240090-240091,Team ĐGC2,Như,Lữ,,,LU1100003,SEROQUEL XR TAB 50MG 30.S (HOP/30VIEN).,SR115,28/02/2027,2,HỘP,,,18/11/24: 02 hộp móp,
BBSC-0610-1124,15/11/2024,Hoàn tất,LUYE,HÀNG NHẬP KHẨU,Không đạt Cảm quan,INUK-240090-240091,Team ĐGC2,Như,Lữ,,,LU1100003,SEROQUEL XR TAB 50MG 30.S (HOP/30VIEN).,SR118,28/02/2027,17,HỘP,,,19/11/24:17 hộp móp,
BBSC-0610-1124,15/11/2024,Hoàn tất,LUYE,HÀNG NHẬP KHẨU,Không đạt Cảm quan,INUK-240090-240091,Team ĐGC2,Như,Lữ,,,LU1100003,SEROQUEL XR TAB 50MG 30.S (HOP/30VIEN).,SR311,30/04/2027,45,HỘP,,,19/11/24: 45 hộp móp,
BBSC-0611-1124,19/11/2024,Hoàn tất,VE PHARMA,HÀNG NHẬP KHẨU,Không đạt Cảm quan,0811-S26_INVVEVN/01/08/30,Team ĐGC2,Như,Lữ,,,SC6100001,OSTEOCARE LIQUID 200ML,41302,31/07/2026,36,HỘP,,,"19/11/24: 10 hộp rách nặng, 02 hộp móp nặng
 20/11/24: 20 hộp móp nặng, 02 hộp rách nặng, 02 hộp móp nhẹ",
BBSC-0611-1124,19/11/2024,Hoàn tất,VE PHARMA,HÀNG NHẬP KHẨU,Không đạt Cảm quan,0811-S26_INVVEVN/01/08/30,Team ĐGC2,Như,Lữ,,,SC6100019,WELLBABY MULTI-VITAMIN LIQUID (CHAI 150ML),41096,30/06/2026,19,HỘP,,,"20/11/24: 10 hộp móp nặng, 3 hộp rách nặng, 02 hộp lỗi lot date, 04 hộp móp nhẹ",
BBSC-0612-1124,19/11/2024,Hoàn tất,VE PHARMA,HÀNG NHẬP KHẨU,Không đạt Cảm quan,0310-S28-INVVEVN/01/07/29,Team ĐGC2,Như,Lữ,,,SC6100003,FEROGLOBIN B12 CAPSULES (H/30 VIEN),FW2407PA,30/04/2027,11,HỘP,,,"19/11/24: 04 hộp móp rách nặng, 02 hộp móp nặng, 02 hộp móp nhẹ
 20/11/24: 02 hộp móp nặng, 01 hộp dính mực",
BBSC-0613-1124,19/11/2024,Hoàn tất,GETZ,HÀNG NHẬP KHẨU,Không đạt Cảm quan,GETZ/VIET/521/2024,Kho Nhập,Trinh,,,,GZ1101008,GETZLOX 500MG TAB,811F09,14/08/2029,1,HỘP,,,Móp vỏ hộp & rách vỏ vỉ bên trong,
BBSC-0614-1124,20/11/2024,Hoàn tất,DAVIPHARM,HÀNG TRONG NƯỚC,Không đạt Cảm quan,N/A,Phòng QA,Phúc,,,,DV1100177,MAGRAX (HOP/100VIEN) - EU,230963,06/06/2026,1,HỘP,,,Không lot date,
BBSC-0616-1124,20/11/2024,Hoàn tất,HETERO,HÀNG NHẬP KHẨU,Sai khác AW,SI9224205468,Phòng QA,Thảo,,,Chưa scan,HT1100014,SIFE-50 (HOP/ 20 VIEN),FD241515B,03/07/2027,1787,HỘP,,,Tờ HDSD sai khác,
BBSC-0617-1124,25/11/2024,Hoàn tất,BESIN,HÀNG NHẬP KHẨU,Không đạt Cảm quan,SD1-8101C-2411-00003,Kho Nhập,Trinh,,,,BS1100002,UTROGESTAN 100MG,641,30/09/2024,1,THÙNG,,,"Móp, dập thùng ngoài",
BBSC-0618-1124,25/11/2024,Hoàn tất,BESIN,HÀNG NHẬP KHẨU,Vượt Nhiệt độ,SD1-8101C-2411-00003,Phòng QA,Phúc,,,,BS1100002,UTROGESTAN 100MG,641,30/09/2024,59850,HỘP,,,Nhiệt độ max 32.1°C,
BBSC-0619-1124,25/11/2024,Hoàn tất,Dr.Reddy's,CN. HÀ NỘI (Điều chuyển),Không đạt Cảm quan,78102,Kho Nhập,Yến,,,,RD1100016,STAMLO-T (HOP/ 28 VIEN),V2301512,31/05/2025,20,HỘP,,,"20 hộp bị ướt, rách",
BBSC-0620-1124,25/11/2024,Khởi tạo,Dr.Reddy's,HÀNG NHẬP KHẨU,Không đạt Cảm quan,9013471741,Team ĐGC2,Như,Phúc,,,RD1100004,STAMLO 5 (H/2VI X 10VIEN),B2402599,31/07/2026,5,HỘP,,,"25/11/24: 02 hộp ố vàng, 02 hộp mất chữ
 02/12/2024: 01 hộp móp rách nặng",
BBSC-0621-1124,26/11/2024,Hoàn tất,DANONE,HÀNG NHẬP KHẨU,Không đạt Cảm quan,8030499378,Kho Nhập,Trinh,,,,DE6100004,THUC PHAM DINH DUONG Y HOC FORTIMEL COMPACT PROTEIN (HUONG D,N/A,,6,PALLET,,,"06 PALLET hàng bị móp, dập vỏ thùng ngoài",
BBSC-0622-1124,27/11/2024,Hoàn tất,HETERO,HÀNG NHẬP KHẨU,Không đạt Cảm quan,SI3624206351,Kho Nhập,Trinh,,,,HT1100033,"DOLUTEGRAVIR, LAMIVUDINE AND TENOFOVIR DISOPROXIL FUMARATE T ABLETS 50/300/300MG (HOP/1 LO 30 VIEN)",E244213,02/10/2026,10,THÙNG,,,"Móp, dập thùng ngoài",
BBSC-0623-1124,27/11/2024,Hoàn tất,Dr.Reddy's,HÀNG NHẬP KHẨU,Không đạt Cảm quan,9013477760,Kho Nhập,Trinh,,,,,TK106751847751,N/A,,8,THÙNG,,,"08 kiện hàng bị móp, dập vỏ thùng ngoài",
BBSC-0627-1124,28/11/2024,Hoàn tất,HETERO,HÀNG NHẬP KHẨU,Không đạt Cảm quan,SI9224205708,Kho Nhập,Trinh,,,,HT1100004,PANTIN 40 (HOP/ 30 VIEN),N/A,,10,THÙNG,,,"10 kiện hàng bị móp, dập, dơ vỏ thùng ngoài",
BBSC-0628-1124,28/11/2024,Hoàn tất,HETERO,HÀNG NHẬP KHẨU,Không đạt Cảm quan,SI3624206351,Team ĐGC2,Như,Lữ,,,HT1100033,"DOLUTEGRAVIR, LAMIVUDINE AND TENOFOVIR DISOPROXIL FUMARATE T ABLETS 50/300/300MG (HOP/1 LO 30 VIEN)",E244213,02/10/2026,40,HỘP,,,"28/11/24: 04 hộp móp rách nặng
 29/11/24: 36 hộp móp rách nặng",
BBSC-0629-1124,28/11/2024,Hoàn tất,HETERO,HÀNG NHẬP KHẨU,Không đạt Cảm quan,SI3624206353,Kho Nhập,Trinh,,,,HT1100033,"DOLUTEGRAVIR, LAMIVUDINE AND TENOFOVIR DISOPROXIL FUMARATE T ABLETS 50/300/300MG (HOP/1 LO 30 VIEN)",244291,07/10/2026,10,THÙNG,,,"Móp, dập vỏ thùng ngoài",
BBSC-0630-1124,28/11/2024,Hoàn tất,HYPHENS,HÀNG NHẬP KHẨU,Vượt Nhiệt độ,SI-24-000773,Phòng QA,Thảo,,,,HY1200001,"CUROSURF 120MG/1,5ML (H/1LO X 1,5ML)",1203055,29/03/2026,675,HỘP,,,Nhiệt độ không đạt,
BBSC-0631-1124,29/11/2024,Hoàn tất,HETERO,HÀNG NHẬP KHẨU,Không đạt Cảm quan,SI3624206352,Kho Nhập,Trinh,,,,HT1100033,"DOLUTEGRAVIR, LAMIVUDINE AND TENOFOVIR DISOPROXIL FUMARATE T ABLETS 50/300/300MG (HOP/1 LO 30 VIEN)",E244214,03/10/2026,9,THÙNG,,,"Móp, dập, dơ vỏ thùng ngoài",
BBSC-0632-1124,29/11/2024,Hoàn tất,HETERO,HÀNG NHẬP KHẨU,Không đạt Cảm quan,SI3624206392,Kho Nhập,Trinh,,,,HT1100033,"DOLUTEGRAVIR, LAMIVUDINE AND TENOFOVIR DISOPROXIL FUMARATE T ABLETS 50/300/300MG (HOP/1 LO 30 VIEN)",E244292,08/10/2026,202,THÙNG,,,"Móp, dập, ẩm ướt vỏ thùng ngoài",
BBSC-0633-1124,29/11/2024,Hoàn tất,HETERO,HÀNG NHẬP KHẨU,Không đạt Cảm quan,SI3624205923,Kho Nhập,Trinh,,,,HT1100003,LAZINE 5MG (HOP/100 VIEN),E243780A,02/09/2028,10,THÙNG,,,"Móp, dập vỏ thùng ngoài",
BBSC-0634-1124,30/11/2024,Hoàn tất,HETERO,HÀNG NHẬP KHẨU,Không đạt Cảm quan,SI3624206352,Team ĐGC2,Như,Thảo,,,HT1100033,"DOLUTEGRAVIR, LAMIVUDINE AND TENOFOVIR DISOPROXIL FUMARATE T ABLETS 50/300/300MG (HOP/1 LO 30 VIEN)",E244214,03/10/2026,49,HỘP,,,"30/11/2024: 9 rách nhìn khả quan, 23 móp nặng, 17 rách nặng(0634-1124)
 02/12/2024: 7H móp nặng, 1H ố vàng",
BBSC-0635-1224,03/12/2024,Hoàn tất,HETERO,HÀNG NHẬP KHẨU,Không đạt Cảm quan,SI3624205923,Team ĐGC2,Như,Phúc,,,HT1100003,LAZINE 5MG (HOP/100 VIEN),E243780A,02/09/2028,3,HỘP,,,03/12/2024: 3 hộp móp nặng (LPN008065),
BBSC-0636-1224,03/12/2024,Hoàn tất,HETERO,HÀNG NHẬP KHẨU,Không đạt Cảm quan,SI3624206414,Kho Nhập,Trinh,,,,HT1100033,"DOLUTEGRAVIR, LAMIVUDINE AND TENOFOVIR DISOPROXIL FUMARATE T ABLETS 50/300/300MG (HOP/1 LO 30 VIEN)",E244297,31/10/2026,100,THÙNG,,,"76 thùng móp, dập, vỏ thùng ngoài
 24 thùng bị ẩm, đã thay vỏ thùng",
BBSC-0637-1224,03/12/2024,Khởi tạo,DANONE,HÀNG NHẬP KHẨU,Không đạt Cảm quan,8030499378,Team ĐGC2,Như,Phúc,,,DE6100004,THUC PHAM DINH DUONG Y HOC FORTIMEL COMPACT PROTEIN (HUONG DAU),111422632,21/09/2025,3,CHAI,,,"03/12/2024: 01 chai không có bao bì bọc ngoài chai (LPN: LPN008066) 
 11/12/2024: 02 chai móp (LPN: LPN008107)",
BBSC-0638-1224,03/12/2024,Hoàn tất,HETERO,HÀNG NHẬP KHẨU,Không đạt Cảm quan,SI3624206470,Kho Nhập,Trinh,,,,HT1100033,"DOLUTEGRAVIR, LAMIVUDINE AND TENOFOVIR DISOPROXIL FUMARATE T ABLETS 50/300/300MG (HOP/1 LO 30 VIEN)",E244300,21/10/2026,20,THÙNG,,,"Móp, dập, rách vỏ thùng ngoài",
BBSC-0639-1224,03/12/2024,Hoàn tất,ASTRAZENECA,HÀNG TRONG NƯỚC,Không đạt Cảm quan,607,Kho Nhập,Thảo,Lữ,,,AZ1100025,PLENDIL PLUS 5/50 MG PROLONGED-RELEASE TABLET BOTTLE 30.S,MAPT,24/04/2027,2,HỘP,,,MÓP RÁCH trong thùng chẵn,
BBSC-0640-1224,04/12/2024,Hoàn tất,HETERO,HÀNG NHẬP KHẨU,Không đạt Cảm quan,SI3624206350,Kho Nhập,Trinh,,,,HT1100033,"DOLUTEGRAVIR, LAMIVUDINE AND TENOFOVIR DISOPROXIL FUMARATE T ABLETS 50/300/300MG (HOP/1 LO 30 VIEN)",E244212,02/10/2026,20,THÙNG,,,"Móp, dập vỏ thùng ngoài",
BBSC-0641-1224,04/12/2024,Hoàn tất,HETERO,HÀNG NHẬP KHẨU,Không đạt Cảm quan,SI3624206353,Team ĐGC2,Như,Phúc,,,HT1100033,"DOLUTEGRAVIR, LAMIVUDINE AND TENOFOVIR DISOPROXIL FUMARATE T ABLETS 50/300/300MG (HOP/1 LO 30 VIEN)",E244291,07/10/2026,9,HỘP,,,04/12/2024: 9 hộp móp nặng (LPN008074),
BBSC-0642-1224,04/12/2024,Hoàn tất,HETERO,HÀNG NHẬP KHẨU,Không đạt Cảm quan,SI3624206392,Team ĐGC2,Như,Phúc,,,HT1100033,"DOLUTEGRAVIR, LAMIVUDINE AND TENOFOVIR DISOPROXIL FUMARATE T ABLETS 50/300/300MG (HOP/1 LO 30 VIEN)",E244292,08/10/2026,10,HỘP,,,"04/12/2024: 2 hộp móp nặng (LPN008078)
 05/12/2024: 8 hộp dơ (LPN008079)",
BBSC-0643-1224,05/12/2024,Hoàn tất,WW,HÀNG NHẬP KHẨU,Không đạt Cảm quan,INV91723498,Kho Nhập,Trinh,,,,,TK106771296550,N/A,,4,PALLET,,,"Móp, dập vỏ thùng ngoài",
BBSC-0644-1224,05/12/2024,Hoàn tất,GETZ,HÀNG NHẬP KHẨU,Sai số lượng,GETZ/VIET/593/2024,Kho Nhập,Trinh,,,,GZ1105012,LIPIGET 10MG TAB 10.S,398F10,04/09/2027,30,HỘP,,,thiếu 30 hộp trong thùng lẻ,
BBSC-0645-1224,05/12/2024,Hoàn tất,HETERO,HÀNG NHẬP KHẨU,Không đạt Cảm quan,SI3624206350,Team ĐGC2,Như,Phúc,,,HT1100033,"DOLUTEGRAVIR, LAMIVUDINE AND TENOFOVIR DISOPROXIL FUMARATE T ABLETS 50/300/300MG (HOP/1 LO 30 VIEN)",E244212,02/10/2026,21,HỘP,,,"05/12/2024: 9 hộp móp rách nặng, 1 hộp không có thuốc (phát hiện lúc 8 hộp tối 05/12/2024) (LPN008083)
 07/12/2024: 11 hộp móp rách nặng (LPN008086)",
BBSC-0646-1224,06/12/2024,Hoàn tất,HETERO,HÀNG NHẬP KHẨU,Không đạt Cảm quan,SI3624206391,Kho Nhập,Trinh,,,,HT1100033,"DOLUTEGRAVIR, LAMIVUDINE AND TENOFOVIR DISOPROXIL FUMARATE T ABLETS 50/300/300MG (HOP/1 LO 30 VIEN)",E244293,08/10/2026,131,THÙNG,,,"131 thùng hàng bị móp, dập,ướt vỏ thùng ngoài",
BBSC-0647-1224,06/12/2024,Hoàn tất,HETERO,HÀNG NHẬP KHẨU,Không đạt Cảm quan,SI3624206450,Kho Nhập,Trinh,,,,HT1100033,"DOLUTEGRAVIR, LAMIVUDINE AND TENOFOVIR DISOPROXIL FUMARATE T ABLETS 50/300/300MG (HOP/1 LO 30 VIEN)",E244299,20/10/2026,6,THÙNG,,,"Móp, dập, rách vỏ thùng ngoài",
BBSC-0648-1224,07/12/2024,Hoàn tất,WW,HÀNG NHẬP KHẨU,Không đạt Cảm quan,91723498,Team ĐGC2,Như,Phúc,,,WO1100004,SILYGAMMA 150MG 100.S,430358,30/06/2027,2,HỘP,,,07/12/2024: 2 hộp móp nặng (LPN: LPN008085),
BBSC-0648-1224,07/12/2024,Hoàn tất,WW,HÀNG NHẬP KHẨU,Không đạt Cảm quan,91723498,Team ĐGC2,Như,Phúc,,,WO1100004,SILYGAMMA 150MG 100.S,432782,31/07/2027,1,HỘP,,,09/12/2024: 1 hộp rách nặng mất lot date (LPN: LPN008090),
BBSC-0649-1224,09/12/2024,Hoàn tất,YHV,HÀNG LÀM DỊCH VỤ,Vượt Nhiệt độ,BBGH/0912-01/2024/YHV-HD,Phòng QA,Khôi,,,,YH6100001,THUC PHAM BAO VE SUC KHOE YES SMARTY KIDS 120ML,YSK41001,09/10/2027,1,PALLET,,,"Nhiệt độ súng bắn nhiệt lúc nhập kho là 37.4oC.
 Không có thiết bị nhiệt độ đi kèm",
BBSC-0650-1224,09/12/2024,Hoàn tất,HETERO,HÀNG NHẬP KHẨU,Không đạt Cảm quan,SI3624206414,Team ĐGC2,Như,Phúc,,,HT1100033,"DOLUTEGRAVIR, LAMIVUDINE AND TENOFOVIR DISOPROXIL FUMARATE T ABLETS 50/300/300MG (HOP/1 LO 30 VIEN)",E244297,17/10/2026,20,HỘP,,,"09/12/2024: 7 hộp rách, 1 hộp móp, 7 hộp lem mực nhòe lot, date (LPN008089)
 10/12/2024: 5 hộp móp rách nặng (LPN008092)",
BBSC-0651-1224,10/12/2024,Hoàn tất,HETERO,HÀNG NHẬP KHẨU,Không đạt Cảm quan,SI3624206469,Kho Nhập,Trinh,,,,HT1100033,"DOLUTEGRAVIR, LAMIVUDINE AND TENOFOVIR DISOPROXIL FUMARATE T ABLETS 50/300/300MG (HOP/1 LO 30 VIEN)",E244567,24/10/2026,25,THÙNG,,,"Móp, dập vỏ thùng ngoài",
BBSC-0652-1224,10/12/2024,Hoàn tất,HETERO,HÀNG NHẬP KHẨU,Không đạt Cảm quan,SI3624206591,Kho Nhập,Trinh,,,,HT1100033,"DOLUTEGRAVIR, LAMIVUDINE AND TENOFOVIR DISOPROXIL FUMARATE T ABLETS 50/300/300MG (HOP/1 LO 30 VIEN)",E244384A,15/10/2026,30,THÙNG,,,"Móp, dập vỏ thùng ngoài",
BBSC-0653-1224,10/12/2024,Hoàn tất,HETERO,HÀNG NHẬP KHẨU,Không đạt Cảm quan,SI3624206470,Team ĐGC2,Như,Phúc,,,HT1100033,"DOLUTEGRAVIR, LAMIVUDINE AND TENOFOVIR DISOPROXIL FUMARATE T ABLETS 50/300/300MG (HOP/1 LO 30 VIEN)",E244300,21/10/2026,14,HỘP,,,"10/12/2024: 4 hộp rách nặng, 8 hộp móp nặng (LPN008093)
 12/12/2024: 1 hộp rách nặng, 1 hộp móp nặng (LPN008122)",
BBSC-0654-1224,10/12/2024,Hoàn tất,WW,HÀNG NHẬP KHẨU,Không đạt Cảm quan,91724476,Kho Nhập,Trinh,,,,WO1100004,SILYGAMMA 150MG 100.S,N/A,30/09/2027,1,PALLET,,,móp dập vỏ thùng ngoài,
BBSC-0655-1224,11/12/2024,Khởi tạo,DANONE,HÀNG NHẬP KHẨU,Sai số lượng,8030499378,Team ĐGC2,Như,Phúc,,,DE6100004,THUC PHAM DINH DUONG Y HOC FORTIMEL COMPACT PROTEIN (HUONG DAU),111422632,21/09/2025,4,CHAI,,,11/12/2024: Thiếu 4 chai,
BBSC-0656-1224,11/12/2024,Hoàn tất,HETERO,HÀNG NHẬP KHẨU,Không đạt Cảm quan,SI3624206391,Team ĐGC2,Như,Phúc,,,HT1100033,"DOLUTEGRAVIR, LAMIVUDINE AND TENOFOVIR DISOPROXIL FUMARATE T ABLETS 50/300/300MG (HOP/1 LO 30 VIEN)",E244293,08/10/2026,19,HỘP,,,"11/12/2024: 10 hộp móp, 9 hộp rách (LPN008113)",
BBSC-0657-1224,12/12/2024,Hoàn tất,HETERO,HÀNG NHẬP KHẨU,Không đạt Cảm quan,SI3624206450,Team ĐGC2,Như,Phúc,,,HT1100033,"DOLUTEGRAVIR, LAMIVUDINE AND TENOFOVIR DISOPROXIL FUMARATE T ABLETS 50/300/300MG (HOP/1 LO 30 VIEN)",E244299,20/10/2026,11,HỘP,,,"12/12/2024: 2 hộp rách nặng, 1 hộp móp nặng (LPN008123)
 13/12/2024: 2 hộp rách nặng, 3 hộp móp nặng (LPN008127)
 14/12/2024: 1 hộp rách nặng, 2 hộp móp nặng (LPN008131)",
BBSC-0658-1224,13/12/2024,Hoàn tất,ABBOTT,HÀNG NHẬP KHẨU,Không đạt Cảm quan,9019921882,Kho Nhập,Trinh,,,,,N/A,N/A,,2,PALLET,,,Móp vỏ thùng ngoài,
BBSC-0659-1224,13/12/2024,Hoàn tất,WW,HÀNG NHẬP KHẨU,Không đạt Cảm quan,91724476,Team ĐGC2,Như,Phúc,,,WO1100004,SILYGAMMA 150MG 100.S,441094,30/09/2027,21,HỘP,,,13/12/2024: 21 hộp móp rách nặng (LPN: LPN008125),
BBSC-0659-1224,13/12/2024,Hoàn tất,WW,HÀNG NHẬP KHẨU,Không đạt Cảm quan,91724476,Team ĐGC2,Như,Phúc,,,WO1100004,SILYGAMMA 150MG 100.S,441095,30/09/2027,1,HỘP,,,13/12/2024: 1 hộp thủng (LPN: LPN008126),
BBSC-0660-1224,16/12/2024,Hoàn tất,HOE,HÀNG NHẬP KHẨU,Không đạt Cảm quan,21707,Team ĐGC2,Như,Phúc,,,HO1300042,ELLGY PLUS 25G CREAM 1.S.,1153A407,01/10/2029,2,HỘP,,,"16/12/2024: 1 hộp thủng, 1 hộp móp nặng (LPN: LPN008133)",
BBSC-0661-1224,16/12/2024,Hoàn tất,HETERO,HÀNG NHẬP KHẨU,Không đạt Cảm quan,SI3624206469,Team ĐGC2,Như,Phúc,,,HT1100033,"DOLUTEGRAVIR, LAMIVUDINE AND TENOFOVIR DISOPROXIL FUMARATE T ABLETS 50/300/300MG (HOP/1 LO 30 VIEN)",E244567,24/10/2026,14,HỘP,,,"16/12/2024: 2 hộp rách, 9 hộp móp nặng (LPN008135)
 17/12/2024: 3 hộp móp nặng (LPN008137)",
BBSC-0662-1224,17/12/2024,Hoàn tất,ABBOTT,HÀNG NHẬP KHẨU,Sai số lượng,INV9019921837- INV9019921882,Kho Nhập,Trinh,,,,ST9-TVLP5F90/080,TORQVUE LP DELIVERY SYSTEM PDA2 5F 80C,10534889,30/09/2027,1,CÁI,,,Dư 1 sản phẩm,
BBSC-0663-1224,17/12/2024,Hoàn tất,WW,HÀNG NHẬP KHẨU,Không đạt Cảm quan,991715616,Kho Nhập,Trinh,,,,WO1100005,ALFA – LIPOGAMMA 600 ORAL BOX/30.S,N/A,,3,PALLET,,,Móp dập vỏ thùng ngoài,
BBSC-0664-1224,18/12/2024,Hoàn tất,GETZ,HÀNG NHẬP KHẨU,Không đạt Cảm quan,GETZ/VIET/679/2024,Kho Nhập,Trinh,,,,GZ1105017,RICHSTATIN 10MG TAB 10.S,410F18,18/10/2027,3,THÙNG,,,Móp dập vỏ thùng ngoài,
BBSC-0665-1224,18/12/2024,Hoàn tất,LUYE,HÀNG NHẬP KHẨU,Không đạt Cảm quan,INUK-240109,Kho Nhập,Trinh,,,,,TK106809690040,N/A,,1,PALLET,,,"móp, dập vỏ thùng ngoài",
BBSC-0666-1224,18/12/2024,Khởi tạo,YHV,HÀNG NHẬP KHẨU,Không đạt Cảm quan,BBGH/1312-01/2024/YHV-HD,Team ĐGC2,Như,Phúc,,,YH6100012,THUC PHAM BAO VE SUC KHOE YES KIDDO SEACAL+D,AL49859,18/09/2027,4,HỘP,,,"18/12/2024: 2 hộp mờ lot date (LPN: LPN008139)
 19/12/2024: 2 hộp mờ lot date (LPN: LPN008142)",
BBSC-0666-1224,18/12/2024,Khởi tạo,YHV,HÀNG NHẬP KHẨU,Không đạt Cảm quan,BBGH/1312-01/2024/YHV-HD,Team ĐGC2,Như,Phúc,,,YH6100005,THUC PHAM BAO VE SUC KHOE YES VEINCARE,24F112,18/05/2027,4,HỘP,,,26/12/2024: 4 hộp lỗi in lot date (LPN: LPN008185),
BBSC-0667-1224,18/12/2024,Hoàn tất,WW,HÀNG NHẬP KHẨU,Không đạt Cảm quan,"91715616, 91715742",Team ĐGC2,Như,Phúc,,,WO1100006,ALFA – LIPOGAMMA 600 ORAL BOX/100.S,414844,26/02/2027,1,HỘP,,,18/12/2024: 1 hộp rách (LPN: LPN008141),
BBSC-0667-1224,18/12/2024,Hoàn tất,WW,HÀNG NHẬP KHẨU,Không đạt Cảm quan,"91715616, 91715742",Team ĐGC2,Như,Phúc,,,WO1100005,ALFA – LIPOGAMMA 600 ORAL BOX/30.S,405785,19/11/2026,10,HỘP,,,20/12/2024: 10 hộp móp nặng (LPN: LPN008147),
BBSC-0667-1224,18/12/2024,Hoàn tất,WW,HÀNG NHẬP KHẨU,Không đạt Cảm quan,"91715616, 91715742",Team ĐGC2,Như,Phúc,,,WO1100006,ALFA – LIPOGAMMA 600 ORAL BOX/100.S,414846,26/02/2027,1,HỘP,,,23/12/2024: 1 hộp rách (LPN: LPN008152),
BBSC-0668-1224,18/12/2024,Hoàn tất,HETERO,HÀNG NHẬP KHẨU,Không đạt Cảm quan,SI3624206591,Team ĐGC2,Như,Phúc,,,HT1100033,"DOLUTEGRAVIR, LAMIVUDINE AND TENOFOVIR DISOPROXIL FUMARATE T ABLETS 50/300/300MG (HOP/1 LO 30 VIEN)",E244384A,15/10/2026,7,HỘP,,,"14/12/2024: 02 hộp móp nặng, 5 hộp rách nặng (LPN008130)",
BBSC-0669-1224,20/12/2024,Hoàn tất,SIV,HÀNG NHẬP KHẨU,Vượt Nhiệt độ,9089007757,Kho Nhập,Trinh,Lữ,,,BH5200002,ENDOPROST 125MCG 1.S-0.5ML,B12824002,15/07/2026,9900,HỘP,,,Vượt nhiệt độ,
BBSC-0670-1224,20/12/2024,Hoàn tất,Dr.Reddy's,HÀNG NHẬP KHẨU,Vượt Nhiệt độ,9013480501,Phòng QA,Lữ,,,,RD1200014,CASPOFUNGIN ACETATE 70MG (H/1 LO),A1490017,31/10/2026,1500,LỌ,,,Nhiệt độ âm: -11.3,
BBSC-0671-1224,23/12/2024,Hoàn tất,VE PHARMA,HÀNG NHẬP KHẨU,Không đạt Cảm quan,VEVN/01/09/25,Kho Nhập,Trinh,,,,,TK106818022620,N/A,,5,PALLET,,,"Móp, dập vỏ thùng ngoài",
BBSC-0672-1224,24/12/2024,Khởi tạo,LUYE,HÀNG NHẬP KHẨU,Không đạt Cảm quan,INUK-240109,Team ĐGC2,Như,Phúc,,,LU1100003,SEROQUEL XR TAB 50MG 30.S (HOP/30VIEN).,SR479,29/04/2027,1,HỘP,,,24/12/2024: 1 hộp móp nặng (LPN: LPN008159),
BBSC-0673-1224,24/12/2024,Hoàn tất,DAVIPHARM,HÀNG TRONG NƯỚC,Không đạt Cảm quan,HD-DVP/2024/1023,Kho xuất,Khải,,,,DV1100034,"TACROPIC 0,03% (HOP/1TUYP)",243090,09/10/2027,1,HỘP,,,1 hộp thuốc bị thủng trong thùng chẵn nguyên vẹn,
BBSC-0674-1224,25/12/2024,Khởi tạo,VE PHARMA,HÀNG NHẬP KHẨU,Không đạt Cảm quan,2312-S29 (VEVN/01/09/25),Team ĐGC2,Như,Phúc,,,SC6100003,FEROGLOBIN B12 CAPSULES (H/30 VIEN),FW2414PA,31/05/2027,2,HỘP,,,"25/12/2024: 1 hộp rách nặng (LPN: LPN008164)
 27/12/2024: 1 hộp móp nặng (LPN: LPN008188 )",
BBSC-0674-1224,25/12/2024,Khởi tạo,VE PHARMA,HÀNG NHẬP KHẨU,Không đạt Cảm quan,2312-S29 (VEVN/01/09/25),Team ĐGC2,Như,Phúc,,,SC6100017,WELLKID MULTI-VITAMIN LIQUID (CHAI/150ML),41353,31/07/2026,1,HỘP,,,26/12/2024: 1 hộp lỗi bao bì (LPN: LPN008170),
BBSC-0675-1224,25/12/2024,Hoàn tất,DANONE,HÀNG NHẬP KHẨU,Không đạt Cảm quan,8030491217,Team ĐGC2,Như,Phúc,,,DE6100005,THUC PHAM DINH DUONG Y HOC FORTIMEL COMPACT PROTEIN 2.4 KCAL /ML (HUONG VANI),111418001,02/09/2025,9,HỘP,,,"25/12/2024: 4 chai lỗi bao bì bên ngoài (LPN: LPN008166 )
 30/12/2024: 4 chai lỗi bao bì
 31/12/2024: 1 chai lỗi bao bì",
BBSC-0676-1224,25/12/2024,Hoàn tất,VE PHARMA,CN. HÀ NỘI (Điều chuyển),Không đạt Cảm quan,HĐ00087409,Kho Nhập,Yến,,,,WO1100008,B12 ANKERMANN (HOP/2VI X 25VIEN),178162,30/09/2026,117,HỘP,,,117 HỘP MÓP ƯỚT,
BBSC-0677-1224,25/12/2024,Hoàn tất,HETERO,HÀNG NHẬP KHẨU,Sai khác AW,SI3624206628,Phòng QA,Thảo,,,,HT1100011,YESOM 40 (HOP/30 VIEN),E244227,28/08/2026,59976,HỘP,,,25/12/2024: SAI KHÁC CỤC DUYỆT,
BBSC-0678-1224,26/12/2024,Hoàn tất,DANONE,HÀNG NHẬP KHẨU,Không đạt Cảm quan,8030508792,Kho Nhập,Trinh,,,,,TK106819030401,N/A,,3,PALLET,,,"Móp, dập vỏ thùng ngoài",
BBSC-0679-1224,26/12/2024,Hoàn tất,HYPHENS,HÀNG NHẬP KHẨU,Vượt Nhiệt độ,SI24000849,Phòng QA,Thiện,,,,HY1200002,DOTAREM,24GD068A01,01/05/2027,11250,LỌ,,,Vượt nhiệt độ,
BBSC-0679-1224,26/12/2024,Hoàn tất,HYPHENS,HÀNG NHẬP KHẨU,Vượt Nhiệt độ,SI24000849,Phòng QA,Thiện,,,,HY1200002,DOTAREM,24GD0823,01/06/2027,15000,LỌ,,,Vượt nhiệt độ,
BBSC-0679-1224,26/12/2024,Hoàn tất,HYPHENS,HÀNG NHẬP KHẨU,Vượt Nhiệt độ,SI24000849,Phòng QA,Thiện,,,,HY1200002,DOTAREM,24GD0914,01/08/2027,3886,LỌ,,,Vượt nhiệt độ,
BBSC-0680-1224,27/12/2024,Hoàn tất,BESIN,HÀNG NHẬP KHẨU,Vượt Nhiệt độ,SD1-8101B-2412-00033,Phòng QA,Thiện,,,,BS1200001,IALURIL PREFILL,N/A,,0,HỘP,"LPN: 000164385 , 000164386 , 000164387 , 000164388",,max: 25.8 độ C,
BBSC-0681-1224,27/12/2024,Hoàn tất,HYPHENS,HÀNG NHẬP KHẨU,Không đạt Cảm quan,SI 24 000853,Kho Nhập,Trinh,,,,HY1200004,LIPIODOL ULTRA FLUIDE 10ML,24LU604A,01/04/2027,1,HỘP,,,"Móp, dập vỏ thùng ngoài",
BBSC-0682-1224,27/12/2024,Hoàn tất,BESIN,HÀNG NHẬP KHẨU,Không đạt Cảm quan,SD1-8101B-2411-00064,Team ĐGC2,Như,Phúc,,,BS1100002,UTROGESTAN 200MG,244919,31/08/2027,4,HỘP,,,"27.12.24 : 1 hộp rách nặng (LPN:LPN008189)
 14.01.25 : 3 hộp rách nặng",
BBSC-0683-1224,27/12/2024,Hoàn tất,Dr.Reddy's,HÀNG NHẬP KHẨU,Vượt Nhiệt độ,9013481017,Phòng QA,Thiện,,,,RD1200016,DAPTOMRED 500 MG (H/1 LO),K241043,30/09/2026,1536,LỌ,,,NHIỆT ĐỘ KHÔNG ĐẠT,
BBSC-0684-1224,31/12/2024,Hoàn tất,VE PHARMA,HÀNG NHẬP KHẨU,Không đạt Cảm quan,2312-S29,Team ĐGC2,Như,Lữ,,,SC6100019,WELLBABY MULTI-VITAMIN LIQUID (CHAI 150ML),40662,30/04/2026,249,HỘP,LPN008202,,31.12.24 : 249 hộp móp nhẹ chữ C,
BBSC-0685-1224,31/12/2024,Hoàn tất,HYPHENS,CN. HÀ NỘI (Điều chuyển),Không đạt Cảm quan,N/A,Kho Nhập,Yến,,,,HY1300069,PHYSIODOSE (HOP/40 ONG X 5ML),G243097,30/04/2027,30,HỘP,,,"22 hộp móp, 8 hộp rách",
BBSC-0686-1224,31/12/2024,Hoàn tất,BESIN,HÀNG NHẬP KHẨU,Không đạt Cảm quan,SD1-8101B-2412-00023,Kho Nhập,Trinh,,,,,TK106838527500,N/A,,9,PALLET,,,"Móp, dập vỏ thùng ngoài",
BBSC-0687-1224,31/12/2024,Hoàn tất,Dr.Reddy's,HÀNG TRẢ VỀ,Vượt Nhiệt độ,N/A,Phòng QA,Khôi,,,,RD1200010,CASPOFUNGIN ACETATE 50MG (H/1 LO),A1480029,30/06/2026,65,HỘP,,,"Trong quá trình vận chuyển, thời gian từ 28/12/2024 đến 30/12/2024 thì nhiệt độ vượt từ 8.1°C đến 15.8°C, đây là khoảng thời gian mở nắp thùng chuyên dụng (thùng đã được thiết lập sẵn để vận chuyển hàng về kho) để cho khối hàng vào thùng vận chuyển và khoảng thời gian hồi lại nhiệt độ sau khi mở nắp thùng. Căn cứ vào dữ liệu độ ổn định của sản phẩm, chất lượng sản phẩm vẫn không ảnh hưởng ở nhiệt độ 15.8°C trong 65 phút. 
 Hồ sơ nhiệt ẩm độ tại kho khách hàng đạt.",
BBSC-0001-0125,02/01/2025,Hoàn tất,ABBOTT,HÀNG NHẬP KHẨU,Sai số lượng,9020041435,Kho Nhập,Trinh,,,,,ATV12F4580 Trevisio ZFIN APZ US_01,10595516,31/10/2027,4,CÁI,,,THỪA LÔ SẢN PHẨM,
BBSC-0001-0125,02/01/2025,Hoàn tất,ABBOTT,HÀNG NHẬP KHẨU,Sai số lượng,9020041435,Kho Nhập,Trinh,,,,ST9-ASD-028,AMPLATZER SEPTAL OCCLUDER 28MM,10537118,31/08/2029,2,CÁI,,,THỪA LÔ SẢN PHẨM,
BBSC-0001-0125,02/01/2025,Hoàn tất,ABBOTT,HÀNG NHẬP KHẨU,Sai số lượng,9020041435,Kho Nhập,Trinh,,,,ST9-ASD-032,AMPLATZER SEPTAL OCCLUDER 32MM,10559271,30/09/2029,8,CÁI,,,THIẾU LÔ SẢN PHẨM,
BBSC-0001-0125,02/01/2025,Hoàn tất,ABBOTT,HÀNG NHẬP KHẨU,Sai số lượng,9020041435,Kho Nhập,Trinh,,,,ST9-ASD-040,AMPLATZER SEPTAL OCCLUDER 40MM,10563138,30/09/2029,5,CÁI,,,THIẾU LÔ SẢN PHẨM,
BBSC-0002-0125,02/01/2025,Hoàn tất,Dr.Reddy's,HÀNG NHẬP KHẨU,Sai khác AW,9013481604,Phòng QA,Phúc,,,,RD1200021,ZANTOLRED (HOP/112VIEN),E13195P6,31/08/2026,103,HỘP,,,Artwork khác cục duyệt,
BBSC-0003-0125,03/01/2025,Hoàn tất,VE PHARMA,HÀNG NHẬP KHẨU,Không đạt Cảm quan,2312-S29,Team ĐGC2,Như,Lữ,,,SC6100015,PREGNACARE PLUS OMEGA 3 (H/56 VIEN),PP2424,28/02/2027,393,HỘP,LPN008221,,"03.01.25 : 1 hộp móp nặng, 1 hộp không lot date
 07.01.25 : 389 hộp mờ lot, 1 hộp mất lot date
 08.01.25 : 1 hộp rách nặng",
BBSC-0003-0125,03/01/2025,Hoàn tất,VE PHARMA,HÀNG NHẬP KHẨU,Không đạt Cảm quan,2312-S29,Team ĐGC2,Như,Lữ,,,SC6100019,WELLBABY MULTI-VITAMIN LIQUID (CHAI 150ML),41402,31/07/2026,4,HỘP,,,"09.01.25 : 3 hộp lỗi lot date, 1 hộp rách nặng",
BBSC-0004-0125,03/01/2025,Hoàn tất,Dr.Reddy's,HÀNG NHẬP KHẨU,Vượt Nhiệt độ,9013481832,Phòng QA,Thiện,,,,RD1200012,BORTEZOMIB,H240794,01/09/2026,1244,HỘP,,,Nhiệt độ không đạt,
BBSC-0005-0125,06/01/2025,Hoàn tất,ASTRAZENECA,HÀNG TRONG NƯỚC,Không đạt Cảm quan,7,Kho Nhập,Thiện,,,,AZ1100001,ARIMIDEX 1MG TABS BL 2X14 EA VN,SR242,20/03/2029,2,HỘP,,,06/01/2025: 2 HỘP RÁCH (LPN: 000165136),
BBSC-0006-0125,06/01/2025,Hoàn tất,SANOFI,HÀNG TRONG NƯỚC,Không đạt Cảm quan,10,Kho Nhập,Thiện,,,,SA1200012,LOVENOX 40MG/0.4ML INJ. B/ 2 SYRINGES VN,JS371A,30/06/2026,4,HỘP,,,06/01/2025: 4 HỘP MÓP RÁCH (LPN: 000165139),
BBSC-0006-0125,06/01/2025,Hoàn tất,SANOFI,HÀNG TRONG NƯỚC,Không đạt Cảm quan,10,Kho Nhập,Thiện,,,,SA1200013,LOVENOX 60MG/0.6ML INJ. B/ 2 SYRINGES VN,JS363A,30/06/2026,9,HỘP,,,06/01/2025: 9 HỘP MÓP RÁCH (LPN: 000165141),
BBSC-0007-0125,06/01/2025,Hoàn tất,Dr.Reddy's,HÀNG NHẬP KHẨU,Vượt Nhiệt độ,9013481963,Phòng QA,Phúc,,,,RD1100027,PALBOCICLIB CAPSULES 125MG (HOP/21 VIEN),H2401009,30/09/2026,417,HỘP,,,Nhiệt độ không đạt (Highest: 32°C),
BBSC-0007-0125,06/01/2025,Hoàn tất,Dr.Reddy's,HÀNG NHẬP KHẨU,Vượt Nhiệt độ,9013481963,Phòng QA,Phúc,,,,RD1100026,PALBOCICLIB CAPSULES 100MG (HOP/21 VIEN),H2401008,30/09/2026,252,HỘP,,,Nhiệt độ không đạt (Highest: 32°C),
BBSC-0007-0125,06/01/2025,Hoàn tất,Dr.Reddy's,HÀNG NHẬP KHẨU,Vượt Nhiệt độ,9013481963,Phòng QA,Phúc,,,,RD1100025,PALBOCICLIB CAPSULES 75MG (HOP/21 VIEN),H2401011,30/09/2026,128,HỘP,,,Nhiệt độ không đạt (Highest: 32°C),
BBSC-0008-0125,06/01/2025,Hoàn tất,ASTRAZENECA,HÀNG TRONG NƯỚC,Không đạt Cảm quan,18,Kho Nhập,Thiện,,,,AZ1100023,KOMBOGLYZE XR 5MG/1000MG BOX OF 4 BLISTERS X 7 FILM-COATED T,WF0265,09/06/2027,1,HỘP,,,06/01/2025: 01 HỘP MÓP RÁCH (000165325),
BBSC-0009-0125,07/01/2025,Hoàn tất,DANONE,HÀNG NHẬP KHẨU,Không đạt Cảm quan,8030508792,Team ĐGC2,Như,Lữ,,,DE6100004,THUC PHAM DINH DUONG Y HOC FORTIMEL COMPACT PROTEIN 2.4 KCAL /ML (HUONG DAU),111425012,29/09/2025,16,CHAI,,,"9 chai móp, 3 chai móp rách, 4 chai chảy",
BBSC-0009-0125,07/01/2025,Hoàn tất,DANONE,HÀNG NHẬP KHẨU,Không đạt Cảm quan,8030508792,Team ĐGC2,Như,Lữ,,,DE6100004,THUC PHAM DINH DUONG Y HOC FORTIMEL COMPACT PROTEIN 2.4 KCAL /ML (HUONG DAU),111425012,29/09/2025,12,CHAI,,,12 chai thiếu,
BBSC-0010-0125,07/01/2025,Hoàn tất,HYPHENS,HÀNG TRẢ VỀ,Không đạt Cảm quan,N/A,Kho Nhập,Trinh,Thiện,,,HY1300044,STERIMAR NOSE HYGIENE BABY 50 ML,FE3263D,30/09/2026,1,CHAI,,,07/01/2025: 01 CHAI KHÔNG CÓ VỎ HỘP BÊN NGOÀI (LPN:000165326),
BBSC-0011-0125,08/01/2025,Hoàn tất,BESIN,HÀNG NHẬP KHẨU,Vượt Nhiệt độ,SD1-8101B-2412-00055,Phòng QA,Thiện,,,,BS1400001,PAPILOCARE (21 CANNULAS X 5ML),N/A,,0,HỘP,,,NHIỆT ĐỘ KHÔNG ĐẠT (MAX 46.0 ĐỘ),
BBSC-0011-0125,08/01/2025,Hoàn tất,BESIN,HÀNG NHẬP KHẨU,Vượt Nhiệt độ,SD1-8101B-2412-00055,Phòng QA,Thiện,,,,BS1400001,PAPILOCARE (21 CANNULAS X 5ML),N/A,,0,HỘP,,,NHIỆT ĐỘ KHÔNG ĐẠT (MAX 46.0 ĐỘ),
BBSC-0012-0125,08/01/2025,Hoàn tất,SANOFI,HÀNG TRONG NƯỚC,Không đạt Cảm quan,18,Kho Nhập,Duyên,Phúc,,,SA1100052,TELFAST HD 180MG TABCO BL3X10 VN,EVH2507,16/10/2027,1,HỘP,,,Thùng 66: 1 hộp bị rạch phần nắp (băng keo sanofi) (LPN: 000165451),
BBSC-0012-0125,08/01/2025,Hoàn tất,SANOFI,HÀNG TRONG NƯỚC,Không đạt Cảm quan,18,Kho Nhập,Duyên,Phúc,,,SA1200013,LOVENOX 60MG/0.6ML INJ. B/ 2 SYRINGES VN,JS363A,30/06/2026,1,HỘP,,,Thùng 243: 1 hộp móp rách (băng keo sanofi) (LPN: 000165468),
BBSC-0013-0125,07/01/2025,Hoàn tất,BESIN,HÀNG NHẬP KHẨU,Sai số lượng,SD1-8101B-2412-00055,Kho Nhập,Trinh,,,BBSC nội bộ,BS1400001,PAPILOCARE (21 CANNULAS X 5ML),W0721,31/05/2028,416,HỘP,,,Thiếu,
BBSC-0013-0125,07/01/2025,Hoàn tất,BESIN,HÀNG NHẬP KHẨU,Sai số lượng,SD1-8101B-2412-00055,Kho Nhập,Trinh,,,BBSC nội bộ,BS1400001,PAPILOCARE (21 CANNULAS X 5ML),W0731,31/05/2028,276,HỘP,,,Thiếu,
BBSC-0013-0125,07/01/2025,Hoàn tất,BESIN,HÀNG NHẬP KHẨU,Sai số lượng,SD1-8101B-2412-00055,Kho Nhập,Trinh,,,BBSC nội bộ,BS1400001,PAPILOCARE (21 CANNULAS X 5ML),W0741,31/05/2028,480,HỘP,,,Thừa,
BBSC-0013-0125,07/01/2025,Hoàn tất,BESIN,HÀNG NHẬP KHẨU,Sai số lượng,SD1-8101B-2412-00055,Kho Nhập,Trinh,,,BBSC nội bộ,BS1400001,PAPILOCARE (21 CANNULAS X 5ML),W0751,31/05/2028,212,HỘP,,,Thừa,
BBSC-0014-0125,08/01/2025,Hoàn tất,GETZ,HÀNG NHẬP KHẨU,Không đạt Cảm quan,"GETZ/VIET/656/2024
 GETZ/VIET/657/2024
 GETZ/VIET/664/2024",Kho Nhập,Trinh,,,,GZ1101008,GETZLOX 500MG TAB,592F08,11/09/2029,5,HỘP,,,5 hộp móp rách nặng (LPN: LPN008226),
BBSC-0014-0125,08/01/2025,Hoàn tất,GETZ,HÀNG NHẬP KHẨU,Không đạt Cảm quan,"GETZ/VIET/656/2024
 GETZ/VIET/657/2024
 GETZ/VIET/664/2024",Kho Nhập,Trinh,,,,GZ1106002,MEBEVER MR 200MG CAPS 10.S,208C31,06/07/2027,11,HỘP,,,11 hộp móp rách nặng (LPN: LPN008243),
BBSC-0014-0125,08/01/2025,Hoàn tất,GETZ,HÀNG NHẬP KHẨU,Không đạt Cảm quan,"GETZ/VIET/656/2024
 GETZ/VIET/657/2024
 GETZ/VIET/664/2024",Kho Nhập,Trinh,,,,GZ1106002,MEBEVER MR 200MG CAPS 10.S,210C31,06/07/2027,54,HỘP,,,54 hộp móp cấn cạnh (LPN: LPN008242),
BBSC-0014-0125,08/01/2025,Hoàn tất,GETZ,HÀNG NHẬP KHẨU,Không đạt Cảm quan,"GETZ/VIET/656/2024
 GETZ/VIET/657/2024
 GETZ/VIET/664/2024",Kho Nhập,Trinh,,,,GZ1103016,MIRGY 100MG CAPS 10.S,377C07,01/10/2027,7,HỘP,,,7 hộp hộp móp rách nặng (LPN: LPN008244),
BBSC-0014-0125,08/01/2025,Hoàn tất,GETZ,HÀNG NHẬP KHẨU,Không đạt Cảm quan,"GETZ/VIET/656/2024
 GETZ/VIET/657/2024
 GETZ/VIET/664/2024",Kho Nhập,Trinh,,,,GZ1103025,ALENTA 70MG TAB 4.S,185T24,14/11/2027,1,HỘP,,,1 hộp móp rách nặng (LPN: LPN008241),
BBSC-0014-0125,08/01/2025,Hoàn tất,GETZ,HÀNG NHẬP KHẨU,Không đạt Cảm quan,"GETZ/VIET/656/2024
 GETZ/VIET/657/2024
 GETZ/VIET/664/2024",Kho Nhập,Trinh,,,,GZ1101016,XALGETZ 0.4MG CAPS (HOP/10VIEN),396C30,02/10/2027,10,HỘP,,,10 hộp móp rách nặng (LPN: LPN008263),
BBSC-0014-0125,08/01/2025,Hoàn tất,GETZ,HÀNG NHẬP KHẨU,Không đạt Cảm quan,"GETZ/VIET/656/2024
 GETZ/VIET/657/2024
 GETZ/VIET/664/2024",Kho Nhập,Trinh,,,,GZ1103023,PROMTO 20MG TAB 10.S,16500000,30/10/2026,2,HỘP,,,2 thiếu (LPN: LPN008240),
BBSC-0015-0125,08/01/2025,Hoàn tất,DANONE,HÀNG NHẬP KHẨU,Không đạt Cảm quan,8030499376,Team ĐGC2,Như,Lữ,,,DE6100005,THUC PHAM DINH DUONG Y HOC FORTIMEL COMPACT PROTEIN 2.4 KCAL /ML (HUONG VANI),111418001,02/09/2025,2,CHAI,,,"08.01.25 : 1 chai móp, chảy
 16.01.25 : 1 chai lỗi bao bì",
BBSC-0016-0125,09/01/2025,Hoàn tất,HETERO,HÀNG NHẬP KHẨU,Không đạt Cảm quan,SI3624000398,Kho Nhập,Trinh,,,,HT1200001,VANCONEX (VANCOMYCIN HYDROCHLORIDE FOR INJECTION USP 500MG/V IAL),AS1240307A,24/09/2026,5,THÙNG,,,"Móp, dập vỏ thùng ngoài",
BBSC-0017-0125,09/01/2025,Hoàn tất,ASTRAZENECA,CN. HƯNG YÊN (Điều chuyển),Không đạt Cảm quan,678,Kho Nhập,Yến,,,,AZ1200003,ZOLADEX 10.8 MG DEPOT 1.S,SL377,14/08/2025,3,HỘP,,,03 hộp móp,
BBSC-0018-0125,09/01/2025,Hoàn tất,Dr.Reddy's,HÀNG NHẬP KHẨU,Không đạt Cảm quan,9013482010,Kho Nhập,Trinh,,,,,TK106852126400,N/A,,5,THÙNG,,,"Móp,dập vỏ thùng ngoài",
BBSC-0019-0125,09/01/2025,Hoàn tất,HYPHENS,HÀNG NHẬP KHẨU,Vượt Nhiệt độ,SI-24-000858,Phòng QA,Phúc,,,,HY6100004,THUC PHAM BAO VE SUC KHOE OCEAN HEALTH VITAMIN D3 1000IU,VN0302,08/05/2027,2000,HỘP,,,Không có thiết bị nhiệt độ theo hàng,
BBSC-0020-0125,10/01/2025,Hoàn tất,VE PHARMA,HÀNG NHẬP KHẨU,Không đạt Cảm quan,0601 -S01,Team ĐGC2,Như,Lữ,,,SC6100003,FEROGLOBIN B12 CAPSULES (H/30 VIEN),FW2414PA,31/05/2027,68,HỘP,,,"10.01.25 : 63 hộp không lot date, 4 hộp móp rách nặng
 17.01.25 : 1 hộp rách nặng",
BBSC-0020-0125,10/01/2025,Hoàn tất,VE PHARMA,HÀNG NHẬP KHẨU,Không đạt Cảm quan,0601 -S01,Team ĐGC2,Như,Lữ,,,SC6100003,FEROGLOBIN B12 CAPSULES (H/30 VIEN),FW2418PA,30/06/2027,13,HỘP,,,"21.01.25 : 7 hộp móp rách nặng
 24.01.25 : 6 hộp móp rách nặng",
BBSC-0021-0125,10/01/2025,Hoàn tất,GETZ,HÀNG NHẬP KHẨU,Không đạt Cảm quan,GETZ/VIET/677/2024,Kho Nhập,Trinh,,,,GZ1106002,MEBEVER MR 200MG CAPS 10.S,210C31,06/07/2027,25,HỘP,,,25 Hộp móp rách nặng - LPN008245,
BBSC-0022-0125,13/01/2025,Hoàn tất,HETERO,HÀNG NHẬP KHẨU,Sai số lượng,SI3624000398,Team ĐGC2,Như,,,,HT1200001,VANCONEX (VANCOMYCIN HYDROCHLORIDE FOR INJECTION USP 500MG/V IAL),AS1240307A,24/09/2026,1,HỘP,,,THIẾU 01 HỘP,
BBSC-0023-0125,14/01/2025,Hoàn tất,Dr.Reddy's,HÀNG NHẬP KHẨU,Không đạt Cảm quan,9013482010,Team ĐGC2,Như,Lữ,,,RD1100016,STAMLO-T (HOP/ 28 VIEN),V2402685,31/10/2026,46,HỘP,,,46 hộp móp rách,
BBSC-0024-0125,15/01/2025,Hoàn tất,UNITED,HÀNG TRONG NƯỚC,Không đạt Cảm quan,12,Kho Nhập,Thảo,Phúc,,BBSC nội bộ,UI6100004,FONTACTIV® DIABEST (VANILLA 800G),0954-098,04/04/2027,1,THÙNG,,,Móp vỏ thùng ngoài,
BBSC-0026-0125,15/01/2025,Hoàn tất,ALLEVIARE,HÀNG NHẬP KHẨU,Không đạt Cảm quan,TL280-3395-2425,Team ĐGC2,Như,Lữ,,,AV1100022,T-ESOM 40 (H/3 VI X10 VIEN),TL1038BC24002,30/09/2026,1,HỘP,,,1 hộp không lot date,
BBSC-0027-0125,17/01/2025,Hoàn tất,MEGA (MAXXCARE),HÀNG TRONG NƯỚC,Không đạt Cảm quan,17,Kho Nhập,Yến,,,,MG1100043,PANFOR SR-500 (HOP/5 VI X 20 VIEN),PAF01772,22/01/2027,4,HỘP,,,4 hộp móp,
BBSC-0028-0125,17/01/2025,Khởi tạo,HETERO,HÀNG NHẬP KHẨU,Không đạt Cảm quan,SI9224205856,Kho Nhập,Yến,,,,HT1100016,LOSAGEN 50 (HOP/ 30 VIEN),N/A,,20,THÙNG,,,"Móp, dập vỏ thùng ngoài",
BBSC-0029-0125,20/01/2025,Khởi tạo,BESIN,HÀNG NHẬP KHẨU,Không đạt Cảm quan,SD1-8101B-2412-00023,Team ĐGC2,Như,Phúc,,,BS1300008,REGELLE,840M,31/08/2026,4,HỘP,,,"3 hộp lỗi lot date, 1 hộp rách nặng",
BBSC-0029-0125,20/01/2025,Khởi tạo,BESIN,HÀNG NHẬP KHẨU,Không đạt Cảm quan,SD1-8101B-2412-00023,Team ĐGC2,Như,Phúc,,,BS1300008,REGELLE,840M,31/08/2026,1,HỘP,,,Thiếu,
BBSC-0029-0125,20/01/2025,Khởi tạo,BESIN,HÀNG NHẬP KHẨU,Không đạt Cảm quan,SD1-8101B-2412-00023,Team ĐGC2,Như,Phúc,,,BS1300009,RELACTAGEL,842M,30/09/2027,1,HỘP,,,Thiếu,
BBSC-0029-0125,20/01/2025,Khởi tạo,BESIN,HÀNG NHẬP KHẨU,Không đạt Cảm quan,SD1-8101B-2412-00023,Team ĐGC2,Như,Phúc,,,BS1300009,RELACTAGEL,846M,30/09/2027,10,HỘP,,,Thiếu,
BBSC-0029-0125,20/01/2025,Khởi tạo,BESIN,HÀNG NHẬP KHẨU,Không đạt Cảm quan,SD1-8101B-2412-00023,Team ĐGC2,Như,Phúc,,,BS1300009,RELACTAGEL,846M,30/09/2027,4,HỘP,,,Móp,
BBSC-0029-0125,20/01/2025,Khởi tạo,BESIN,HÀNG NHẬP KHẨU,Không đạt Cảm quan,SD1-8101B-2412-00023,Team ĐGC2,Như,Phúc,,,BS1300009,RELACTAGEL,845M,30/09/2027,1,HỘP,,,Thiếu,
BBSC-0030-0125,20/01/2025,Hoàn tất,HETERO,HÀNG NHẬP KHẨU,Sai khác AW,SI9224205856,Phòng QA,Thiện,,,,HT1100016,LOSAGEN 50 (HOP/ 30 VIEN),FD243920,07/10/2026,99180,HỘP,,,HDSD sai khác với cục duyệt,
BBSC-0031-0125,21/01/2025,Hoàn tất,VE PHARMA,HÀNG NHẬP KHẨU,Không đạt Cảm quan,2312-S29,Team ĐGC2,Như,Lữ,,,SC6100004,OSTEOCARE (H/30 VIEN),OT2404P,30/06/2028,14,HỘP,,,"21.01.25 : 9 hộp móp nặng, 5 hộp rách nặng",
BBSC-0033-0125,22/01/2025,Hoàn tất,HYPHENS,HÀNG NHẬP KHẨU,Sai số lượng,SI-25-000008/9/10,Kho Nhập,Trinh,,,,,TDF,N/A,,8,HỘP,,,thiếu 8 sản phẩm do hải quan kiểm hóa,
BBSC-0034-0125,23/01/2025,Hoàn tất,Dr.Reddy's,CN. HÀ NỘI (Điều chuyển),Không đạt Cảm quan,7528,Kho Nhập,Yến,,,,,REDIVEC 100MG 60'S,H2400333,31/01/2027,4,HỘP,,,04 hộp móp vỏ hộp ngoài,
BBSC-0035-0225,05/02/2025,Khởi tạo,VE PHARMA,HÀNG NHẬP KHẨU,Không đạt Cảm quan,0601 -S01 (VEVN/01/10/23),Team ĐGC2,Như,Phúc,,,SC6100019,WELLBABY MULTI-VITAMIN LIQUID (CHAI 150ML),41555,30/08/2026,1228,HỘP,,,"05/02/2025: 1208 hộp móp chữ C , 09 hộp rách nặng , 11 hộp móp nặng (LPN008358 or 000165696)",
BBSC-0035-0225,05/02/2025,Khởi tạo,VE PHARMA,HÀNG NHẬP KHẨU,Không đạt Cảm quan,0601 -S01 (VEVN/01/10/23),Team ĐGC2,Như,Phúc,,,SC6100002,FEROGLOBIN B12 LIQUID 200ML,41547,31/08/2026,1,HỘP,,,07/02/2025: 1 hộp rách nặng (LPN008379),
BBSC-0036-0225,06/02/2025,Khởi tạo,HYPHENS,HÀNG NHẬP KHẨU,Không đạt Cảm quan,INV A - SI-25-000023,Team ĐGC2,Như,Phúc,,,HY1100008,PIASCLEDINE TAB 15.S,N276,30/06/2027,3,HỘP,,,"06/02/2025: 02 hộp không lot date (LPN008372)
 10/02/2025: 01 hộp móp nặng (LPN008390)",
BBSC-0036-0225,06/02/2025,Khởi tạo,HYPHENS,HÀNG NHẬP KHẨU,Không đạt Cảm quan,INV A - SI-25-000023,Team ĐGC2,Như,Phúc,,,HY1100008,PIASCLEDINE TAB 15.S,N292,31/07/2027,14,HỘP,,,"11/02/2025: 06 hộp móp rách nặng (LPN008397)
 13/02/2025: 08 hộp móp rách nặng (LPN008408)",
BBSC-0036-0225,06/02/2025,Khởi tạo,HYPHENS,HÀNG NHẬP KHẨU,Không đạt Cảm quan,INV A - SI-25-000023,Team ĐGC2,Như,Phúc,,,HY1100008,PIASCLEDINE TAB 15.S,N294,31/07/2027,983,HỘP,,,"14/02/2025: 31 hộp móp rách nặng (LPN008420)
 19/02/2025: 137 hộp lỗi ( 117 hộp móp nhẹ, 18 hộp móp nặng, 1 hộp rách nặng, 1 hộp lỗi bao bì)
 21/02/2025: 815 hộp lỗi (773 hộp móp nhẹ, 42 hộp móp rách nặng)",
BBSC-0037-0225,06/02/2025,Hoàn tất,Dr.Reddy's,HÀNG NHẬP KHẨU,Vượt Nhiệt độ,9013485557,Phòng QA,Thảo,,,,,PODOXRED 500MG,H250034,30/11/2026,3630,HỘP,,,MAX: 45 độ C,
BBSC-0038-0225,10/02/2025,Hoàn tất,HYPHENS,HÀNG NHẬP KHẨU,Vượt Nhiệt độ,SI 25-000018,Phòng QA,Thiện,,,,HY6100002,OCEAN HEALTH OMEGA-3 FISH OIL 1000,"TA0011
 TA0010",31/07/2027,6000,LỌ,,,max: 45.3 độ C,
BBSC-0039-0225,10/02/2025,Hoàn tất,Dr.Reddy's,HÀNG NHẬP KHẨU,Không đạt Cảm quan,9013485557,Team ĐGC2,Như,,,,,PODOXRED 500MG,H250034,30/11/2026,1,HỘP,,,1 hộp vỡ lọ (Phòng tem),
BBSC-0040-0225,10/02/2025,Khởi tạo,VE PHARMA,HÀNG NHẬP KHẨU,Không đạt Cảm quan,2312-S29 (VEVN/01/09/25),Team ĐGC2,Như,Phúc,,,SC6100001,OSTEOCARE LIQUID 200ML,41390,31/07/2026,13,HỘP,,,"10/02/2025: 3 hộp móp nặng (LPN008384)
 13/02/2025: 1 hôp rách nặng (LPN008409)
 14/02/2025: 9 hộp móp rách nặng (LPN008418)",
BBSC-0041-0225,14/02/2025,Hoàn tất,HYPHENS,HÀNG NHẬP KHẨU,Vượt Nhiệt độ,SI 25-000053,Phòng QA,Thiện,,,,HY1200001,"CUROSURF 120MG/1,5ML (H/1LO X 1,5ML)",1205609,18/05/2026,225,HỘP,,,max: 13.0 độ C (LPN: 000169364),
BBSC-0042-0225,15/02/2025,Hoàn tất,HETERO,HÀNG NHẬP KHẨU,Không đạt Cảm quan,SI3624207909,Kho Nhập,Trinh,,,,HT1100033,"DOLUTEGRAVIR, LAMIVUDINE AND TENOFOVIR DISOPROXIL FUMARATE T ABLETS 50/300/300MG (HOP/1 LO 30 VIEN)",E244668,27/10/2026,49,THÙNG,,,Móp vỏ thùng ngoài,
BBSC-0043-0225,15/02/2025,Hoàn tất,HETERO,HÀNG NHẬP KHẨU,Không đạt Cảm quan,SI3624207911,Kho Nhập,Trinh,,,,HT1100033,"DOLUTEGRAVIR, LAMIVUDINE AND TENOFOVIR DISOPROXIL FUMARATE T ABLETS 50/300/300MG (HOP/1 LO 30 VIEN)",E245032,18/12/2026,30,THÙNG,,,Móp vỏ thùng ngoài,
BBSC-0044-0225,17/02/2025,Hoàn tất,GETZ,HÀNG NHẬP KHẨU,Không đạt Cảm quan,GETZ-VIET-735-2024,Kho Nhập,Trinh,Thiện,,,GZ1105004,ATASART H TAB 28.S,230T03,12/12/2027,4,HỘP,,,04 Hộp móp rách - LPN008424,
BBSC-0045-0225,17/02/2025,Hoàn tất,DANONE,HÀNG NHẬP KHẨU,Không đạt Cảm quan,8030509016,Team ĐGC2,Như,Phúc,,,DE6100004,THUC PHAM DINH DUONG Y HOC FORTIMEL COMPACT PROTEIN 2.4 KCAL /ML (HUONG DAU),111425012,29/09/2025,1,Chai,,,14/02/2025: 1 chai lỗi bao bì (LPN008419),
BBSC-0047-0225,17/02/2025,Hoàn tất,,CN. HƯNG YÊN (Điều chuyển),Không đạt Cảm quan,N/A,Kho Nhập,Yến,,,,,N/A,N/A,,84,THÙNG,,,84 kiện hàng móp,
BBSC-0048-0225,17/02/2025,Hoàn tất,J&J,HÀNG LÀM DỊCH VỤ,Không đạt Cảm quan,14022025,Team ĐGC2,Như,Phúc,,,JJ1000005,FUGACAR (500MG 1 TABL.VIETN.),24KQ019,04/11/2027,3,HỘP,,,"1 hộp in lot date sai vị trí, 2 hộp rách (LPN008436)",
BBSC-0049-0225,17/02/2025,Khởi tạo,HETERO,HÀNG NHẬP KHẨU,Không đạt Cảm quan,SI3624207909,Team ĐGC2,Như,Phúc,,,HT1100033,"DOLUTEGRAVIR, LAMIVUDINE AND TENOFOVIR DISOPROXIL FUMARATE TABLETS 50/300/300MG (HOP/1 LO 30 VIEN)",E244668,27/10/2026,69,HỘP,,,"17/02/2025: 35 hộp móp rách nặng (LPN008437)
 18/02/2025: 34 hộp móp rách nặng (LPN008445)",
BBSC-0050-0225,18/02/2025,Khởi tạo,BESIN,HÀNG NHẬP KHẨU,Không đạt Cảm quan,SD1-8101B-2405-00101,Kho xuất,Khải,,,,BS1300001,PROGESTOGEL 1% 80G,312,31/12/2026,1,HỘP,,,"Hộp ố, tuýp bên trong bị rò rỉ",
BBSC-0051-0225,18/02/2025,Hoàn tất,J&J,HÀNG LÀM DỊCH VỤ,Không đạt Cảm quan,14022025,Team ĐGC2,Như,Phúc,,,JJ1000005,FUGACAR (500MG 1 TABL.VIETN.),24KQ019,04/11/2027,4,HỘP,,,4 hộp rách (LPN008442),
BBSC-0052-0225,18/02/2025,Khởi tạo,HETERO,HÀNG NHẬP KHẨU,Không đạt Cảm quan,SI3624206628,Team ĐGC2,Như,Phúc,,,HT1100011,YESOM 40 (HOP/30 VIEN),E244227,28/08/2026,20,VỈ,LPN009088,,"18/02/2025: 8 vỉ rách, 1 vỉ nhàu nát (LPN008443)
 21/02/2025: 3 vỉ rách (LPN008465)
 25/02/2025: 3 vỉ rách (LPN008484)
 02/04/2025: 2 vỉ rách (LPN008770)
 26/04/2025: 3 vỉ rách (LPN008988)
 07/05/2025: 1 hộp có 1 vỉ rách (LPN: LPN009048)
 09/05/2025: 4 vỉ rách (2 hộp) - LPN: LPN009071
 12/05/2025: 1 vỉ rách (1 hộp) - LPN: LPN009088",
BBSC-0054-0225,19/02/2025,Hoàn tất,J&J,HÀNG LÀM DỊCH VỤ,Không đạt Cảm quan,14022025,Team ĐGC2,Như,Phúc,,,JJ1000005,FUGACAR (500MG 1 TABL.VIETN.),24KQ019,04/11/2027,2,HỘP,,,2 hộp rách (LPN008451),
BBSC-0055-0225,19/02/2025,Khởi tạo,HETERO,HÀNG NHẬP KHẨU,Không đạt Cảm quan,SI3624208088,Team ĐGC2,Như,Phúc,,,HT1100033,"DOLUTEGRAVIR, LAMIVUDINE AND TENOFOVIR DISOPROXIL FUMARATE TABLETS 50/300/300MG (HOP/1 LO 30 VIEN)",E245327,09/12/2026,5,HỘP,,,"19/02/2025: 1 hộp rách nặng (LPN008455)
 20/02/2025: 4 hộp rách nặng (LPN008459)",
BBSC-0056-0225,19/02/2025,Hoàn tất,HETERO,HÀNG NHẬP KHẨU,Sai số lượng,SI3624207911,Team ĐGC2,Như,Phúc,,,HT1100033,"DOLUTEGRAVIR, LAMIVUDINE AND TENOFOVIR DISOPROXIL FUMARATE TABLETS 50/300/300MG (HOP/1 LO 30 VIEN)",E245032,08/12/2026,1,HỘP,,,19/02/2025: Thiếu 1 hộp,
BBSC-0056-0225,19/02/2025,Hoàn tất,HETERO,HÀNG NHẬP KHẨU,Sai số lượng,SI3624207911,Team ĐGC2,Như,Phúc,,,HT1100033,"DOLUTEGRAVIR, LAMIVUDINE AND TENOFOVIR DISOPROXIL FUMARATE TABLETS 50/300/300MG (HOP/1 LO 30 VIEN)",E245032,08/12/2026,3,HỘP,,,19/02/2025: 3 hộp rách (LPN008448),
BBSC-0057-0225,20/02/2025,Khởi tạo,HETERO,HÀNG NHẬP KHẨU,Không đạt Cảm quan,SI9224207208,Team ĐGC2,Như,Phúc,,,HT1100007,LEVIN-500 (HOP/30 VIEN),FD245288A,12/12/2027,3,HỘP,,,20/02/2025: 3 hộp cấn móp nhẹ (LPN008462),
BBSC-0059-0225,20/02/2025,Khởi tạo,VE PHARMA,HÀNG NHẬP KHẨU,Không đạt Cảm quan,1002 -S02_VEVN/01/11/28,Team ĐGC2,Như,Phúc,,,SC6100003,FEROGLOBIN B12 CAPSULES (H/30 VIEN),FW2420PA,31/10/2027,7,HỘP,,,"20/02/2025: 04 rách nặng, 03 lỗi lot date (LPN008463)",
BBSC-0060-0225,20/02/2025,Hoàn tất,MEGA (MAXXCARE),HÀNG TRONG NƯỚC,Không đạt Cảm quan,61,Kho Nhập,Yến,,,,MG1100044,PANFOR SR-750 (HOP/10 VI X 10 VIEN),A08902402,03/09/2026,8,HỘP,,,"5 hộp móp rách nặng (LPN: 000170206)
 03 hộp móp nhẹ (LPN: 000170206-1)",
BBSC-0060-0225,20/02/2025,Hoàn tất,MEGA (MAXXCARE),HÀNG TRONG NƯỚC,Không đạt Cảm quan,61,Kho Nhập,Yến,,,,MG1100042,PANFOR SR-1000 (HOP/5 VI X 20 VIEN),PAF021009,10/11/2027,12,HỘP,,,"04 hộp móp rách nặng (LPN: 000170207)
 08 hộp móp rách nhẹ (LPN: 000170207-1)",
BBSC-0060-0225,20/02/2025,Hoàn tất,MEGA (MAXXCARE),HÀNG TRONG NƯỚC,Không đạt Cảm quan,61,Kho Nhập,Yến,,,,MG1100043,PANFOR SR-500 (HOP/5 VI X 20 VIEN),PAF01773,23/01/2027,17,HỘP,,,"05 hộp móp rách nặng (LPN: 000170210)
 12 hộp móp rách nhẹ (LPN: 000170210-1)",
BBSC-0061-0225,21/02/2025,Hoàn tất,MEGA (MAXXCARE),HÀNG TRONG NƯỚC,Không đạt Cảm quan,62,Kho Nhập,Yến,,,,MG1100048,PERGLIM M-2 (HOP/5 VI X 20 VIEN),A08922502,05/01/2027,12,HỘP,,,"7 hộp rách nặng, 5 hộp móp nặng",
BBSC-0061-0225,21/02/2025,Hoàn tất,MEGA (MAXXCARE),HÀNG TRONG NƯỚC,Không đạt Cảm quan,62,Kho Nhập,Yến,,,,MG1100047,PERGLIM M-1 (HOP/5 VI X 20 VIEN),PEM0199,02/05/2026,3,HỘP,,,3 hộp rách nặng,
BBSC-0062-0225,24/02/2025,Hoàn tất,HETERO,HÀNG NHẬP KHẨU,Không đạt Cảm quan,SI3624208093,Kho Nhập,Trinh,,,,HT1100033,"DOLUTEGRAVIR, LAMIVUDINE AND TENOFOVIR DISOPROXIL FUMARATE T ABLETS 50/300/300MG (HOP/1 LO 30 VIEN)",E245338,06/12/2026,40,THÙNG,,,"Móp, dập vỏ thùng ngoài",
BBSC-0063-0225,24/02/2025,Khởi tạo,HETERO,HÀNG NHẬP KHẨU,Không đạt Cảm quan,SI3624208092,Team ĐGC2,Như,Phúc,,,HT1100033,"DOLUTEGRAVIR, LAMIVUDINE AND TENOFOVIR DISOPROXIL FUMARATE TABLETS 50/300/300MG (HOP/1 LO 30 VIEN)",E245328,10/12/2026,5,HỘP,,,"24/02/2025: 2 hộp móp rách (LPN008475)
 25/02/2025: 1 hộp rách nặng (LPN008480)
 26/02/2025: 1 hộp móp, 1 hộp rách (LPN008501)",
BBSC-0064-0225,24/02/2025,Hoàn tất,J&J,HÀNG LÀM DỊCH VỤ,Không đạt Cảm quan,21022025,Team ĐGC2,Như,Phúc,,,JJ1000005,FUGACAR (500MG 1 TABL.VIETN.),24KQ020,04/11/2027,3,HỘP,,,3 hộp rách,
BBSC-0065-0225,25/02/2025,Hoàn tất,MEGA (MAXXCARE),HÀNG TRONG NƯỚC,Không đạt Cảm quan,75,Kho Nhập,Trinh,Thiện,,,MG1100035,BAROLE 10 (HOP/10 VI X 10 VIEN),BAL01102,30/11/2025,2,HỘP,,,2 hộp móp nặng (LPN: 000170746),
BBSC-0065-0225,25/02/2025,Hoàn tất,MEGA (MAXXCARE),HÀNG TRONG NƯỚC,Không đạt Cảm quan,75,Kho Nhập,Trinh,Thiện,,,MG1100036,BAROLE 20 (HOP/10 VI X 10 VIEN),BAL02385,08/11/2026,1,HỘP,,,1 hộp móp nặng (LPN: 000170745),
BBSC-0066-0225,25/02/2025,Hoàn tất,J&J,HÀNG LÀM DỊCH VỤ,Không đạt Cảm quan,21022025,Team ĐGC2,Như,Phúc,,,JJ1000005,FUGACAR (500MG 1 TABL.VIETN.),24KQ020,04/11/2027,1,HỘP,,,1 hộp rách,
BBSC-0068-0225,26/02/2025,Hoàn tất,J&J,HÀNG LÀM DỊCH VỤ,Không đạt Cảm quan,21022025,Team ĐGC2,Như,Phúc,,,JJ1000005,FUGACAR (500MG 1 TABL.VIETN.),24KQ020,04/11/2027,3,HỘP,,,3 hộp rách,
BBSC-0070-0225,26/02/2025,Hoàn tất,DAVIPHARM,HÀNG TRẢ VỀ,Không đạt Cảm quan,HD-DVP/2024/1014-2,Phòng QA,Thiện,,,,DV1100150,NEUBATEL 300MG (HOP/100VIEN) - EU,242672,23/09/2027,1,HỘP,,,"Mất lot date, trong thùng nguyên",
BBSC-0071-0225,27/02/2025,Hoàn tất,HETERO,HÀNG NHẬP KHẨU,Không đạt Cảm quan,SI3624208094,Kho Nhập,Trinh,,,,,TK106967569660,N/A,,2,THÙNG,,,"Móp, rách vỏ thùng ngoài",
BBSC-0072-0225,27/02/2025,Hoàn tất,HYPHENS,HÀNG NHẬP KHẨU,Không đạt Cảm quan,"SI-25-000068, SI-25-000069",Kho Nhập,Trinh,,,,,TK106966924740,N/A,,1,PALLET,,,"Móp, rách vỏ thùng ngoài",
BBSC-0073-0225,27/02/2025,Khởi tạo,HETERO,HÀNG NHẬP KHẨU,Không đạt Cảm quan,SI3624208091,Team ĐGC2,Như,Phúc,,,HT1100033,"DOLUTEGRAVIR, LAMIVUDINE AND TENOFOVIR DISOPROXIL FUMARATE TABLETS 50/300/300MG (HOP/1 LO 30 VIEN)",E245330,15/12/2026,14,HỘP,,,27/02/2025: 14 hộp móp rách nặng (LPN008508),
BBSC-0074-0225,28/02/2025,Hoàn tất,MEGA (MAXXCARE),HÀNG TRONG NƯỚC,Sai chứng từ,596,Phòng QA,Thiện,,,,MG6100003,FUCOMUNE (HOP/3VI X 10VIEN),PD0294,30/09/2025,400,HỘP,,,HSD trên INV&COA khác trên vỏ hộp,
BBSC-0075-0225,28/02/2025,Khởi tạo,HETERO,HÀNG NHẬP KHẨU,Sai số lượng,SI3624208093,Team ĐGC2,Như,Phúc,,,HT1100033,"DOLUTEGRAVIR, LAMIVUDINE AND TENOFOVIR DISOPROXIL FUMARATE TABLETS 50/300/300MG (HOP/1 LO 30 VIEN)",E245338,06/12/2026,1,HỘP,,,28/02/2025: Thiếu 1 hộp,
BBSC-0076-0225,28/02/2025,Khởi tạo,HETERO,HÀNG NHẬP KHẨU,Không đạt Cảm quan,SI3624208093,Team ĐGC2,Như,Phúc,,,HT1100033,"DOLUTEGRAVIR, LAMIVUDINE AND TENOFOVIR DISOPROXIL FUMARATE TABLETS 50/300/300MG (HOP/1 LO 30 VIEN)",E245338,06/12/2026,12,HỘP,,,28/02/2025: 12 hộp móp rách (LPN008517),
BBSC-0077-0225,28/02/2025,Hoàn tất,J&J,HÀNG LÀM DỊCH VỤ,Không đạt Cảm quan,21022025,Team ĐGC2,Như,Phúc,,,JJ1000005,FUGACAR (500MG 1 TABL.VIETN.),24KQ020,04/11/2027,11,HỘP,,,"27/02/2025: 
 - 01 hộp lỗi in lot date
 - 10 hộp thiếu",
BBSC-0078-0325,01/03/2025,Khởi tạo,HETERO,HÀNG NHẬP KHẨU,Không đạt Cảm quan,SI3624208086,Kho Nhập,Trinh,,,,HT1100033,"DOLUTEGRAVIR, LAMIVUDINE AND TENOFOVIR DISOPROXIL FUMARATE T ABLETS 50/300/300MG (HOP/1 LO 30 VIEN)",E245340,31/12/2026,2,THÙNG,171418,,"2 thùng ướt, 150 hộp ướt
 => thay thùng, tách lọ thuốc",
BBSC-0079-0325,01/03/2025,Khởi tạo,HETERO,HÀNG NHẬP KHẨU,Không đạt Cảm quan,Si3624208089,Kho Nhập,Trinh,,,,HT1100033,"DOLUTEGRAVIR, LAMIVUDINE AND TENOFOVIR DISOPROXIL FUMARATE T ABLETS 50/300/300MG (HOP/1 LO 30 VIEN)",E245450,31/12/2026,87,THÙNG,171372,,"87 thùng ướt, 1650 hộp ướt.
 => thay thùng, tách lọ thuốc",
BBSC-0080-0325,01/03/2025,Khởi tạo,HETERO,HÀNG NHẬP KHẨU,Không đạt Cảm quan,Si3624208090,Kho Nhập,Trinh,,,,HT1100033,"DOLUTEGRAVIR, LAMIVUDINE AND TENOFOVIR DISOPROXIL FUMARATE T ABLETS 50/300/300MG (HOP/1 LO 30 VIEN)",E245339,31/12/2026,38,THÙNG,"000170590 , 000170591",,"38 thùng ướt, 2850 hộp ướt
 => thay thùng, tách lọ thuốc",
BBSC-0081-0325,03/03/2025,Hoàn tất,J&J,HÀNG LÀM DỊCH VỤ,Không đạt Cảm quan,21022025,Team ĐGC2,Như,Lữ,,,JJ1000005,FUGACAR (500MG 1 TABL.VIETN.),24KQ020,04/11/2027,3,HỘP,,,"Thùng 0166/0655 : 1 hộp rách
 Thùng 0528/0655 : 1 hộp rách
 Thùng 0626/0655 : 1 hộp rách",
BBSC-0082-0325,03/03/2025,Khởi tạo,HETERO,HÀNG NHẬP KHẨU,Không đạt Cảm quan,SI9224207705-706-729-732-7030,Kho Nhập,Trinh,,,,HT1100016,LOSAGEN 50 (HOP/ 30 VIEN),FD242198D,09/08/2026,19,THÙNG,,,"19 thùng ẩm, móp.
 132 hộp ẩm: đã tách bỏ hộp và HDSD - LPN: 000171535
 480 hộp dính thành khối, đã khô, không tách ra được, sẽ rách mất chữ - LPN: LPN008536",
BBSC-0082-0325,03/03/2025,Khởi tạo,HETERO,HÀNG NHẬP KHẨU,Không đạt Cảm quan,SI9224207705-706-729-732-7030,Kho Nhập,Trinh,,,,HT1100020,AFATINIB TABLETS 30MG (HOP/ 60 VIEN),FE240362,15/12/2026,7,THÙNG,,,"7 thùng ẩm, móp.
 64 hộp ẩm: đã tách bỏ hộp và HDSD - LPN: 000171542",
BBSC-0082-0325,03/03/2025,Khởi tạo,HETERO,HÀNG NHẬP KHẨU,Không đạt Cảm quan,SI9224207705-706-729-732-7030,Kho Nhập,Trinh,,,,HT1100038,NILOTINIB CAPSULES 150MG (HOP/ 36 VIEN),FE240332,22/11/2026,3,THÙNG,,,"3 thùng ẩm, móp.
 Không có hộp bị móp, ướt trong 3 thùng này",
BBSC-0082-0325,03/03/2025,Khởi tạo,HETERO,HÀNG NHẬP KHẨU,Không đạt Cảm quan,SI9224207705-706-729-732-7030,Kho Nhập,Trinh,,,,HT1100037,NILOTINIB CAPSULES 200MG (HOP/ 60 VIEN),FE240284,21/11/2026,7,THÙNG,,,"7 thùng ẩm, móp.
 120 hộp ẩm: đã tách bỏ hộp và HDSD - LPN: 000171534",
BBSC-0083-0325,04/03/2025,Hoàn tất,ASTRAZENECA,HÀNG TRONG NƯỚC,Không đạt Cảm quan,109,Kho Nhập,Yến,Phúc,,,AZ1100025,PLENDIL PLUS 5/50 MG PROLONGED-RELEASE TABLET BOTTLE 30.S,MAPX,14/10/2027,3,HỘP,,,3 hộp móp nặng,
BBSC-0084-0325,04/03/2025,Hoàn tất,VE PHARMA,HÀNG NHẬP KHẨU,Không đạt Cảm quan,1002 -S02_VEVN/01/11/28,Team ĐGC2,Như,Lữ,,,SC6100014,LIVERIL (H/30 VIEN),LV2410P,31/07/2027,2,HỘP,,,"04.03.25 : 1 hộp móp nặng, 1 hộp lỗi bao bì",
BBSC-0084-0325,04/03/2025,Hoàn tất,VE PHARMA,HÀNG NHẬP KHẨU,Không đạt Cảm quan,1002 -S02_VEVN/01/11/28,Team ĐGC2,Như,Lữ,,,SC6100002,FEROGLOBIN B12 LIQUID 200ML,41694,30/09/2026,62,HỘP,,,"05.03.25 : 32 hộp móp nặng, 9 hộp rách nặng
 21.03.25 : 15 hộp móp nặng
 29.03.25: 1 hộp rách cạnh dưới, 1 hộp móp chữ C, 4 hộp móp đáy LPN008743 (Khôi chưa tách)",
BBSC-0084-0325,04/03/2025,Hoàn tất,VE PHARMA,HÀNG NHẬP KHẨU,Không đạt Cảm quan,1002 -S02_VEVN/01/11/28,Team ĐGC2,Như,Lữ,,,SC6100003,FEROGLOBIN B12 CAPSULES (H/30 VIEN),FW2420PA,31/07/2027,21,HỘP,,,"13.03.25 : 3 hộp không lot date, 1 hộp lỗi lot date
 14.03.25 : 3 hộp lỗi lot date
 19.03.25 : 1 hộp rách nặng, 1 hộp lỗi lot date
 27.03.25 : 1 hộp móp nặng
 29.03.25: 2 hộp không lot date, 7 hộp lỗi lot date, 2 hộp móp nặng",
BBSC-0084-0325,04/03/2025,Hoàn tất,VE PHARMA,HÀNG NHẬP KHẨU,Không đạt Cảm quan,1002 -S02_VEVN/01/11/28,Team ĐGC2,Như,Lữ,,,SC6100019,WELLBABY MULTI-VITAMIN LIQUID (CHAI 150ML),41588,31/08/2026,1191,HỘP,,,"14.03.25 : 386 hộp móp nhẹ chữ C
 17.03.25 : 802 hộp móp nhẹ chữ C, 3 hộp móp rách nặng",
BBSC-0085-0325,04/03/2025,Hoàn tất,HETERO,HÀNG NHẬP KHẨU,Sai khác AW,SI9224207705-706-729-732-7030,Phòng QA,Thiện,,,,HT1100016,LOSAGEN 50 (HOP/ 30 VIEN),FD242198D,09/08/2026,20880,HỘP,,,"Thiếu chữ ""State"" trong Địa chỉ nhà sản xuất",
BBSC-0085-0325,04/03/2025,Hoàn tất,HETERO,HÀNG NHẬP KHẨU,Sai khác AW,SI9224207705-706-729-732-7030,Phòng QA,Thiện,,,,HT1100038,NILOTINIB CAPSULES 150MG (HOP/ 36 VIEN),"FE240283A
 FE240332",22/11/2026,772,HỘP,,,"Vị trí ""TSIIC Formulation SEZ"" của hàng thực tế khác với so với mẫu Cục duyệt.",
BBSC-0085-0325,04/03/2025,Hoàn tất,HETERO,HÀNG NHẬP KHẨU,Sai khác AW,SI9224207705-706-729-732-7030,Phòng QA,Thiện,,,,HT1100037,NILOTINIB CAPSULES 200MG (HOP/ 60 VIEN),N/A,,0,HỘP,,,"Vị trí ""TSIIC Formulation SEZ"" của hàng thực tế khác với so với mẫu Cục duyệt.",
BBSC-0086-0325,05/03/2025,Hoàn tất,VE PHARMA,HÀNG NHẬP KHẨU,Không đạt Cảm quan,0601 -S01,Team ĐGC2,Như,Lữ,,,SC6100019,WELLBABY MULTI-VITAMIN LIQUID (CHAI 150ML),41630,30/09/2026,672,HỘP,,,05.03.25 : 672 hộp móp nhẹ chữ C (000165692),
BBSC-0088-0325,06/03/2025,Hoàn tất,ABBOTT,HÀNG NHẬP KHẨU,Không đạt Cảm quan,9020378706,Kho Nhập,Trinh,,,,,TK106986488010,N/A,,1,PALLET,,,"Móp, rách bao bì ngoài",
BBSC-0089-0325,06/03/2025,Hoàn tất,Dr.Reddy's,HÀNG NHẬP KHẨU,Vượt Nhiệt độ,9013488014,Phòng QA,Thiện,,,,RD1100009,ABIRATRED 250MG 120.S,H2400768,31/05/2026,295,HỘP,,,max 32.6 độ,
BBSC-0090-0325,07/03/2025,Hoàn tất,MEGA (MAXXCARE),HÀNG TRONG NƯỚC,Không đạt Cảm quan,86,Kho Nhập,Yến,Thiện,,,MG1100048,PERGLIM M-2,A08922504,09/01/2027,9,HỘP,,,"6 hộp móp nặng LPN: 000171838
 3 hộp móp nhẹ LPN: 000171837",
BBSC-0090-0325,07/03/2025,Hoàn tất,MEGA (MAXXCARE),HÀNG TRONG NƯỚC,Không đạt Cảm quan,86,Kho Nhập,Yến,Thiện,,,MG1100036,BAROLE 20,A08872502,28/01/2027,7,HỘP,,,"2 hộp móp nặng LPN: 000171839
 5 hộp móp nhẹ LPN: 000171840",
BBSC-0093-0325,07/03/2025,Hoàn tất,VE PHARMA,HÀNG NHẬP KHẨU,Không đạt Cảm quan,0601 -S01,Team ĐGC2,Như,Lữ,,,SC6100003,FEROGLOBIN B12 CAPSULES (H/30 VIEN),FW2418PA,30/06/2027,8,HỘP,,,"07.03.25 : 3 hộp móp rách nặng, 2 hộp lỗi bao bì
 10.03.25 : 1 hộp móp nặng
 13.03.25 : 1 hộp móp nặng, 1 hộp rách nặng",
BBSC-0094-0325,07/03/2025,Hoàn tất,Dr.Reddy's,HÀNG NHẬP KHẨU,Vượt Nhiệt độ,9013488583,Phòng QA,Thiện,,,,RD1200016,DAPTOMRED 500 MG (H/1 LO),K250095,31/12/2026,10040,HỘP,,,"nhiệt độ bên trong thùng đạt
 nhiệt độ bên ngoài thùng không đạt",
BBSC-0096-0325,08/03/2025,Hoàn tất,HETERO,HÀNG NHẬP KHẨU,Sai số lượng,SI3624208087,Team ĐGC2,Như,Lữ,,,HT1100033,"DOLUTEGRAVIR, LAMIVUDINE AND TENOFOVIR DISOPROXIL FUMARATE T ABLETS 50/300/300MG (HOP/1 LO 30 VIEN)",E245331,16/12/2026,1,HỘP,,,1 hộp thiếu,
BBSC-0098-0325,09/03/2025,Khởi tạo,HETERO,HÀNG NHẬP KHẨU,Không đạt Cảm quan,SI3624208089,Team ĐGC2,Như,Phúc,,,HT1100033,"DOLUTEGRAVIR, LAMIVUDINE AND TENOFOVIR DISOPROXIL FUMARATE T ABLETS 50/300/300MG (HOP/1 LO 30 VIEN)",E245450,17/12/2026,22,HỘP,,,"09/03/2025:
 - 01 hộp lỗi do ẩm
 - 14 hộp nhòe lot date
 - 02 hộp móp nặng
 - 05 hộp rách nặng
 (LPN008569)",
BBSC-0099-0325,09/03/2025,Hoàn tất,DANONE,HÀNG NHẬP KHẨU,Không đạt Cảm quan,8030504437,Team ĐGC2,Như,Phúc,,,DE6100001,THUC PHAM DINH DUONG Y HOC FORTIMEL POWDER (HUONG VANI),111421521,19/04/2026,2,HỘP,,,"02 hộp móp nặng 
 (LPN008570)",
BBSC-0100-0325,09/03/2025,Khởi tạo,HETERO,HÀNG NHẬP KHẨU,Không đạt Cảm quan,SI9224207705-706-729-732-7030,Team ĐGC2,Như,Phúc,,,HT1100016,LOSAGEN 50 (HOP/ 30 VIEN),FD242198D,09/08/2026,2,HỘP,,,02 hộp rách (LPN008573),
BBSC-0101-0325,10/03/2025,Hoàn tất,GETZ,HÀNG NHẬP KHẨU,Không đạt Cảm quan,GETZ/VIET/049/2025 & GETZ/VIET/047/2025,Kho Nhập,Trinh,Phúc,,,GZ1103016,MIRGY 100MG CAPS 10.S,381C07,30/12/2027,5,HỘP,,,"Móp, rách nặng",
BBSC-0101-0325,10/03/2025,Hoàn tất,GETZ,HÀNG NHẬP KHẨU,Không đạt Cảm quan,GETZ/VIET/049/2025 & GETZ/VIET/047/2025,Kho Nhập,Trinh,Phúc,,,GZ1105052,GETSITALIP TAB 100MG 14.S,435F66,07/12/2026,1,HỘP,,,Dơ,
BBSC-0101-0325,10/03/2025,Hoàn tất,GETZ,HÀNG NHẬP KHẨU,Không đạt Cảm quan,GETZ/VIET/049/2025 & GETZ/VIET/047/2025,Kho Nhập,Trinh,Phúc,,,GZ1105004,ATASART H TAB 28.S,230T03,12/12/2027,2,HỘP,,,"Móp, rách nặng",
BBSC-0101-0325,10/03/2025,Hoàn tất,GETZ,HÀNG NHẬP KHẨU,Không đạt Cảm quan,GETZ/VIET/049/2025 & GETZ/VIET/047/2025,Kho Nhập,Trinh,Phúc,,,GZ1106002,MEBEVER MR 200MG CAPS 10.S,211C31,17/09/2027,12,HỘP,,,"Móp, rách nặng",
BBSC-0102-0325,10/03/2025,Hoàn tất,J&J,HÀNG LÀM DỊCH VỤ,Không đạt Cảm quan,21022025,Team ĐGC2,Như,Lữ,,,JJ1000005,FUGACAR (500MG 1 TABL.VIETN.),24KQ020,04/11/2027,1,HỘP,,,Thùng 0275/0655 : 1 hộp rách,
BBSC-0103-0325,11/03/2025,Hoàn tất,TRƯỜNG SƠN,HÀNG LÀM DỊCH VỤ,Sai khác AW,10032025,Phòng QA,Thiện,,,,TS1100007,TRIVIT-B (H/10 ONG X 3ML),424194,21/10/2026,25000,HỘP,,,Cách ghi số lô trên nhãn phụ khác với trên vỏ hộp,
BBSC-0104-0325,11/03/2025,Hoàn tất,VE PHARMA,HÀNG NHẬP KHẨU,Không đạt Cảm quan,2312-S29,Team ĐGC2,Như,Lữ,,,SC6100001,OSTEOCARE LIQUID 200ML,41390,31/07/2026,9,HỘP,,,9 hộp móp nặng,
BBSC-0105-0325,11/03/2025,Hoàn tất,Dr.Reddy's,HÀNG NHẬP KHẨU,Vượt Nhiệt độ,9013488688,Phòng QA,Thiện,,,,RD1200012,BORTEZOMIB,H250024,30/11/2026,805,HỘP,,,max 37.8 độ C,
BBSC-0108-0325,13/03/2025,Hoàn tất,DAVIPHARM,HÀNG TRONG NƯỚC,Không đạt Cảm quan,N/A,Phòng QA,Phúc,,,,DV1100165,RYZONAL (HOP/60VIEN) - EU,250090,21/02/2028,1,HỘP,,,01 hộp lỗi bao bì,
BBSC-0109-0325,14/03/2025,Hoàn tất,HYPHENS,HÀNG NHẬP KHẨU,Không đạt Cảm quan,SI-25-000092,Team ĐGC2,Như,Lữ,,,HY1300022,CETRAXAL (H/15 ONG),X601,07/01/2027,2,HỘP,,,2 hộp không lot date,
BBSC-0110-0325,17/03/2025,Khởi tạo,ROHTO,HÀNG TRẢ VỀ,Không đạt Cảm quan,N/A,Kho Nhập,Duyên,,,,RH1300051,THUOC NHO MAT (NEW V-ROHTO) 13ML,IA03-2,29/09/2027,6,HỘP,,,Móp nặng,
BBSC-0111-0325,17/03/2025,Khởi tạo,DAVIPHARM,HÀNG TRẢ VỀ,Không đạt Cảm quan,N/A,Kho Nhập,Duyên,,,,DV1100135,GEBHART (HOP/30GOI),232047,29/09/2026,4,HỘP,,,Móp rách nặng,
BBSC-0112-0325,18/03/2025,Khởi tạo,VE PHARMA,HÀNG TRẢ VỀ,Không đạt Cảm quan,N/A,Phòng QA,Phúc,,,,SC6100015,PREGNACARE PLUS OMEGA 3 (H/56 VIEN),PP2347,31/03/2026,5,HỘP,,,"4 hộp dán giá, 1 hộp dơ đáy",
BBSC-0113-0325,18/03/2025,Hoàn tất,DANONE,HÀNG NHẬP KHẨU,Không đạt Cảm quan,8030509016,Team ĐGC2,Như,Lữ,,,DE6100005,THUC PHAM DINH DUONG Y HOC FORTIMEL COMPACT PROTEIN 2.4 KCAL /ML (HUONG VANI),111439942,31/10/2025,2,CHAI,,,18.03.25 : 2 chai móp,
BBSC-0114-0325,18/03/2025,Hoàn tất,Dr.Reddy's,HÀNG NHẬP KHẨU,Vượt Nhiệt độ,9013488016,Phòng QA,Thiện,,,,RD1200009,PODOXRED 500MG (H/1 LO),"H250066
 H250075",31/12/2026,3100,HỘP,,,max 45.3,
BBSC-0115-0325,19/03/2025,Khởi tạo,Dr.Reddy's,HÀNG NHẬP KHẨU,Không đạt Cảm quan,9013485140,Team ĐGC2,Như,Phúc,,,RD1100004,STAMLO 5 (H/2VI X 10VIEN),B2403968,31/10/2026,2,HỘP,,,"Móp, rách nặng",
BBSC-0116-0325,20/03/2025,Hoàn tất,J&J,HÀNG LÀM DỊCH VỤ,Không đạt Cảm quan,17032025,Team ĐGC2,Như,Lữ,,,JJ1000005,FUGACAR (500MG 1 TABL.VIETN.),24KQ023,04/11/2027,1,HỘP,,,Thùng 0285/0735 : 1 hộp rách,
BBSC-0117-0325,20/03/2025,Hoàn tất,Dr.Reddy's,HÀNG NHẬP KHẨU,Không đạt Cảm quan,9013488016,Team ĐGC2,Như,,,,RD1200009,PODOXRED 500MG (H/1 LO),H250075,31/12/2026,1,HỘP,,,1 hộp vỡ lọ (Phòng tem),
BBSC-0118-0325,20/03/2025,Khởi tạo,SANOFI,HÀNG TRẢ VỀ,Không đạt Cảm quan,N/A,Kho Nhập,Yến,,,,SA1200009,ELOXATIN 50MG SOLUTION B/1 VIAL 10ML VN,4F443A,31/01/2026,27,HỘP,,,"18 hộp móp nhẹ
 9 hộp móp rách nặng",
BBSC-0120-0325,20/03/2025,Khởi tạo,HETERO,HÀNG NHẬP KHẨU,Không đạt Cảm quan,SI3624208844-8769-8770,Kho Nhập,Trinh,,,,,TK107022542650,N/A,,1,THÙNG,,,"Móp, dập vỏ thùng ngoài",
BBSC-0121-0325,21/03/2025,Hoàn tất,SANOFI,HÀNG TRONG NƯỚC,Không đạt Cảm quan,295,Kho Nhập,Trinh,Phúc,,,SA1100012,PHOSPHALUGEL 12.38G/20G ORGEL SC26 VN,428722,12/12/2027,2,HỘP,,,"02 hộp móp nặng trong thùng nguyên vẹn 
 (LPN: LPN008667)",
BBSC-0121-0325,21/03/2025,Hoàn tất,SANOFI,HÀNG TRONG NƯỚC,Không đạt Cảm quan,295,Kho Nhập,Trinh,Phúc,,,SA1100012,PHOSPHALUGEL 12.38G/20G ORGEL SC26 VN,428726,11/12/2027,2,HỘP,,,"02 hộp móp nặng trong thùng bị móp, không nguyên vẹn (LPN: LPN008679)",
BBSC-0122-0325,21/03/2025,Khởi tạo,HETERO,HÀNG NHẬP KHẨU,Không đạt Cảm quan,SI3624208770-769-844,Team ĐGC2,Như,Phúc,,,HT1100033,"DOLUTEGRAVIR, LAMIVUDINE AND TENOFOVIR DISOPROXIL FUMARATE T ABLETS 50/300/300MG (HOP/1 LO 30 VIEN)",E245400,13/12/2026,7,HỘP,,,"21/03/2025: 6 hộp rách nặng, 1 hộp in lỗi số đăng ký 
 (LPN: LPN008680)",
BBSC-0124-0325,24/03/2025,Hoàn tất,Dr.Reddy's,HÀNG NHẬP KHẨU,Sai khác AW,9013489345,Phòng QA,Thiện,,,,RD1200004,PEG-GRAFEEL (H/1 BOM TIEM 0.6ML),N250049F,31/12/2026,0,HỘP,,,Hàng về với địa chỉ mới,
BBSC-0125-0325,24/03/2025,Hoàn tất,HYPHENS,HÀNG NHẬP KHẨU,Không đạt Cảm quan,SI-25-000111/12/13/14/15,Kho Nhập,Vang,,,,,TK107031501401,N/A,,1,THÙNG,,,"Móp, dập vỏ thùng ngoài",
BBSC-0126-0325,24/03/2025,Hoàn tất,J&J,HÀNG LÀM DỊCH VỤ,Không đạt Cảm quan,17032025,Team ĐGC2,Như,Lữ,,,JJ1000005,FUGACAR (500MG 1 TABL.VIETN.),24KQ023,04/11/2027,1,HỘP,,,"Thùng 0493/0735 : 1 hộp dơ, trầy",
BBSC-0127-0325,25/03/2025,Hoàn tất,VE PHARMA,HÀNG NHẬP KHẨU,Không đạt Cảm quan,2403 -S03_INVVEVN/01/12/16,Team ĐGC2,Như,Lữ,,,SC6100017,WELLKID MULTI-VITAMIN LIQUID (CHAI/150ML),41589,30/09/2026,300,HỘP,,,300 hộp móp nhẹ chữ C,
BBSC-0128-0325,25/03/2025,Hoàn tất,ASTRAZENECA,HÀNG TRONG NƯỚC,Không đạt Cảm quan,154,Kho Nhập,Trinh,,,,AZ1100007,NOLVADEX-D 20 MG TABLETS 3 BLISTERS X 10.S,SS034,05/09/2029,1,HỘP,,,01 hộp móp nặng (LPN: LPN008705),
BBSC-0129-0325,25/03/2025,Khởi tạo,HETERO,HÀNG NHẬP KHẨU,Không đạt Cảm quan,SI9224208612,Kho Nhập,Trinh,,,,,TK107042208710,N/A,,30,THÙNG,,,"Móp, dập vỏ thùng ngoài",
BBSC-0130-0325,26/03/2025,Hoàn tất,J&J,HÀNG LÀM DỊCH VỤ,Không đạt Cảm quan,17032025,Team ĐGC2,Như,Lữ,,,JJ1000005,FUGACAR (500MG 1 TABL.VIETN.),24KQ023,,2,HỘP,,,Thùng 0026/0735 : 2 hộp lỗi lot date,
BBSC-0131-0325,26/03/2025,Hoàn tất,SANOFI,HÀNG TRONG NƯỚC,Không đạt Cảm quan,317,Kho Nhập,Trinh,Phúc,,,SA1100012,PHOSPHALUGEL 12.38G/20G ORGEL SC26 VN,428728,,4,HỘP,,,"LPN: 000173789, móp nặng",
BBSC-0131-0325,26/03/2025,Hoàn tất,SANOFI,HÀNG TRONG NƯỚC,Không đạt Cảm quan,317,Kho Nhập,Trinh,Phúc,,,SA1100008,ENTEROGERMINA 2 BILLION/5ML B/ 20 BOTTLE,4I500,,1,HỘP,,,"LPN: 000173788, rách",
BBSC-0132-0325,26/03/2025,Khởi tạo,VE PHARMA,HÀNG NHẬP KHẨU,Không đạt Cảm quan,N/A,Kho xuất,Khải,,,,SC6100019,WELLBABY MULTI-VITAMIN LIQUID (CHAI 150ML),41402,,1,HỘP,,,Lỗi in lot date,
BBSC-0133-0325,26/03/2025,Hoàn tất,Dr.Reddy's,HÀNG NHẬP KHẨU,Vượt Nhiệt độ,9013490539,Phòng QA,Phúc,,,,RD1200005,DECITABINE 50MG,H250096,31/12/2026,576,HỘP,,,"Nhiệt độ không đạt, Max 35.7°C",
BBSC-0134-0325,26/03/2025,Hoàn tất,ALLEVIARE,HÀNG NHẬP KHẨU,Không đạt Cảm quan,EXP82/2024-25,Kho Nhập,Trinh,,,,AV1300029,ALLUCOT-N (HOP/1 TUYP),A514,,1,HỘP,,,Có vết bút bi,
BBSC-0135-0325,27/03/2025,Khởi tạo,TORRENT,HÀNG NHẬP KHẨU,Không đạt Cảm quan,GJ0600002990,Kho Nhập,Trinh,,,,,TK107040162131,N/A,,5,THÙNG,,,"Móp, dập vỏ thùng ngoài",
BBSC-0137-0325,27/03/2025,Khởi tạo,HETERO,HÀNG NHẬP KHẨU,Không đạt Cảm quan,SI3624208771,Kho Nhập,Trinh,,,,HT1100033,"DOLUTEGRAVIR, LAMIVUDINE AND TENOFOVIR DISOPROXIL FUMARATE T ABLETS 50/300/300MG (HOP/1 LO 30 VIEN)",E245401,,0,THÙNG,,,"Móp, dập vỏ thùng ngoài",
BBSC-0139-0325,27/03/2025,Hoàn tất,ALLEVIARE,HÀNG NHẬP KHẨU,Không đạt Cảm quan,GJ0600003012,Kho Nhập,Trinh,,,,,TK107045724000,N/A,,20,THÙNG,,,"Móp, dập vỏ thùng ngoài",
BBSC-0141-0325,28/03/2025,Khởi tạo,HETERO,HÀNG NHẬP KHẨU,Không đạt Cảm quan,SI3624208934,Kho Nhập,Trinh,,,,,TK107053335100,N/A,,25,THÙNG,,,"Móp, dập vỏ thùng ngoài",
BBSC-0142-0325,28/03/2025,Hoàn tất,HYPHENS,HÀNG NHẬP KHẨU,Không đạt Cảm quan,SI 25-000146,Kho Nhập,Trinh,,,,,TK107051307310,N/A,,3,THÙNG,,,"Móp, dập vỏ thùng ngoài",
BBSC-0143-0325,28/03/2025,Hoàn tất,HYPHENS,HÀNG NHẬP KHẨU,Vượt Nhiệt độ,SI 25-000146,Phòng QA,Thiện,,,,HY1200007,XENETIX 300 (HOP/10 LO x 100ML),24WC0573,,0,LỌ,,,max 45.1 0C,
BBSC-0144-0325,28/03/2025,Khởi tạo,HETERO,HÀNG NHẬP KHẨU,Không đạt Cảm quan,SI3624208771,Team ĐGC2,Như,Phúc,,,HT1100033,"DOLUTEGRAVIR, LAMIVUDINE AND TENOFOVIR DISOPROXIL FUMARATE T ABLETS 50/300/300MG (HOP/1 LO 30 VIEN)",E245401,,11,HỘP,,,"5 hộp móp nặng, 6 hộp rách nặng",
BBSC-0145-0325,29/03/2025,Khởi tạo,ALLEVIARE,HÀNG NHẬP KHẨU,Không đạt Cảm quan,GJ0600003012,Team ĐGC2,Như,Phúc,,,AV1100019,FEGEM-100 (HOP/100VIEN),BNZ1M004,,18,HỘP,,,18 hộp móp rách trong thùng rách,
BBSC-0146-0325,29/03/2025,Khởi tạo,HETERO,HÀNG NHẬP KHẨU,Không đạt Cảm quan,SI3624000757,Team ĐGC2,Như,Phúc,,,HT1200001,VANCONEX (VANCOMYCIN HYDROCHLORIDE FOR INJECTION USP 500MG/V IAL),AS1250076A,,1,HỘP,,,01 hộp In ngược lot date,
BBSC-0147-0325,31/03/2025,Hoàn tất,MEGA (MAXXCARE),HÀNG TRONG NƯỚC,Không đạt Cảm quan,103,Kho Nhập,Yến,Thiện,,,MG1100044,PANFOR SR-750 (HOP/10 VI X 10 VIEN),A08902308,,15,HỘP,,,"7 hộp móp, rách nặng – 8 hộp móp nhẹ",
BBSC-0147-0325,31/03/2025,Hoàn tất,MEGA (MAXXCARE),HÀNG TRONG NƯỚC,Không đạt Cảm quan,103,Kho Nhập,Yến,Thiện,,,MG1100048,PERGLIM M-2 (HOP/5 VI X 20 VIEN),A08922504,,19,HỘP,,,"8 hộp móp, rách nặng – 11 hộp móp nhẹ",
BBSC-0147-0325,31/03/2025,Hoàn tất,MEGA (MAXXCARE),HÀNG TRONG NƯỚC,Không đạt Cảm quan,103,Kho Nhập,Yến,Thiện,,,MG1100048,PERGLIM M-2 (HOP/5 VI X 20 VIEN),A08922505,,5,HỘP,,,"5 hộp móp, rách nặng",
BBSC-0148-0325,31/03/2025,Khởi tạo,DAVIPHARM,HÀNG TRONG NƯỚC,Không đạt Cảm quan,HD-DVP/2025/0106,Kho xuất,Khải,Phúc,,,DV1100037,THUOC MO TACROPIC (HOP/1TUYP),243703,,7,HỘP,,,"07 Tuýp bên trong rò rỉ dung dịch ở đáy tuýp, bị ố vàng ở một đầu hộp.",
BBSC-0149-0325,31/03/2025,Khởi tạo,HETERO,HÀNG NHẬP KHẨU,Không đạt Cảm quan,SI3624209331,Kho Nhập,Trinh,,,,HT1100033,"DOLUTEGRAVIR, LAMIVUDINE AND TENOFOVIR DISOPROXIL FUMARATE T ABLETS 50/300/300MG (HOP/1 LO 30 VIEN)",E245341,,0,THÙNG,,,"Móp, dập vỏ thùng ngoài",
BBSC-0150-0325,31/03/2025,Hoàn tất,J&J,HÀNG LÀM DỊCH VỤ,Không đạt Cảm quan,17032025,Team ĐGC2,Như,Phúc,,,JJ1000005,FUGACAR (500MG 1 TABL.VIETN.),24KQ023,,1,HỘP,,,01 hộp lỗi bao bì,
BBSC-0151-0325,31/03/2025,Hoàn tất,ASTRAZENECA,CN. HƯNG YÊN (Điều chuyển),Không đạt Cảm quan,31438,Kho Nhập,Trinh,,,,AZ1200002,ZOLADEX 3.6 MG DEPOT 1.S,SP276,,8,HỘP,,,"Móp, ướt",
BBSC-0151-0325,31/03/2025,Hoàn tất,ASTRAZENECA,CN. HƯNG YÊN (Điều chuyển),Không đạt Cảm quan,31438,Kho Nhập,Trinh,,,,,ESTOR TAB 40MG,PH1031,,125,HỘP,,,"63 hộp : ướt, 62 hộp :móp",
BBSC-0152-0325,31/03/2025,Khởi tạo,VE PHARMA,HÀNG NHẬP KHẨU,Không đạt Cảm quan,VEVN/01/01/27,Kho Nhập,Trinh,,,,,TK107054311560,N/A,,3,PALLET,,,"Móp, dập vỏ thùng ngoài",
BBSC-0153-0325,31/03/2025,Hoàn tất,MEGA (MAXXCARE),HÀNG TRONG NƯỚC,Sai chứng từ,,Kho Lạnh,Vy,,,,,VINTOR 2000 (HOP/1 BOM TIEM),042405V05,,23,HỘP,,,"Trong quá trình soạn hàng, phát hiện 23 hộp VINTOR 2000 lô 042406V06 hạn dùng 06/05/2026 trong thùng chứa VINTOR 2000 lô 042406V05",
BBSC-0154-0325,31/03/2025,Hoàn tất,MAYOLY,HÀNG TRONG NƯỚC,Không đạt Cảm quan,531 & 522,Kho Nhập,Trinh,Thiện,,,MY1100002,FORTRANS 4SACH VN,C54525,,39,HỘP,"000174753 , LPN008832",,39 hộp móp phần đầu hộp,
BBSC-0154-0325,31/03/2025,Hoàn tất,MAYOLY,HÀNG TRONG NƯỚC,Không đạt Cảm quan,531 & 522,Kho Nhập,Trinh,Thiện,,,MY1100001,TANAKAN 40MG 30TABS VN,C61458,,323,HỘP,174750,,323 hộp Lỗi bao bì,
BBSC-0154-0325,31/03/2025,Hoàn tất,MAYOLY,HÀNG TRONG NƯỚC,Không đạt Cảm quan,531 & 522,Kho Nhập,Trinh,Thiện,,,MY1100002,FORTRANS 4SACH VN,C56290,,20,HỘP,174747,,20 hộp móp phần đầu hộp,
BBSC-0154-0325,31/03/2025,Hoàn tất,MAYOLY,HÀNG TRONG NƯỚC,Không đạt Cảm quan,531 & 522,Kho Nhập,Trinh,Thiện,,,MY1100002,FORTRANS 4SACH VN,C56390,,260,HỘP,"000174748 , LPN008829",,260 hộp móp phần đầu hộp,
BBSC-0154-0325,31/03/2025,Hoàn tất,MAYOLY,HÀNG TRONG NƯỚC,Không đạt Cảm quan,531 & 522,Kho Nhập,Trinh,Thiện,,,MY1100002,FORTRANS 4SACH VN,C56388,,98,HỘP,"000174751 , LPN008831",,98 hộp móp phần đầu hộp,
BBSC-0154-0325,31/03/2025,Hoàn tất,MAYOLY,HÀNG TRONG NƯỚC,Không đạt Cảm quan,531 & 522,Kho Nhập,Trinh,Thiện,,,MY1100002,FORTRANS 4SACH VN,C56289,,43,HỘP,"000174746 , LPN008827",,43 hộp móp phần đầu hộp,
BBSC-0154-0325,31/03/2025,Hoàn tất,MAYOLY,HÀNG TRONG NƯỚC,Không đạt Cảm quan,531 & 522,Kho Nhập,Trinh,Thiện,,,MY1100008,FORLAX 10G 20SACH VN,C55238,,30,HỘP,"000174754 , LPN008833",,30 hộp móp phần đáy hộp,
BBSC-0154-0325,31/03/2025,Hoàn tất,MAYOLY,HÀNG TRONG NƯỚC,Không đạt Cảm quan,531 & 522,Kho Nhập,Trinh,Thiện,,,MY1100002,FORTRANS 4SACH VN,C56389,,40,HỘP,"000174745 , LPN008826",,40 hộp móp phần đầu hộp,
BBSC-0154-0325,31/03/2025,Hoàn tất,MAYOLY,HÀNG TRONG NƯỚC,Không đạt Cảm quan,531 & 522,Kho Nhập,Trinh,Thiện,,,MY1100005,SMECTA STRAWBERRY 3G 12SACH VN,A67887,,5,HỘP,174749,,5 hộp móp phần đầu hộp,
BBSC-0154-0325,31/03/2025,Hoàn tất,MAYOLY,HÀNG TRONG NƯỚC,Không đạt Cảm quan,531 & 522,Kho Nhập,Trinh,Thiện,,,MY1100008,FORLAX 10G 20SACH VN,C55239,,12,HỘP,174752,,12 hộp móp phần đáy hộp,
BBSC-0155-0425,02/04/2025,Khởi tạo,HOE,HÀNG NHẬP KHẨU,Không đạt Cảm quan,"21759, 21760, 21761",Team ĐGC2,Như,Phúc,,,HO1300047,ELLGY H2O ARR CREAM (25G/H/1 TUYP).,381407,,1,HỘP,,,1 hộp thủng,
BBSC-0156-0425,02/04/2025,Khởi tạo,HETERO,HÀNG NHẬP KHẨU,Không đạt Cảm quan,SI3624208934,Team ĐGC2,Như,Phúc,,,HT1100033,"DOLUTEGRAVIR, LAMIVUDINE AND TENOFOVIR DISOPROXIL FUMARATE T ABLETS 50/300/300MG (HOP/1 LO 30 VIEN)",E245402,,4,HỘP,,,"01 hộp không lot date 
 03 hộp móp rách",
BBSC-0157-0425,03/04/2025,Hoàn tất,Dr.Reddy's,HÀNG NHẬP KHẨU,Vượt Nhiệt độ,9013491060,Phòng QA,Thiện,,,,RD1200009,PODOXRED 500MG (H/1 LO),H250203,,0,HỘP,,,max 31.2 0C,
BBSC-0158-0425,03/04/2025,Hoàn tất,Dr.Reddy's,HÀNG NHẬP KHẨU,Không đạt Cảm quan,9013491285,Kho Nhập,Trinh,,,,,TK107056673620,N/A,,20,THÙNG,,,"Móp, dập vỏ thùng ngoài",
BBSC-0159-0425,03/04/2025,Hoàn tất,MAYOLY,HÀNG TRONG NƯỚC,Không đạt Cảm quan,550 & 564,Kho Nhập,Trinh,Thiện,,,MY1100008,FORLAX 10G 20SACH VN,C55242,,2,HỘP,175060,,Móp phần đầu hộp,
BBSC-0159-0425,03/04/2025,Hoàn tất,MAYOLY,HÀNG TRONG NƯỚC,Không đạt Cảm quan,550 & 564,Kho Nhập,Trinh,Thiện,,,MY1100008,FORLAX 10G 20SACH VN,C55237,,16,HỘP,175056,,Móp phần đầu và đáy hộp,
BBSC-0159-0425,03/04/2025,Hoàn tất,MAYOLY,HÀNG TRONG NƯỚC,Không đạt Cảm quan,550 & 564,Kho Nhập,Trinh,Thiện,,,MY1100007,FORLAX 4G 20SACH VN,C59238,,2,HỘP,175057,,Móp phần đáy hộp,
BBSC-0159-0425,03/04/2025,Hoàn tất,MAYOLY,HÀNG TRONG NƯỚC,Không đạt Cảm quan,550 & 564,Kho Nhập,Trinh,Thiện,,,MY1100002,FORTRANS 4SACH VN,C56393,,15,HỘP,175062,,Móp phần đầu và đáy hộp,
BBSC-0159-0425,03/04/2025,Hoàn tất,MAYOLY,HÀNG TRONG NƯỚC,Không đạt Cảm quan,550 & 564,Kho Nhập,Trinh,Thiện,,,MY1100002,FORTRANS 4SACH VN,C54524,,19,HỘP,"000175048 , LPN008834",,Móp phần đầu và đáy hộp,
BBSC-0159-0425,03/04/2025,Hoàn tất,MAYOLY,HÀNG TRONG NƯỚC,Không đạt Cảm quan,550 & 564,Kho Nhập,Trinh,Thiện,,,MY1100002,FORTRANS 4SACH VN,C56394,,38,HỘP,"000175058 , LPN008836",,Móp phần đáy hộp,
BBSC-0159-0425,03/04/2025,Hoàn tất,MAYOLY,HÀNG TRONG NƯỚC,Không đạt Cảm quan,550 & 564,Kho Nhập,Trinh,Thiện,,,MY1100002,FORTRANS 4SACH VN,C54470,,19,HỘP,175055,,Móp phần đầu và đáy hộp,
BBSC-0159-0425,03/04/2025,Hoàn tất,MAYOLY,HÀNG TRONG NƯỚC,Không đạt Cảm quan,550 & 564,Kho Nhập,Trinh,Thiện,,,MY1100004,SMECTA ORANGE 3G 10SACH VN,C52354,,2,HỘP,LPN008839,,Mất niêm phong,
BBSC-0159-0425,03/04/2025,Hoàn tất,MAYOLY,HÀNG TRONG NƯỚC,Không đạt Cảm quan,550 & 564,Kho Nhập,Trinh,Thiện,,,MY1100005,SMECTA STRAWBERRY 3G 12SACH VN,C59592,,38,HỘP,"000175061 , LPN008837",,Dơ phần đáy hộp,
BBSC-0159-0425,03/04/2025,Hoàn tất,MAYOLY,HÀNG TRONG NƯỚC,Không đạt Cảm quan,550 & 564,Kho Nhập,Trinh,Thiện,,,MY1100001,TANAKAN 40MG 30TABS VN,C61459,,390,HỘP,175059,,Lỗi bao bì,
BBSC-0160-0425,04/04/2025,Hoàn tất,MEGA (MAXXCARE),HÀNG TRONG NƯỚC,Không đạt Cảm quan,106,Kho Nhập,Yến,Lữ,,,MG1100042,PANFOR SR-1000 (HOP/5 VI X 20 VIEN),PAF021009,,2,HỘP,,,"02 hộp móp, rách nặng",
BBSC-0160-0425,04/04/2025,Hoàn tất,MEGA (MAXXCARE),HÀNG TRONG NƯỚC,Không đạt Cảm quan,106,Kho Nhập,Yến,Lữ,,,MG1100047,PERGLIM M-1 (HOP/5 VI X 20 VIEN),PEM0199,,4,HỘP,,,04 hộp rách nặng,
BBSC-0161-0425,04/04/2025,Hoàn tất,HYPHENS,HÀNG NHẬP KHẨU,Vượt Nhiệt độ,SI-25-000156,Phòng QA,Lữ,,,,HY1200001,"CUROSURF 120MG/1,5ML (H/1LO X 1,5ML)",1208699,,750,LỌ,,,"min -0.20C, max 11.30C",
BBSC-0162-0425,04/04/2025,Khởi tạo,J&J,HÀNG LÀM DỊCH VỤ,Không đạt Cảm quan,20032025,Team ĐGC2,Như,Phúc,,,JJ1000005,FUGACAR (500MG 1 TABL.VIETN.),24KQ023,,3,HỘP,,,"02 hộp rách trong thùng số 0114/0735 
 01 hộp rách trong thùng số 0437/0735",
BBSC-0163-0425,04/04/2025,Khởi tạo,VE PHARMA,HÀNG NHẬP KHẨU,Không đạt Cảm quan,VEVN25/01/03/25,Kho Nhập,Trinh,,,,,TK107075755030,N/A,,1,PALLET,,,"Móp, dập vỏ thùng ngoài",
BBSC-0164-0425,04/04/2025,Hoàn tất,MAYOLY,HÀNG TRONG NƯỚC,Không đạt Cảm quan,593,Kho Nhập,Trinh,Thiện,,,MY1100002,FORTRANS 4SACH VN,C56395,,40,HỘP,,,Móp phần đầu và đáy hộp,
BBSC-0165-0425,05/04/2025,Hoàn tất,MAYOLY,HÀNG TRONG NƯỚC,Không đạt Cảm quan,609,Kho Nhập,Trinh,Thiện,,,MY1100002,FORTRANS 4SACH VN,C56398,,320,HỘP,,,Móp phần đầu và đáy hộp,
BBSC-0165-0425,05/04/2025,Hoàn tất,MAYOLY,HÀNG TRONG NƯỚC,Không đạt Cảm quan,609,Kho Nhập,Trinh,Thiện,,,MY1100002,FORTRANS 4SACH VN,C56396,,20,HỘP,,,Móp phần đầu và đáy hộp,
BBSC-0165-0425,05/04/2025,Hoàn tất,MAYOLY,HÀNG TRONG NƯỚC,Không đạt Cảm quan,609,Kho Nhập,Trinh,Thiện,,,MY1100006,SMECTAGO 12STICKS VN,C62958,,19,HỘP,,,"Móp, rách nặng (01 hộp mất niêm phong)",
BBSC-0165-0425,05/04/2025,Hoàn tất,MAYOLY,HÀNG TRONG NƯỚC,Không đạt Cảm quan,609,Kho Nhập,Trinh,Thiện,,,MY1100002,FORTRANS 4SACH VN,C56397,,200,HỘP,,,Móp phần đầu và đáy hộp,
BBSC-0167-0425,08/04/2025,Hoàn tất,Dr.Reddy's,HÀNG NHẬP KHẨU,Không đạt Cảm quan,9013491285,Team ĐGC2,Như,Phúc,,,RD1100017,STAMLO-T 80/5MG (HOP/28 VIEN),V2500513,,2,HỘP,,,Lot date in sai vị trí,
BBSC-0168-0425,09/04/2025,Hoàn tất,MAYOLY,HÀNG TRONG NƯỚC,Không đạt Cảm quan,614,Kho Nhập,Trinh,Thiện,,,MY1100004,SMECTA ORANGE 3G 10SACH VN,C53765,,2,HỘP,,,Móp cạnh bên,
BBSC-0168-0425,09/04/2025,Hoàn tất,MAYOLY,HÀNG TRONG NƯỚC,Không đạt Cảm quan,614,Kho Nhập,Trinh,Thiện,,,MY1100004,SMECTA ORANGE 3G 10SACH VN,C53766,,2,HỘP,,,Rách phần đáy hộp,
BBSC-0168-0425,09/04/2025,Hoàn tất,MAYOLY,HÀNG TRONG NƯỚC,Không đạt Cảm quan,614,Kho Nhập,Trinh,Thiện,,,MY1100004,SMECTA ORANGE 3G 10SACH VN,C53541,,1,HỘP,,,Rách phần đáy hộp,
BBSC-0169-0425,09/04/2025,Khởi tạo,VE PHARMA,HÀNG NHẬP KHẨU,Không đạt Cảm quan,1002 -S02_VEVN/01/11/28,Team ĐGC2,Như,Phúc,,,SC6100019,WELLBABY MULTI-VITAMIN LIQUID (CHAI 150ML),41588,,160,HỘP,,,"04 hộp móp nặng
 156 hộp móp C",
BBSC-0169-0425,09/04/2025,Khởi tạo,VE PHARMA,HÀNG NHẬP KHẨU,Không đạt Cảm quan,1002 -S02_VEVN/01/11/28,Team ĐGC2,Như,Phúc,,,SC6100019,WELLBABY MULTI-VITAMIN LIQUID (CHAI 150ML),41631,,355,HỘP,,,355 hộp móp C,
BBSC-0169-0425,09/04/2025,Khởi tạo,VE PHARMA,HÀNG NHẬP KHẨU,Không đạt Cảm quan,1002 -S02_VEVN/01/11/28,Team ĐGC2,Như,Phúc,,,SC6100001,OSTEOCARE LIQUID 200ML,41605,,1,HỘP,,,01 hộp rách nặng,
BBSC-0170-0425,09/04/2025,Khởi tạo,VE PHARMA,HÀNG NHẬP KHẨU,Không đạt Cảm quan,0804 -S07 INVVEVN25/01/03/25,Team ĐGC2,Như,Phúc,,,SC6100017,WELLKID MULTI-VITAMIN LIQUID (CHAI/150ML),50219,,839,HỘP,,,"785 hộp móp chữ C, 45 hộp rách góc nặng, 09 hộp móp nặng",
BBSC-0171-0425,09/04/2025,Hoàn tất,SANOFI,HÀNG TRONG NƯỚC,Không đạt Cảm quan,352,Kho Nhập,Duyên,Thiện,,,SA1100054,BISOLVON KIDS 60ML BOTx1 VN,FVH0649,,1,HỘP,,,Rách nắp,
BBSC-0172-0425,09/04/2025,Khởi tạo,HETERO,HÀNG NHẬP KHẨU,Không đạt Cảm quan,SI3624209988-89,Kho Nhập,Trinh,,,,HT1100033,"DOLUTEGRAVIR, LAMIVUDINE AND TENOFOVIR DISOPROXIL FUMARATE T ABLETS 50/300/300MG (HOP/1 LO 30 VIEN)",N/A,,0,THÙNG,,,"Móp, dập vỏ thùng ngoài",
BBSC-0173-0425,09/04/2025,Khởi tạo,SANG,HÀNG TRẢ VỀ,Không đạt Cảm quan,N/A,Kho Nhập,Duyên,,,,AB1100017,LIPANTHYL SUPRA TAB 160MG 30.S,36523,26/08/2026,9,HỘP,,,Móp nặng,
BBSC-0174-0425,09/04/2025,Khởi tạo,DAVIPHARM,HÀNG TRẢ VỀ,Không đạt Cảm quan,N/A,Kho Nhập,Duyên,,,,DV1100151,TRIBUTEL (HOP/100VIEN) - EU,242507,15/10/2027,1,HỘP,,,Móp rách nặng,
BBSC-0175-0425,10/04/2025,Khởi tạo,HETERO,HÀNG NHẬP KHẨU,Không đạt Cảm quan,SI9225200051,Kho Nhập,Trinh,,,,,TK107086120300,N/A,,10,THÙNG,,,"Móp, dập vỏ thùng ngoài",
BBSC-0176-0425,10/04/2025,Hoàn tất,MAYOLY,HÀNG TRONG NƯỚC,Không đạt Cảm quan,616,Kho Nhập,Trinh,Thiện,,,MY1100002,FORTRANS 4SACH VN,C57504,,100,HỘP,,,Móp nhẹ,
BBSC-0176-0425,10/04/2025,Hoàn tất,MAYOLY,HÀNG TRONG NƯỚC,Không đạt Cảm quan,616,Kho Nhập,Trinh,Thiện,,,MY1100002,FORTRANS 4SACH VN,C56452,,440,HỘP,,,Móp nhẹ,
BBSC-0176-0425,10/04/2025,Hoàn tất,MAYOLY,HÀNG TRONG NƯỚC,Không đạt Cảm quan,616,Kho Nhập,Trinh,Thiện,,,MY1100002,FORTRANS 4SACH VN,C60516,,100,HỘP,,,Móp nhẹ,
BBSC-0176-0425,10/04/2025,Hoàn tất,MAYOLY,HÀNG TRONG NƯỚC,Không đạt Cảm quan,616,Kho Nhập,Trinh,Thiện,,,MY1100002,FORTRANS 4SACH VN,C56399,,520,HỘP,,,Móp nhẹ,
BBSC-0176-0425,10/04/2025,Hoàn tất,MAYOLY,HÀNG TRONG NƯỚC,Không đạt Cảm quan,616,Kho Nhập,Trinh,Thiện,,,MY1100002,FORTRANS 4SACH VN,C56398,,280,HỘP,,,Móp nhẹ,
BBSC-0176-0425,10/04/2025,Hoàn tất,MAYOLY,HÀNG TRONG NƯỚC,Không đạt Cảm quan,616,Kho Nhập,Trinh,Thiện,,,MY1100002,FORTRANS 4SACH VN,C57503,,500,HỘP,,,Móp nhẹ,
BBSC-0176-0425,10/04/2025,Hoàn tất,MAYOLY,HÀNG TRONG NƯỚC,Không đạt Cảm quan,616,Kho Nhập,Trinh,Thiện,,,MY1100008,FORLAX 10G 20SACH VN,C59631,,2,HỘP,,,Móp nặng,
BBSC-0176-0425,10/04/2025,Hoàn tất,MAYOLY,HÀNG TRONG NƯỚC,Không đạt Cảm quan,616,Kho Nhập,Trinh,Thiện,,,MY1100006,SMECTAGO 12STICKS VN,C62958,,7,HỘP,,,"Móp, rách nặng",
BBSC-0177-0425,11/04/2025,Hoàn tất,MEGA (MAXXCARE),HÀNG TRONG NƯỚC,Không đạt Cảm quan,110,Kho Nhập,Yến,Thiện,,,MG1100048,PERGLIM M-2 (HOP/5 VI X 20 VIEN),A08922505,,3,HỘP,,,"3 Móp, rách nặng",
BBSC-0178-0425,11/04/2025,Khởi tạo,HETERO,HÀNG NHẬP KHẨU,Không đạt Cảm quan,SI3624209331,Team ĐGC2,Như,Phúc,,,HT1100033,"DOLUTEGRAVIR, LAMIVUDINE AND TENOFOVIR DISOPROXIL FUMARATE T ABLETS 50/300/300MG (HOP/1 LO 30 VIEN)",E245341,,3,HỘP,,,3 hộp rách,
BBSC-0179-0425,12/04/2025,Hoàn tất,MAYOLY,HÀNG TRONG NƯỚC,Không đạt Cảm quan,623 & 622 & 642,Kho Nhập,Yến,Thiện,,,MY1100008,FORLAX 10G 20SACH VN,C62017,,3,HỘP,,,"02 hộp lật nắp, 01 rách nắp",
BBSC-0179-0425,12/04/2025,Hoàn tất,MAYOLY,HÀNG TRONG NƯỚC,Không đạt Cảm quan,623 & 622 & 642,Kho Nhập,Yến,Thiện,,,MY1100008,FORLAX 10G 20SACH VN,C60957,,2,HỘP,,,Móp nặng,
BBSC-0179-0425,12/04/2025,Hoàn tất,MAYOLY,HÀNG TRONG NƯỚC,Không đạt Cảm quan,623 & 622 & 642,Kho Nhập,Yến,Thiện,,,MY1100002,FORTRANS 4SACH VN,C60528,,20,HỘP,,,Móp nhẹ,
BBSC-0179-0425,12/04/2025,Hoàn tất,MAYOLY,HÀNG TRONG NƯỚC,Không đạt Cảm quan,623 & 622 & 642,Kho Nhập,Yến,Thiện,,,MY1100006,SMECTAGO 12STICKS VN,C62958,,43,HỘP,,,"Móp, rách nặng",
BBSC-0179-0425,12/04/2025,Hoàn tất,MAYOLY,HÀNG TRONG NƯỚC,Không đạt Cảm quan,623 & 622 & 642,Kho Nhập,Yến,Thiện,,,MY1100004,SMECTA ORANGE 3G 10SACH VN,C60659,,1,HỘP,,,Móp nặng,
BBSC-0179-0425,12/04/2025,Hoàn tất,MAYOLY,HÀNG TRONG NƯỚC,Không đạt Cảm quan,623 & 622 & 642,Kho Nhập,Yến,Thiện,,,MY1100008,FORLAX 10G 20SACH VN,C60961,,1,HỘP,,,Móp nặng,
BBSC-0180-0425,13/04/2025,Hoàn tất,MAYOLY,HÀNG TRONG NƯỚC,Không đạt Cảm quan,656,Kho Nhập,Trinh,Thiện,,,MY1100008,FORTRANS 4SACH VN,C60546,,1,HỘP,,,"Móp nặng, mất niêm phong",
BBSC-0180-0425,13/04/2025,Hoàn tất,MAYOLY,HÀNG TRONG NƯỚC,Không đạt Cảm quan,656,Kho Nhập,Trinh,Thiện,,,MY1100008,FORLAX 10G 20SACH VN,C61008,,1,HỘP,,,"Dính keo, mất niêm phong",
BBSC-0181-0425,14/04/2025,Khởi tạo,VE PHARMA,HÀNG NHẬP KHẨU,Không đạt Cảm quan,2403 -S03_INVVEVN/01/12/16,Team ĐGC2,Như,Phúc,,,SC6100003,FEROGLOBIN B12 CAPSULES (H/30 VIEN),FW2422PA,,18,HỘP,,,"17 hộp móp & rách nặng
 01 hộp lỗi bao bì",
BBSC-0182-0425,14/04/2025,Hoàn tất,GETZ,HÀNG NHẬP KHẨU,Không đạt Cảm quan,GETZ/VIET/104/2025,Kho Nhập,Trinh,Thiện,,,GZ1106002,MEBEVER MR 200MG CAPS 10.S,213C31,,18,HỘP,LPN008869,,Móp rách,
BBSC-0182-0425,14/04/2025,Hoàn tất,GETZ,HÀNG NHẬP KHẨU,Không đạt Cảm quan,GETZ/VIET/104/2025,Kho Nhập,Trinh,Thiện,,,GZ1106002,MEBEVER MR 200MG CAPS 10.S,214C31,04/11/2027,1,HỘP,,,Thiếu,
BBSC-0183-0425,14/04/2025,Hoàn tất,J&J,HÀNG LÀM DỊCH VỤ,Không đạt Cảm quan,20032025,Team ĐGC2,Như,Lữ,,,JJ1000005,FUGACAR (500MG 1 TABL.VIETN.),24KQ023,,1,HỘP,,,Rách,
BBSC-0184-0425,14/04/2025,Hoàn tất,VE PHARMA,HÀNG NHẬP KHẨU,Không đạt Cảm quan,1104 -S10 INVVEVN25/01/04/02,Team ĐGC2,Như,Lữ,,,SC6100018,"PREGNACARE BREAST-FEEDING (HOP/56 VIEN NEN, 28 VIEN NANG)",PB2505,,13,HỘP,,,"07 hộp lỗi lot date,
 03 hộp rách nặng,
 01 hộp ố vàng,
 01 hộp rách móp nặng,
 01 hộp không lot date",
BBSC-0185-0425,14/04/2025,Khởi tạo,HETERO,HÀNG NHẬP KHẨU,Không đạt Cảm quan,SI3624209988-89,Team ĐGC2,Như,Phúc,,,HT1100033,"DOLUTEGRAVIR, LAMIVUDINE AND TENOFOVIR DISOPROXIL FUMARATE T ABLETS 50/300/300MG (HOP/1 LO 30 VIEN)",E250327,,93,HỘP,,,Móp rách nặng,
BBSC-0186-0425,14/04/2025,Khởi tạo,J&J,HÀNG LÀM DỊCH VỤ,Sai số lượng,20032025,Team ĐGC2,Như,Phúc,,,JJ1000005,FUGACAR (500MG 1 TABL.VIETN.),24KQ023,,60,HỘP,,,Thiếu,
BBSC-0187-0425,15/04/2025,Khởi tạo,VE PHARMA,HÀNG NHẬP KHẨU,Không đạt Cảm quan,VEVN25/01/02/20,Kho Nhập,Trinh,,,,,TK107097686951,N/A,,5,PALLET,,,"Móp, dập vỏ thùng ngoài",
BBSC-0188-0425,15/04/2025,Khởi tạo,VE PHARMA,HÀNG NHẬP KHẨU,Không đạt Cảm quan,1504 -S06 INVVEVN25/01/02/20,Team ĐGC2,Như,Phúc,,,SC6100018,"PREGNACARE BREAST-FEEDING (HOP/56 VIEN NEN, 28 VIEN NANG)",PB2501,,17,HỘP,,,"13 hộp lỗi bao bì
 04 hộp móp rách nặng",
BBSC-0188-0425,15/04/2025,Khởi tạo,VE PHARMA,HÀNG NHẬP KHẨU,Không đạt Cảm quan,1504 -S06 INVVEVN25/01/02/20,Team ĐGC2,Như,Phúc,,,SC6100017,WELLKID MULTI-VITAMIN LIQUID (CHAI/150ML),41876,,54,HỘP,,,"53 hộp móp C
 02 hộp móp rách nặng",
BBSC-0189-0425,15/04/2025,Hoàn tất,VE PHARMA,HÀNG NHẬP KHẨU,Không đạt Cảm quan,N/A,Kho xuất,Khải,Thiện,,,SC6100019,WELLBABY MULTI-VITAMIN LIQUID (CHAI 150ML),41588,,1,HỘP,,,Lỗi in lot date,
BBSC-0190-0425,17/04/2025,Hoàn tất,HETERO,HÀNG NHẬP KHẨU,Sai số lượng,SI3624209988-89,Team ĐGC2,Như,Phúc,,,HT1100033,"DOLUTEGRAVIR, LAMIVUDINE AND TENOFOVIR DISOPROXIL FUMARATE T ABLETS 50/300/300MG (HOP/1 LO 30 VIEN)",E250327,,1,HỘP,,,Thiếu,
BBSC-0191-0425,17/04/2025,Hoàn tất,HYPHENS,HÀNG NHẬP KHẨU,Không đạt Cảm quan,SI 25-000202,Kho Nhập,Vang,,,,,TK107104883210,N/A,,3,THÙNG,,,"Móp, dập vỏ thùng ngoài",
BBSC-0193-0425,18/04/2025,Hoàn tất,ASTRAZENECA,HÀNG TRONG NƯỚC,Không đạt Cảm quan,196,Kho Nhập,Yến,Lữ,,,AZ1100025,PLENDIL PLUS 5/50 MG PROLONGED-RELEASE TABLET BOTTLE 30.S,MAPX,,2,HỘP,,,"02 hộp móp trong thùng chẵn, thùng nguyên vẹn.",
BBSC-0194-0425,18/04/2025,Hoàn tất,MEGA (MAXXCARE),HÀNG TRONG NƯỚC,Không đạt Cảm quan,118,Kho Nhập,Yến,Lữ,,,MG1100048,PERGLIM M-2 (HOP/5 VI X 20 VIEN),A08922506,,1,HỘP,,,1 Móp rách nặng,
BBSC-0194-0425,18/04/2025,Hoàn tất,MEGA (MAXXCARE),HÀNG TRONG NƯỚC,Không đạt Cảm quan,118,Kho Nhập,Yến,Lữ,,,MG1100047,PERGLIM M-1 (HOP/5 VI X 20 VIEN),A08912502,,2,HỘP,,,2 Móp rách nặng,
BBSC-0194-0425,18/04/2025,Hoàn tất,MEGA (MAXXCARE),HÀNG TRONG NƯỚC,Không đạt Cảm quan,118,Kho Nhập,Yến,Lữ,,,MG1100036,BAROLE 20 (HOP/10 VI X 10 VIEN),A08872502,,2,HỘP,,,2 Móp rách nặng,
BBSC-0194-0425,18/04/2025,Hoàn tất,MEGA (MAXXCARE),HÀNG TRONG NƯỚC,Không đạt Cảm quan,118,Kho Nhập,Yến,Lữ,,,MG1100042,PANFOR SR-1000 (HOP/5 VI X 20 VIEN),A08892501,,2,HỘP,,,2 Móp rách nặng,
BBSC-0195-0425,18/04/2025,Khởi tạo,VIATRIS,HÀNG LÀM DỊCH VỤ,Không đạt Cảm quan,N/A,Kho Nhập,Như,,,,,N/A,N/A,,0,PALLET,,,,
BBSC-0196-0425,21/04/2025,Hoàn tất,HYPHENS,HÀNG NHẬP KHẨU,Không đạt Cảm quan,SI-25-000169,Kho Nhập,Trinh,,,,HY1100002,FENOSUP LIDOSE 160 MG(H/30VIEN),25A14,,4,PALLET,,,"Móp, dập vỏ thùng ngoài",
BBSC-0197-0425,21/04/2025,Hoàn tất,ROHTO,CN. HƯNG YÊN (Điều chuyển),Không đạt Cảm quan,37370,Kho Nhập,Yến,,,,RH7300505,LAN KHU MUI HUONG NUOC HOA HUONG SANG TRONG (REFRE WHITENING,JA01,,1,CHAI,,,Bể,
BBSC-0198-0425,22/04/2025,Hoàn tất,WW,HÀNG NHẬP KHẨU,Không đạt Cảm quan,"91728345, 91728316",Kho Nhập,Vang,,,,,N/A,N/A,,2,PALLET,,,"Móp, dập vỏ thùng ngoài",
BBSC-0199-0425,23/04/2025,Khởi tạo,VE PHARMA,HÀNG NHẬP KHẨU,Không đạt Cảm quan,0601 -S01 (VEVN/01/10/23),Team ĐGC2,Như,Phúc,,,SC6100019,WELLBABY MULTI-VITAMIN LIQUID (CHAI 150ML),41630,,1565,HỘP,,,"1558 hộp móp C
 06 hộp rách
 01 hộp lỗi bao bì",
BBSC-0200-0425,23/04/2025,Khởi tạo,HETERO,HÀNG NHẬP KHẨU,Sai số lượng,SI3624206628,Team ĐGC2,Như,Phúc,,,HT1100011,YESOM 40 (HOP/30 VIEN),E244227,,1,HỘP,,,"Móp, dập vỏ thùng ngoài",
BBSC-0201-0425,24/04/2025,Hoàn tất,WW,HÀNG NHẬP KHẨU,Sai số lượng,"91728345, 91728316",Team ĐGC2,Như,Phúc,,,WO1100009,THIOGAMMA TURBO-SET (HOP/1 LO),40708C,,74,HỘP,,,Thiếu do hải quan lấy mẫu,
BBSC-0202-0425,24/04/2025,Hoàn tất,ASTRAZENECA,HÀNG TRONG NƯỚC,Không đạt Cảm quan,208,Phòng QA,Lữ,,,,AZ1100022,ONGLYZA 5MG BOX OF 2 BLISTERS X 14 FILM-COATED TABLETS,SS029,,900,HỘP,,,Vỏ hộp có 2 màu khác nhau,
BBSC-0203-0425,25/04/2025,Hoàn tất,MEGA (MAXXCARE),HÀNG TRONG NƯỚC,Không đạt Cảm quan,137,Kho Nhập,Yến,Lữ,,,MG1100044,PANFOR SR-750 (HOP/10 VI X 10 VIEN),A08902402,,1,HỘP,,,1 Móp Rách nặng,
BBSC-0203-0425,25/04/2025,Hoàn tất,MEGA (MAXXCARE),HÀNG TRONG NƯỚC,Không đạt Cảm quan,137,Kho Nhập,Yến,Lữ,,,MG1100048,PERGLIM M-2 (HOP/5 VI X 20 VIEN),A08922507,,50,HỘP,,,"Móp rách nặng: 24
 Móp nhẹ: 26",
BBSC-0203-0425,25/04/2025,Hoàn tất,MEGA (MAXXCARE),HÀNG TRONG NƯỚC,Không đạt Cảm quan,137,Kho Nhập,Yến,Lữ,,,MG1100044,PANFOR SR-750 (HOP/10 VI X 10 VIEN),A08902401,,6,HỘP,,,6 Móp Rách nặng,
BBSC-0204-0425,26/04/2025,Khởi tạo,VE PHARMA,HÀNG NHẬP KHẨU,Không đạt Cảm quan,3103 -S05 (VEVN/01/01/27),Team ĐGC2,Như,Phúc,,,SC6100002,FEROGLOBIN B12 LIQUID 200ML,41951,,11,HỘP,,,Móp rách nặng,
BBSC-0205-0425,26/04/2025,Hoàn tất,BESIN,HÀNG NHẬP KHẨU,Không đạt Cảm quan,SD1-8101B-2502-00030,Team ĐGC2,Như,Phúc,,Chưa scan,BS1100002,UTROGESTAN 200MG,247550,30/11/2027,2,HỘP,,,Móp,
BBSC-0206-0425,26/04/2025,Khởi tạo,Dr.Reddy's,HÀNG NHẬP KHẨU,Không đạt Cảm quan,9013493676,Team ĐGC2,Như,Phúc,,,RD1100016,STAMLO-T (HOP/ 28 VIEN),V2500577,,5,HỘP,,,05 hộp có đốm màu vàng,
BBSC-0207-0425,26/04/2025,Khởi tạo,WW,HÀNG NHẬP KHẨU,Không đạt Cảm quan,"91728345, 91728316",Team ĐGC2,Như,Phúc,,,WO1100006,ALFA – LIPOGAMMA 600 ORAL BOX/100.S,414845,,2,HỘP,,,02 hộp rách nặng,
BBSC-0207-0425,26/04/2025,Khởi tạo,WW,HÀNG NHẬP KHẨU,Không đạt Cảm quan,"91728345, 91728316",Team ĐGC2,Như,Phúc,,,WO1100009,THIOGAMMA TURBO-SET (HOP/1 LO),40708C,,6,HỘP,,,"03 hộp móp nhẹ, 03 hộp móp rách nặng",
BBSC-0208-0425,29/04/2025,Hoàn tất,BESIN,HÀNG NHẬP KHẨU,Không đạt Cảm quan,SD1-8101B-2502-00023,Team ĐGC2,Như,Phúc,,Chưa scan,BS1300011,OESTROGEL 0.06% PUMP - PACK 80G 1.S,A00352,30/11/2027,11,HỘP,,,"10 hộp móp, 01 hộp rách",
BBSC-0209-0425,29/04/2025,Hoàn tất,HYPHENS,HÀNG NHẬP KHẨU,Vượt Nhiệt độ,SI-25-000221,Phòng QA,Lữ,,,,HY6100006,THUC PHAM BAO VE SUC KHOE OCEAN HEALTH EVENING PRIMROSE OIL,TC0045,,4000,HỘP,,,Nhiệt độ không đạt,
BBSC-0210-0425,29/04/2025,Khởi tạo,HYPHENS,CN. HÀ NỘI (Điều chuyển),Không đạt Cảm quan,HĐ 00042593,Kho Nhập,Yến,,,,HY1300045,STERIMAR BLOCKED NOSE BABY 50 ML,FE3274,,6,HỘP,,,Móp,
BBSC-0210-0425,29/04/2025,Khởi tạo,HYPHENS,CN. HÀ NỘI (Điều chuyển),Không đạt Cảm quan,HĐ 00042593,Kho Nhập,Yến,,,,HY6100001,OCEAN HEALTH BICOLD TM IMMUNE SUPPORT FOR KID 120ML,FY517,,32,HỘP,,,"24 hộp móp rách nặng, 08 hộp móp nhẹ",
BBSC-0211-0525,05/05/2025,Hoàn tất,Dr.Reddy's,HÀNG NHẬP KHẨU,Vượt Nhiệt độ,9013494247,Phòng QA,Phúc,,,,RD1200012,BORTEZOMIB,H250232,,17,THÙNG,,,Nhiệt độ không đạt,
BBSC-0212-0525,05/05/2025,Hoàn tất,VE PHARMA,HÀNG NHẬP KHẨU,Không đạt Cảm quan,1504 -S06 INVVEVN25/01/02/20,Team ĐGC2,Như,Thiện,,,SC6100018,"PREGNACARE BREAST-FEEDING (HOP/56 VIEN NEN, 28 VIEN NANG)",PB2501,,0,HỘP,,,"18 hộp lỗi IN lot date,
 05 hộp rách nặng,
 02 hộp móp chữ C
 03 hộp ố vàng",
BBSC-0212-0525,05/05/2025,Hoàn tất,VE PHARMA,HÀNG NHẬP KHẨU,Không đạt Cảm quan,1504 -S06 INVVEVN25/01/02/20,Team ĐGC2,Như,Thiện,,,SC6100017,WELLKID MULTI-VITAMIN LIQUID (CHAI/150ML),41876,,0,HỘP,,,96 hộp móp chữ C,
BBSC-0212-0525,05/05/2025,Hoàn tất,VE PHARMA,HÀNG NHẬP KHẨU,Không đạt Cảm quan,1504 -S06 INVVEVN25/01/02/20,Team ĐGC2,Như,Thiện,,,SC6100025,"PREGNACARE MAX (H/56 VIEN NEN, 28 VIEN NANG)",PM2501CP,,0,HỘP,,,04 hộp rách nặng,
BBSC-0213-0525,05/05/2025,Khởi tạo,TORRENT,HÀNG NHẬP KHẨU,Sai khác AW,GJ0600002990,Phòng QA,Khôi,,,,TR1100029,RIVADEM 3MG CAPSULE (HOP/ 30 VIEN),BRZ4L001,,240,HỘP,,,Không đúng hàm lượng - Bao bì khác hàm lượng với MA,
BBSC-0214-0525,07/05/2025,Hoàn tất,HETERO,HÀNG NHẬP KHẨU,Không đạt Cảm quan,SI3624208094,Kho Nhập,Duyên,,,,HT1100033,"DOLUTEGRAVIR, LAMIVUDINE AND TENOFOVIR DISOPROXIL FUMARATE T",E245224,,1,THÙNG,,,"Móp, dập vỏ thùng ngoài",
BBSC-0215-0525,08/05/2025,Hoàn tất,MEGA (MAXXCARE),HÀNG TRONG NƯỚC,Không đạt Cảm quan,155,Kho Nhập,Yến,,,,MG1100043,PANFOR SR-500 (HOP/5 VI X 20 VIEN),PAF01767,,3,HỘP,,,,
BBSC-0216-0525,08/05/2025,Hoàn tất,HETERO,HÀNG NHẬP KHẨU,Không đạt Cảm quan,SI9224207606,Kho Nhập,Trinh,,,,HT1100020,AFATINIB TABLETS 20MG (HOP/ 60 VIEN),FE240138,,2,THÙNG,,,"Móp, dập vỏ thùng ngoài",
BBSC-0217-0525,08/05/2025,Hoàn tất,ABBOTT,HÀNG NHẬP KHẨU,Không đạt Cảm quan,9020749035-36,Kho Nhập,Trinh,,,,,TK107154514460,N/A,,2,THÙNG,,,"Móp, dập vỏ thùng ngoài",
BBSC-0218-0525,08/05/2025,Hoàn tất,VE PHARMA,HÀNG NHẬP KHẨU,Không đạt Cảm quan,2403 -S03_INVVEVN/01/12/16,Team ĐGC2,Như,Thiện,,,SC6100003,FEROGLOBIN B12 CAPSULES (H/30 VIEN),FW2422PA,,21,HỘP,,,"14 hộp rách nặng,
 07 hộp móp nặng",
BBSC-0219-0525,08/05/2025,Hoàn tất,MEGA (MAXXCARE),HÀNG TRONG NƯỚC,Không đạt Cảm quan,155,Phòng QA,Phúc,,,,MG1100048,PERGLIM M-2 (HOP/5 VI X 20 VIEN),A08922508,,13,HỘP,"LPN009053 , LPN009054",,"07 hộp móp nhẹ
 06 hộp móp nặng",
BBSC-0219-0525,08/05/2025,Hoàn tất,MEGA (MAXXCARE),HÀNG TRONG NƯỚC,Không đạt Cảm quan,155,Phòng QA,Phúc,,,,MG1100042,PANFOR SR-1000 (HOP/5 VI X 20 VIEN),A08892503,,4,HỘP,LPN009052,,04 hộp móp nhẹ,
BBSC-0219-0525,08/05/2025,Hoàn tất,MEGA (MAXXCARE),HÀNG TRONG NƯỚC,Không đạt Cảm quan,155,Phòng QA,Phúc,,,,MG1100043,PANFOR SR-500 (HOP/5 VI X 20 VIEN),PAF01768,,2,HỘP,LPN009055,,02 hộp móp nhẹ,
BBSC-0220-0525,08/05/2025,Khởi tạo,HYPHENS,HÀNG NHẬP KHẨU,Sai số lượng,SI-25-000246,Team ĐGC2,Như,,,,HY1100013,RUPAFIN (ORAL SOLUTION 120ML),24519,,1,HỘP,,,Thiếu 1 hộp,
BBSC-0221-0525,09/05/2025,Hoàn tất,ALLEVIARE,HÀNG NHẬP KHẨU,Không đạt Cảm quan,GJ0600000176,Kho Nhập,Vang,,,,AV1100021,ALFUTOR ER TABLETS 10MG (HOP/30VIEN),N/A,,4,THÙNG,,,"Móp, dập vỏ thùng ngoài",
BBSC-0222-0525,09/05/2025,Hoàn tất,GETZ,HÀNG NHẬP KHẨU,Không đạt Cảm quan,GETZ/VIET/178/2025,Kho Nhập,Trinh,,,,GZ1106002,MEBEVER MR 200MG CAPS 10.S,215C31,,15,HỘP,,,Móp rách nặng,
BBSC-0223-0525,12/05/2025,Hoàn tất,GETZ,HÀNG NHẬP KHẨU,Không đạt Cảm quan,GETZ/VIET/049/2025,Kho xuất,Khải,Phúc,,,GZ1105004,ATASART H TAB 28.S,230T03,,1,HỘP,,,Không lot date,
BBSC-0224-0525,12/05/2025,Khởi tạo,BESIN,HÀNG NHẬP KHẨU,Không đạt Cảm quan,157170,Kho xuất,Khải,Phúc,,,BS1400001,PAPILOCARE (21 CANNULAS X 5ML),W0731,31/05/2028,1,HỘP,,,Không lot date,
BBSC-0225-0525,13/05/2025,Hoàn tất,ALLEVIARE,HÀNG NHẬP KHẨU,Không đạt Cảm quan,GJ0600000176,Team ĐGC2,Như,Thiện,,,AV1100021,ALFUTOR ER TABLETS 10MG (HOP/30VIEN),BGP9M001,,23,HỘP,"LPN009096 , LPN009097 , LPN009780",,"16 hộp ố vàng, 05 hộp móp, 02 hộp rách",
BBSC-0225-0525,13/05/2025,Hoàn tất,ALLEVIARE,HÀNG NHẬP KHẨU,Không đạt Cảm quan,GJ0600000176,Team ĐGC2,Như,Thiện,,,AV1100021,ALFUTOR ER TABLETS 10MG (HOP/30VIEN),BGP9M002,,17,HỘP,"LPN009116 , LPN009789 , LPN009117",,"09 hộp móp rách, 08 hộp ố vàng",
BBSC-0226-0525,13/05/2025,Hoàn tất,SANOFI,HÀNG TRONG NƯỚC,Không đạt Cảm quan,425,Phòng QA,Lữ,,,,SA1100040,PLAVIX 75MG B/ 1BL X 14 TABS VN,GA0496,,2,HỘP,,,Móp nặng,
BBSC-0227-0525,14/05/2025,Hoàn tất,DAVIPHARM,CN. HÀ NỘI (Điều chuyển),Không đạt Cảm quan,48738+48744,Kho Nhập,Yến,,,,AV1100021,MANDUKA 200MG (HOP/60VIEN) - EU,223385,,1,HỘP,,,"Ướt, móp rách",
BBSC-0227-0525,14/05/2025,Hoàn tất,DAVIPHARM,CN. HÀ NỘI (Điều chuyển),Không đạt Cảm quan,48738+48744,Kho Nhập,Yến,,,,AV1100021,FORLAX 10G 20SACH VN,C55240,,2,HỘP,,,"02 ướt, móp, rách=>tách vỏ hộp",
BBSC-0227-0525,14/05/2025,Hoàn tất,DAVIPHARM,CN. HÀ NỘI (Điều chuyển),Không đạt Cảm quan,48738+48744,Kho Nhập,Yến,,,,AV1100021,DEPAKINE SOLUTION 200MG BTLX40ML VN,ELB03419,,5,HỘP,,,"05 ướt, móp, rách=>tách vỏ hộp",
BBSC-0227-0525,14/05/2025,Hoàn tất,DAVIPHARM,CN. HÀ NỘI (Điều chuyển),Không đạt Cảm quan,48738+48744,Kho Nhập,Yến,,,,AV1100021,ALUMINIUM PHOSPHAT GEL (HOP/20GOI),223476,,151,HỘP,,,"Ướt, móp rách",
BBSC-0227-0525,14/05/2025,Hoàn tất,DAVIPHARM,CN. HÀ NỘI (Điều chuyển),Không đạt Cảm quan,48738+48744,Kho Nhập,Yến,,,,AV1100021,STERIMAR NOSE HYGIENE & COMFORT 50 ML,FE3365,,2009,HỘP,,,"Ướt, móp rách",
BBSC-0227-0525,14/05/2025,Hoàn tất,DAVIPHARM,CN. HÀ NỘI (Điều chuyển),Không đạt Cảm quan,48738+48744,Kho Nhập,Yến,,,,AV1100021,STERIMAR SENSITIVE NOSE 50 ML,FE3363C,,1556,HỘP,,,"Ướt, móp rách",
BBSC-0227-0525,14/05/2025,Hoàn tất,DAVIPHARM,CN. HÀ NỘI (Điều chuyển),Không đạt Cảm quan,48738+48744,Kho Nhập,Yến,,,,AV1100021,"INDOCOLLYRE 0.1%, ONE BOTTLE 5ML",K1446,,9991,HỘP,,,"Ướt, móp rách",
BBSC-0229-0525,15/05/2025,Hoàn tất,SANOFI,HÀNG TRONG NƯỚC,Không đạt Cảm quan,437,Kho Nhập,Duyên,Phúc,,,SA1100041,TAVANIC 500MG TABCO BL5 M36 VN,4P77A,,2,HỘP,,,"02 hộp móp trong thùng nguyên vẹn
 Thùng số 160",
BBSC-0230-0525,16/05/2025,Hoàn tất,ASTRAZENECA,HÀNG TRONG NƯỚC,Không đạt Cảm quan,249,Kho Nhập,Yến,Phúc,,,AZ1100025,PLENDIL PLUS 5/50 MG PROLONGED-RELEASE TABLET BOTTLE 30.S,MAPX,,3,HỘP,,,"3 hộp móp rách nặng trong các thùng chẵn, nguyên vẹn.",
BBSC-0231-0525,19/05/2025,Hoàn tất,MEGA (MAXXCARE),HÀNG TRONG NƯỚC,Không đạt Cảm quan,161,Kho Nhập,Yến,Thiện,,Chưa scan,MG1100044,PANFOR SR-750 (HOP/10 VI X 10 VIEN),A08902321,,9,HỘP,,,"9 Móp, rách nặng",
BBSC-0231-0525,19/05/2025,Hoàn tất,MEGA (MAXXCARE),HÀNG TRONG NƯỚC,Không đạt Cảm quan,161,Kho Nhập,Yến,Thiện,,Chưa scan,MG1100044,PANFOR SR-750 (HOP/10 VI X 10 VIEN),A08902306,,2,HỘP,,,"2 Móp, rách nặng",
BBSC-0233-0525,19/05/2025,Hoàn tất,VE PHARMA,HÀNG NHẬP KHẨU,Không đạt Cảm quan,2403 -S03_INVVEVN/01/12/16,Team ĐGC2,Như,Lữ,,Chưa scan,SC6100003,FEROGLOBIN B12 CAPSULES (H/30 VIEN),FW2422PA,,45,HỘP,,,"24 hộp móp rách nặng
 04 hộp rách nặng
 01 hộp lỗi bao bì
 09 hộp móp nặng 
 02 hộp không lot date
 03 hộp lỗi lot date 
 02 hộp lem trầy mặt chính",
BBSC-0234-0525,19/05/2025,Hoàn tất,,CN. HÀ NỘI (Điều chuyển),Không đạt Cảm quan,N/A,Kho Nhập,Yến,,,,,N/A,N/A,,156,THÙNG,,,Móp rách,
BBSC-0235-0525,19/05/2025,Hoàn tất,DANONE,HÀNG NHẬP KHẨU,Không đạt Cảm quan,8030527133,Team ĐGC2,Như,Lữ,,,DE6100001,THUC PHAM DINH DUONG Y HOC FORTIMEL POWDER (HUONG VANI),111468732,,11,LON,,,11 lon rách bao bì,
BBSC-0236-0525,20/05/2025,Hoàn tất,Dr.Reddy's,HÀNG NHẬP KHẨU,Không đạt Cảm quan,9013494412,Team ĐGC2,Như,Thiện,,,RD1100020,APIXABAN TABLETS 5 MG (HOP/60 VIEN),T2501080,,6,HỘP,,,06 hộp lỗi in ngược lot date,
BBSC-0237-0525,20/05/2025,Hoàn tất,ASTRAZENECA,HÀNG TRONG NƯỚC,Không đạt Cảm quan,252,Kho Nhập,Yến,Phúc,,Chưa scan,AZ1112005,TAGRISSO PA TAB 80MG BL 3X10 EA VN,FMDF,,400,HỘP,,,Vỏ hộp có 2 màu khác nhau,
BBSC-0238-0525,20/05/2025,Hoàn tất,TORRENT,HÀNG NHẬP KHẨU,Không đạt Cảm quan,HP0600000109,Team ĐGC2,Như,Thiện,,Chưa scan,TR1100021,LAMOTOR-100 (HOP/ 50 VIEN),C662M005,,11,HỘP,,,11 hộp thuốc bị lem màu,
BBSC-0240-0525,20/05/2025,Hoàn tất,VE PHARMA,HÀNG NHẬP KHẨU,Không đạt Cảm quan,1504 -S06 INVVEVN25/01/02/20,Team ĐGC2,Như,Thiện,,,SC6100018,"PREGNACARE BREAST-FEEDING (HOP/56 VIEN NEN, 28 VIEN NANG)",PB2501,,27,HỘP,,,"26 hộp móp, rách nặng 
 01 hộp lỗi in lot date",
BBSC-0241-0525,20/05/2025,Hoàn tất,SANOFI,HÀNG TRONG NƯỚC,Không đạt Cảm quan,496,Kho Nhập,Yến,Phúc,,,SA1100012,PHOSPHALUGEL 12.38G/20G ORGEL SC26 VN,528022,,1,HỘP,180506,,Túi thuốc dính chất lỏng,
BBSC-0243-0525,21/05/2025,Hoàn tất,VE PHARMA,HÀNG NHẬP KHẨU,Không đạt Cảm quan,1504 -S06 INVVEVN25/01/02/20,Team ĐGC2,Như,Lữ,,,SC6100025,"PREGNACARE MAX (H/56 VIEN NEN, 28 VIEN NANG)",PM2501CP,,55,HỘP,,,"48 hộp móp rách nặng,
 06 hộp rách nặng,
 01 hộp móp nặng,",
BBSC-0243-0525,21/05/2025,Hoàn tất,VE PHARMA,HÀNG NHẬP KHẨU,Không đạt Cảm quan,1504 -S06 INVVEVN25/01/02/20,Team ĐGC2,Như,Lữ,,,SC6100001,OSTEOCARE LIQUID 200ML,50111,,13,HỘP,,,"11 hộp móp nặng
 02 hộp rách nặng",
BBSC-0244-0525,22/05/2025,Hoàn tất,SANOFI,HÀNG TRONG NƯỚC,Không đạt Cảm quan,458,Kho Nhập,Yến,Thiện,,,SA1200013,LOVENOX 60MG/0.6ML INJ. B/ 2 SYRINGES VN,JS387C,,2,HỘP,,,"Thùng 00812: 01 hộp móp rách phần vỏ hộp trong thùng chẵn, nguyên vẹn. 
 Thùng 00815: 01 hộp móp rách phần vỏ hộp trong thùng chẵn, nguyên vẹn",
BBSC-0245-0525,22/05/2025,Khởi tạo,MEGA (MAXXCARE),HÀNG TRONG NƯỚC,Không đạt Cảm quan,180,Kho Nhập,Yến,,,,,N/A,N/A,,1,THÙNG,,,Móp,
BBSC-0246-0525,22/05/2025,Hoàn tất,MEGA (MAXXCARE),HÀNG TRONG NƯỚC,Không đạt Cảm quan,180,Kho Nhập,Yến,Thiện,,Chưa scan,MG1100042,PANFOR SR-1000 (HOP/5 VI X 20 VIEN),A08892503,,6,HỘP,,,6 Móp rách nặng,
BBSC-0246-0525,22/05/2025,Hoàn tất,MEGA (MAXXCARE),HÀNG TRONG NƯỚC,Không đạt Cảm quan,180,Kho Nhập,Yến,Thiện,,Chưa scan,MG1100042,PANFOR SR-1000 (HOP/5 VI X 20 VIEN),A08892503,,7,HỘP,,,7 Móp nhẹ,
BBSC-0246-0525,22/05/2025,Hoàn tất,MEGA (MAXXCARE),HÀNG TRONG NƯỚC,Không đạt Cảm quan,180,Kho Nhập,Yến,Thiện,,Chưa scan,MG1100044,PANFOR SR-750 (HOP/10 VI X 10 VIEN),A08902502,,20,HỘP,,,20 Móp rách nặng,
BBSC-0246-0525,22/05/2025,Hoàn tất,MEGA (MAXXCARE),HÀNG TRONG NƯỚC,Không đạt Cảm quan,180,Kho Nhập,Yến,Thiện,,Chưa scan,MG1100048,PERGLIM M-2 (HOP/5 VI X 20 VIEN),A08922508,,13,HỘP,,,13 Móp rách nặng,
BBSC-0246-0525,22/05/2025,Hoàn tất,MEGA (MAXXCARE),HÀNG TRONG NƯỚC,Không đạt Cảm quan,180,Kho Nhập,Yến,Thiện,,Chưa scan,MG1100048,PERGLIM M-2 (HOP/5 VI X 20 VIEN),A08922508,,5,HỘP,,,5 Móp nhẹ,
BBSC-0247-0525,22/05/2025,Hoàn tất,VE PHARMA,HÀNG NHẬP KHẨU,Không đạt Cảm quan,1002 -S02_VEVN/01/11/28,Team ĐGC2,Như,Lữ,,Chưa scan,SC6100019,WELLBABY MULTI-VITAMIN LIQUID (CHAI 150ML),41630,,312,HỘP,,,312 hộp móp chữ C,
BBSC-0248-0525,23/05/2025,Hoàn tất,ASTRAZENECA,HÀNG TRONG NƯỚC,Không đạt Cảm quan,261,Kho Nhập,Yến,Thiện,,,AZ1100025,PLENDIL PLUS 5/50 MG PROLONGED-RELEASE TABLET BOTTLE 30.S,MAPZ,,1,HỘP,,,"01 hộp Móp nặng trong thùng chẵn, nguyên vẹn.",
BBSC-0249-0525,23/05/2025,Khởi tạo,YHV,CN. ĐÀ NẴNG (Điều chuyển),Không đạt Cảm quan,N/A,Kho Nhập,Yến,,,,YH6100002,THUC PHAM BAO VE SUC KHOE YES VEINCARE,AL47605,16/03/2026,2,HỘP,,,Móp,
BBSC-0249-0525,23/05/2025,Khởi tạo,YHV,CN. ĐÀ NẴNG (Điều chuyển),Không đạt Cảm quan,N/A,Kho Nhập,Yến,,,,YH6100008,THUC PHAM BAO VE SUC KHOE YES EYE CARE,23B050,17/01/2026,2,HỘP,,,Móp,
BBSC-0250-0525,24/05/2025,Khởi tạo,VE PHARMA,HÀNG NHẬP KHẨU,Không đạt Cảm quan,3103 -S05 (VEVN/01/01/27),Team ĐGC2,Như,Phúc,,,SC6100004,FEROGLOBIN B12 LIQUID 200ML,41952,,9,HỘP,,,"04 hộp rách
 05 hộp móp",
BBSC-0251-0525,24/05/2025,Khởi tạo,VE PHARMA,HÀNG NHẬP KHẨU,Không đạt Cảm quan,1002 -S02_VEVN/01/11/28,Team ĐGC2,Như,Phúc,,,SC6100003,WELLBABY MULTI-VITAMIN LIQUID (CHAI 150ML),41630,,391,HỘP,,,"09 hộp rách
 382 hộp móp C",
BBSC-0252-0525,27/05/2025,Hoàn tất,J&J,HÀNG LÀM DỊCH VỤ,Không đạt Cảm quan,20052025,Team ĐGC2,Như,Lữ,,,JJ1000005,FUGACAR (500MG 1 TABL.VIETN.),25AQ038,,1,HỘP,,,Rách nặng,
BBSC-0254-0525,27/05/2025,Hoàn tất,MAYOLY,HÀNG TRONG NƯỚC,Không đạt Cảm quan,326128,Kho Nhập,Yến,Thiện,,,MY1100003,SMECTA ORANGE 3G 30SACH VN,D50239,,10,HỘP,,,Móp nặng (2 hộp rách),
BBSC-0254-0525,27/05/2025,Hoàn tất,MAYOLY,HÀNG TRONG NƯỚC,Không đạt Cảm quan,326128,Kho Nhập,Yến,Thiện,,,MY1100003,SMECTA ORANGE 3G 30SACH VN,C63306,,4,HỘP,,,Móp nặng (1 hộp rách),
BBSC-0255-0525,27/05/2025,Khởi tạo,ASTRAZENECA,HÀNG TRONG NƯỚC,Không đạt Cảm quan,264,Kho Nhập,Yến,Phúc,,,AZ1100025,PLENDIL PLUS 5/50 MG PROLONGED-RELEASE TABLET BOTTLE 30.S,MAPX,,1,HỘP,,,"01 hộp móp trong thùng chẵn, thùng nguyên vẹn.",
BBSC-0256-0525,27/05/2025,Khởi tạo,DAVIPHARM,CN. HƯNG YÊN (Điều chuyển),Không đạt Cảm quan,N/A,Kho Nhập,Yến,,,,DV1100135,GEBHART (HOP/30GO I),232570,28/11/2026,24,HỘP,,,Móp rách,
BBSC-0256-0525,27/05/2025,Khởi tạo,DAVIPHARM,CN. HƯNG YÊN (Điều chuyển),Không đạt Cảm quan,N/A,Kho Nhập,Yến,,,,DV1100135,GEBHART (HOP/30GO I),232569,28/11/2026,48,HỘP,,,Móp rách,
BBSC-0257-0525,28/05/2025,Khởi tạo,DAVIPHARM,HÀNG TRẢ VỀ,Sai số lượng,N/A,Phòng QA,Phúc,,,,DV1100351,NERAZZU-50 (HOP/30 VIEN) - EU,250439,,1,HỘP,,,Thiếu 1 hộp,
BBSC-0258-0525,28/05/2025,Hoàn tất,SANOFI,HÀNG TRONG NƯỚC,Không đạt Cảm quan,539,Kho Nhập,Khánh,Phúc,,,SA1100012,PHOSPHALUGEL 12.38G/20G ORGEL SC26 VN,528028,,1,HỘP,LPN009255,,"01 có túi thuốc dính chất lỏng, hộp sự cố phát hiện trong thùng số 457, thùng chẵn, thùng nguyên vẹn, băng keo Sanofi",
BBSC-0261-0525,29/05/2025,Khởi tạo,HETERO,HÀNG NHẬP KHẨU,Không đạt Cảm quan,SI3625200543-44-45-46- 619,Kho Nhập,Trinh,,,,,TK107200392610,N/A,,4,THÙNG,,,"Móp, dập vỏ thùng ngoài",
BBSC-0262-0525,29/05/2025,Khởi tạo,ROHTO,HÀNG TRẢ VỀ,Không đạt Cảm quan,N/A,Kho Nhập,Duyên,,,,RH7300171,DAU GOI CHONG GAU (SELSUN ANTI-DANDRUFF SHAMPOO WITH SELENIU,CB10,09/03/2029,3,HỘP,,,Móp nặng,
BBSC-0263-0525,29/05/2025,Hoàn tất,J&J,HÀNG LÀM DỊCH VỤ,Không đạt Cảm quan,20052025,Team ĐGC2,Như,Lữ,,,JJ1000005,FUGACAR (500MG 1 TABL.VIETN.),25AQ038,,1,HỘP,,,In ngược lot date,
BBSC-0264-0525,29/05/2025,Hoàn tất,GETZ,HÀNG NHẬP KHẨU,Không đạt Cảm quan,GETZ/VIET/268/2025,Kho Nhập,Trinh,Thiện,,,GZ1105008,FENOGETZ 200MG CAPS 10.S,328C24,,2,HỘP,,,Móp rách,
BBSC-0265-0525,30/05/2025,Hoàn tất,MEGA (MAXXCARE),HÀNG TRONG NƯỚC,Không đạt Cảm quan,187,Kho Nhập,Yến,Thiện,,,MG1100048,PERGLIM M-2 (HOP/5 VI X 20 VIEN),A08922508,,1,HỘP,181670,,01 hộp móp rách nặng,
BBSC-0265-0525,30/05/2025,Hoàn tất,MEGA (MAXXCARE),HÀNG TRONG NƯỚC,Không đạt Cảm quan,187,Kho Nhập,Yến,Thiện,,,MG1100044,PANFOR SR-750 (HOP/10 VI X 10 VIEN),A08902502,,2,HỘP,181669,,02 hộp móp rách nặng,
BBSC-0265-0525,30/05/2025,Hoàn tất,MEGA (MAXXCARE),HÀNG TRONG NƯỚC,Không đạt Cảm quan,187,Kho Nhập,Yến,Thiện,,,MG1100043,PANFOR SR-500 (HOP/5 VI X 20 VIEN),PAF01769,,1,HỘP,181668,,01 hộp móp nặng,
BBSC-0265-0525,30/05/2025,Hoàn tất,MEGA (MAXXCARE),HÀNG TRONG NƯỚC,Không đạt Cảm quan,187,Kho Nhập,Yến,Thiện,,,MG1100042,PANFOR SR-1000 (HOP/5 VI X 20 VIEN),A08892504,,1,HỘP,181667,,01 hộp móp rách nặng,
BBSC-0267-0525,30/05/2025,Hoàn tất,ASCENCIA,CN. HƯNG YÊN (Điều chuyển),Không đạt Cảm quan,N/A,Kho Nhập,Yến,,,,,90001890 CONTOUR PLUS BLOOD GLUCOSE TEST STRIPS 50'S 2X25 ( QUE THU DUNG CHO MAY DO DUONG HUYET),DP4FQHC31A,30/06/2026,7,HỘP,,,"05 hộp móp, 02 hộp ướt",
BBSC-0268-0625,02/06/2025,Hoàn tất,HYPHENS,HÀNG NHẬP KHẨU,Không đạt Cảm quan,SI-25-000283,Kho Nhập,Trinh,,,,,TK107221089950,N/A,,2,PALLET,,,"Móp, dập vỏ thùng ngoài",
BBSC-0269-0625,02/06/2025,Khởi tạo,HETERO,HÀNG NHẬP KHẨU,Không đạt Cảm quan,"SI9225200777, SI9225200778",Kho Nhập,Trinh,,,,,TK107222977960,N/A,,10,THÙNG,,,"Móp, dập vỏ thùng ngoài",
BBSC-0270-0625,02/06/2025,Khởi tạo,HETERO,HÀNG NHẬP KHẨU,Không đạt Cảm quan,SI3625200543-44-45-46- 619,Team ĐGC2,Như,Phúc,,,HT1100033,"DOLUTEGRAVIR, LAMIVUDINE AND TENOFOVIR DISOPROXIL FUMARATE T ABLETS 50/300/300MG (HOP/1 LO 30 VIEN)",E250806,,5,HỘP,,,"Móp, dập vỏ thùng ngoài",
BBSC-0270-0625,02/06/2025,Khởi tạo,HETERO,HÀNG NHẬP KHẨU,Không đạt Cảm quan,SI3625200543-44-45-46- 619,Team ĐGC2,Như,Phúc,,,HT1100033,"DOLUTEGRAVIR, LAMIVUDINE AND TENOFOVIR DISOPROXIL FUMARATE T ABLETS 50/300/300MG (HOP/1 LO 30 VIEN)",E250807,,3,HỘP,,,"Móp, dập vỏ thùng ngoài",
BBSC-0270-0625,02/06/2025,Khởi tạo,HETERO,HÀNG NHẬP KHẨU,Không đạt Cảm quan,SI3625200543-44-45-46- 619,Team ĐGC2,Như,Phúc,,,HT1100033,"DOLUTEGRAVIR, LAMIVUDINE AND TENOFOVIR DISOPROXIL FUMARATE T ABLETS 50/300/300MG (HOP/1 LO 30 VIEN)",E250863,,10,HỘP,,,"Móp, dập vỏ thùng ngoài",
BBSC-0270-0625,02/06/2025,Khởi tạo,HETERO,HÀNG NHẬP KHẨU,Không đạt Cảm quan,SI3625200543-44-45-46- 619,Team ĐGC2,Như,Phúc,,,HT1100033,"DOLUTEGRAVIR, LAMIVUDINE AND TENOFOVIR DISOPROXIL FUMARATE T ABLETS 50/300/300MG (HOP/1 LO 30 VIEN)",E250863,,3,HỘP,,,"Móp, dập vỏ thùng ngoài",
BBSC-0270-0625,02/06/2025,Khởi tạo,HETERO,HÀNG NHẬP KHẨU,Không đạt Cảm quan,SI3625200543-44-45-46- 619,Team ĐGC2,Như,Phúc,,,HT1100033,"DOLUTEGRAVIR, LAMIVUDINE AND TENOFOVIR DISOPROXIL FUMARATE T ABLETS 50/300/300MG (HOP/1 LO 30 VIEN)",E250916,,4,HỘP,,,"Móp, dập vỏ thùng ngoài",
BBSC-0270-0625,02/06/2025,Khởi tạo,HETERO,HÀNG NHẬP KHẨU,Không đạt Cảm quan,SI3625200543-44-45-46- 619,Team ĐGC2,Như,Phúc,,,HT1100033,"DOLUTEGRAVIR, LAMIVUDINE AND TENOFOVIR DISOPROXIL FUMARATE T ABLETS 50/300/300MG (HOP/1 LO 30 VIEN)",E250808,,1,HỘP,,,"Móp, dập vỏ thùng ngoài",
BBSC-0271-0625,02/06/2025,Hoàn tất,HYPHENS,CN. HƯNG YÊN (Điều chuyển),Không đạt Cảm quan,54-14096,Kho Nhập,Yến,Thiện,,,HY1100013,RUPAFIN (ORAL SOLUTION 120ML),24512,,1,HỘP,182165,,01 chai bị chảy dung dịch,
BBSC-0272-0625,03/06/2025,Hoàn tất,ALLEVIARE,HÀNG NHẬP KHẨU,Sai số lượng,984003544,Kho Nhập,Trinh,,,,AV1100012,PLENMOXI (H/1VI/10VIEN),APA01EIA,,1,THÙNG,,,Thiếu trong thùng nguyên,
BBSC-0273-0625,04/06/2025,Khởi tạo,HYPHENS,HÀNG NHẬP KHẨU,Không đạt Cảm quan,SI-25-000283,Team ĐGC2,Như,Phúc,,,HY1300022,CETRAXAL (H/15 ONG),X601,,13,HỘP,,,"Móp, dập vỏ thùng ngoài",
BBSC-0274-0625,05/06/2025,Khởi tạo,HETERO,HÀNG NHẬP KHẨU,Không đạt Cảm quan,SI3625300043,Kho Nhập,Trinh,,,,HT1200001,VANCONEX (VANCOMYCIN HYDROCHLORIDE FOR INJECTION USP 500MG/V IAL),AS1250189A,,20,HỘP,,,"Móp, dập vỏ thùng ngoài",
BBSC-0276-0625,05/06/2025,Hoàn tất,HYPHENS,CN. HƯNG YÊN (Điều chuyển),Không đạt Cảm quan,62589,Kho Nhập,Yến,,,,HY1300043,STERIMAR NOSE HYGIENE & COMFORT 50 ML,FE3302B,,6,HỘP,,,Móp,
BBSC-0276-0625,05/06/2025,Hoàn tất,HYPHENS,CN. HƯNG YÊN (Điều chuyển),Không đạt Cảm quan,62589,Kho Nhập,Yến,,,,HY1300044,STERIMAR NOSE HYGIENE BABY 50 ML,FE4021,,7,HỘP,,,Móp,
BBSC-0276-0625,05/06/2025,Hoàn tất,HYPHENS,CN. HƯNG YÊN (Điều chuyển),Không đạt Cảm quan,62589,Kho Nhập,Yến,,,,HY1300048,STERIMAR SENSITIVE NOSE 50 ML,FE4139B,,1,HỘP,,,Móp,
BBSC-0277-0625,06/06/2025,Hoàn tất,MEGA (MAXXCARE),HÀNG TRONG NƯỚC,Không đạt Cảm quan,194,Kho Nhập,Yến,Thiện,,,MG1100048,PERGLIM M-2 (HOP/5 VI X 20 VIEN),A08922508,,14,HỘP,,,"11 hộp móp nhẹ
 3 hộp rách nặng",
BBSC-0277-0625,06/06/2025,Hoàn tất,MEGA (MAXXCARE),HÀNG TRONG NƯỚC,Không đạt Cảm quan,194,Kho Nhập,Yến,Thiện,,,MG1100042,PANFOR SR-1000 (HOP/5 VI X 20 VIEN),A08892504,,5,HỘP,,,"02 hộp móp nhẹ
 3 hộp rách nặng",
BBSC-0278-0625,07/06/2025,Khởi tạo,HETERO,HÀNG NHẬP KHẨU,Không đạt Cảm quan,SI3625200758-59-60-61,Team ĐGC2,Như,Phúc,,,HT1100033,"DOLUTEGRAVIR, LAMIVUDINE AND TENOFOVIR DISOPROXIL FUMARATE T ABLETS 50/300/300MG (HOP/1 LO 30 VIEN)",E250782,,17,HỘP,,,03 hộp móp rách nặng,
BBSC-0278-0625,07/06/2025,Khởi tạo,HETERO,HÀNG NHẬP KHẨU,Không đạt Cảm quan,SI3625200758-59-60-61,Team ĐGC2,Như,Phúc,,,HT1100033,"DOLUTEGRAVIR, LAMIVUDINE AND TENOFOVIR DISOPROXIL FUMARATE T ABLETS 50/300/300MG (HOP/1 LO 30 VIEN)",E250784,,20,HỘP,,,"Móp, dập vỏ thùng ngoài",
BBSC-0279-0625,09/06/2025,Hoàn tất,DKSH,CN. HƯNG YÊN (Điều chuyển),Không đạt Cảm quan,63640,Kho Nhập,Yến,,,,FT6100015,SUA ANLENE DAM DAC HUONG VANI 4X125ML,200125ALCVV,,20,HỘP,,,"13 hộp móp ướt
 07 hộp móp",
BBSC-0280-0625,09/06/2025,Hoàn tất,RXILIENT,HÀNG NHẬP KHẨU,Vượt Nhiệt độ,RMPI250016,Phòng QA,Lữ,,,,RX1300002,RXOLVE ULTRA EYE DROPS 10ml,2.5e+44,,2000,HỘP,,,Nhiệt độ không đạt,
BBSC-0280-0625,09/06/2025,Hoàn tất,RXILIENT,HÀNG NHẬP KHẨU,Vượt Nhiệt độ,RMPI250016,Phòng QA,Lữ,,,,RX1300001,RXOLVE SOOTHE EYE DROPS 10ml,2.5e+54,,5000,HỘP,,,Nhiệt độ không đạt,
BBSC-0280-0625,09/06/2025,Hoàn tất,RXILIENT,HÀNG NHẬP KHẨU,Vượt Nhiệt độ,RMPI250016,Phòng QA,Lữ,,,,,TK 107242429450,N/A,,3,PALLET,,,"Móp, dập vỏ thùng ngoài",
BBSC-0281-0625,09/06/2025,Hoàn tất,HETERO,HÀNG NHẬP KHẨU,Không đạt Cảm quan,SI9225201444-442-443,Kho Nhập,Trinh,,,,,TK 107245167040,N/A,,10,THÙNG,,,"Móp, dập vỏ thùng ngoài",
BBSC-0282-0625,12/06/2025,Khởi tạo,VE PHARMA,HÀNG NHẬP KHẨU,Không đạt Cảm quan,0406-S08 INV_VEVN25/01/03/26,Team ĐGC2,Như,Phúc,,,SC6100003,FEROGLOBIN B12 CAPSULES (H/30 VIEN),FW2402DBA,,8064,HỘP,,,"8041 hộp bị móp nhẹ,
 15H lỗi bao bì (màu mực in nhạt)
 04 hộp dơ
 03 hộp móp nặng
 01 hộp rách nặng",
BBSC-0283-0625,12/06/2025,Hoàn tất,Dr.Reddy's,HÀNG NHẬP KHẨU,Không đạt Cảm quan,9013498570,Kho Nhập,Trinh,,,,,TK107253227760,N/A,,10,THÙNG,,,"Móp, dập vỏ thùng ngoài",
BBSC-0284-0625,12/06/2025,Khởi tạo,DKSH,CN. HƯNG YÊN (Điều chuyển),Không đạt Cảm quan,N/A,Kho Nhập,Yến,,,,FT6100015,SUA ANLENE DAM DAC HUONG VANI 4x125ML,200125ALCVV,17/10/2025,48,LON,,,"Móp, rách",
BBSC-0284-0625,12/06/2025,Khởi tạo,DKSH,CN. HƯNG YÊN (Điều chuyển),Không đạt Cảm quan,N/A,Kho Nhập,Yến,,,,MY1100002,FORTRANS 4SACH VN,C56396,27/05/2027,120,HỘP,,,"60 móp nặng
 60 móp nhẹ",
BBSC-0284-0625,12/06/2025,Khởi tạo,DKSH,CN. HƯNG YÊN (Điều chuyển),Không đạt Cảm quan,N/A,Kho Nhập,Yến,,,,MY1100002,FORTRANS 4SACH VN,C56395,27/05/2027,95,HỘP,,,"45 móp nặng
 50 móp nhẹ",
BBSC-0285-0625,12/06/2025,Khởi tạo,HETERO,HÀNG NHẬP KHẨU,Không đạt Cảm quan,SI9225201558,Team ĐGC2,Như,Phúc,,,HT1100019,SIFE-100 (HOP/ 20 VIEN),FD252163,,13,HỘP,,,"Móp, dập vỏ thùng ngoài",
BBSC-0287-0625,13/06/2025,Hoàn tất,ASTRAZENECA,HÀNG TRONG NƯỚC,Không đạt Cảm quan,299,Kho Nhập,Yến,Thiện,,Chưa scan,AZ1100025,PLENDIL PLUS 5/50 MG PROLONGED-RELEASE TABLET BOTTLE 30.S,MAPX,,1,HỘP,,,"01 hộp móp trong thùng chẵn, thùng nguyên vẹn.",
BBSC-0288-0625,13/06/2025,Khởi tạo,HETERO,HÀNG NHẬP KHẨU,Không đạt Cảm quan,SI9225201442/43/44,Team ĐGC2,Như,Phúc,,,HT1100002,TELSAR-H 40/12.5 (HOP/30 VIEN),FD251345,,4,HỘP,,,"Móp, dập vỏ thùng ngoài",
BBSC-0289-0625,13/06/2025,Hoàn tất,MEGA (MAXXCARE),HÀNG TRONG NƯỚC,Không đạt Cảm quan,200,Kho Nhập,Yến,Lữ,,,MG1100043,PANFOR SR-500 (HOP/5 VI X 20 VIEN),PAF01771,,1,HỘP,,,móp nhẹ,
BBSC-0290-0625,14/06/2025,Hoàn tất,MAYOLY,HÀNG TRONG NƯỚC,Không đạt Cảm quan,371386,Kho Nhập,Trinh,Thiện,,,MY1100004,SMECTA ORANGE 3G 10SACH VN,C62566,,5,HỘP,183533,,05 hộp móp,
BBSC-0291-0625,16/06/2025,Hoàn tất,Dr.Reddy's,HÀNG NHẬP KHẨU,Không đạt Cảm quan,9013491665,Team ĐGC2,Như,Thiện,,,RD4200001,REDDITUX 500MG (H/1LO X 50ML),N250148A,,1,HỘP,,,01 hộp mất niêm phong do HQ kiểm hóa,
BBSC-0292-0625,16/06/2025,Khởi tạo,MAYOLY,HÀNG TRONG NƯỚC,Không đạt Cảm quan,371387,Kho Nhập,Trinh,Phúc,,,MY1100002,FORTRANS 4SACH VN,D50162,,1,HỘP,183558,,móp,
BBSC-0292-0625,16/06/2025,Khởi tạo,MAYOLY,HÀNG TRONG NƯỚC,Không đạt Cảm quan,371387,Kho Nhập,Trinh,Phúc,,,MY1100002,FORTRANS 4SACH VN,D51324,,1,HỘP,183557,,móp,
BBSC-0292-0625,16/06/2025,Khởi tạo,MAYOLY,HÀNG TRONG NƯỚC,Không đạt Cảm quan,371387,Kho Nhập,Trinh,Phúc,,,MY1100006,SMECTAGO 12STICKS VN,C62958,,1,HỘP,183559,,"móp, rách",
BBSC-0292-0625,16/06/2025,Khởi tạo,MAYOLY,HÀNG TRONG NƯỚC,Không đạt Cảm quan,371387,Kho Nhập,Trinh,Phúc,,,MY1100003,SMECTA ORANGE 3G 30SACH VN,C61575,,1,HỘP,183560,,lỗi bao bì,
BBSC-0292-0625,16/06/2025,Khởi tạo,MAYOLY,HÀNG TRONG NƯỚC,Không đạt Cảm quan,371387,Kho Nhập,Trinh,Phúc,,,MY1100003,SMECTA ORANGE 3G 30SACH VN,D50239,,3,HỘP,183561,,móp,
BBSC-0292-0625,16/06/2025,Khởi tạo,MAYOLY,HÀNG TRONG NƯỚC,Không đạt Cảm quan,371387,Kho Nhập,Trinh,Phúc,,,MY1100003,SMECTA ORANGE 3G 30SACH VN,D50420,,60,HỘP,183562,,"móp, rách",
BBSC-0293-0625,16/06/2025,Hoàn tất,HYPHENS,CN. HƯNG YÊN (Điều chuyển),Không đạt Cảm quan,67215,Kho Nhập,Yến,,,,HY1100008,PIASCLEDINE TAB 15.S,N294,,2,HỘP,,,Móp rách,
BBSC-0294-0625,16/06/2025,Hoàn tất,VE PHARMA,HÀNG NHẬP KHẨU,Không đạt Cảm quan,0406-S08 INV_VEVN25/01/03/26,Team ĐGC2,Như,Thiện,,,SC6100003,FEROGLOBIN B12 CAPSULES (H/30 VIEN),FW2402DBA,,0,HỘP,,,"1792 hộp rách nhẹ phần đáy
 121 hộp rách nhẹ góc
 93 hộp móp nhẹ
 57 hộp móp nặng
 09 hộp rách nặng
 04 hộp lỗi Lot
 02 hộp dơ
 04 hộp lỗi bao bì
 35 hộp dính vết đen ở mặt sau
 61 hộp dính vết đen ở mặt trước",
BBSC-0294-0625,16/06/2025,Hoàn tất,VE PHARMA,HÀNG NHẬP KHẨU,Không đạt Cảm quan,0406-S08 INV_VEVN25/01/03/26,Team ĐGC2,Như,Thiện,,,SC6100015,PREGNACARE PLUS OMEGA 3 (H/56 VIEN),PP2509,,10,HỘP,,,"05 hộp ố vàng
 02 hộp lỗi Lot
 01 hộp rách nặng
 02 hộp móp nhẹ",
BBSC-0296-0625,17/06/2025,Hoàn tất,VE PHARMA,HÀNG NHẬP KHẨU,Không đạt Cảm quan,1504 -S06 INVVEVN25/01/02/20,Team ĐGC2,Như,Thiện,,,SC6100019,WELLBABY MULTI-VITAMIN LIQUID (CHAI 150ML),50026,,0,HỘP,,,"01 hộp lỗi LOT, 
 02 hộp móp nắp; 
 06 hộp móp nặng, 
 01 hộp chảy dịch;
 1907 hộp lệch màu;
 05 hộp lỗi bao bì;
 517 hộp rách nhẹ góc;
 09 hộp móp nhẹ;
 02 hộp rách đáy",
BBSC-0297-0625,18/06/2025,Hoàn tất,DAVIPHARM,HÀNG TRẢ VỀ,Không đạt Cảm quan,1046036,Kho Nhập,Duyên,,,,DV1100175,METILONE (HOP/28VIEN) - EU,243449,,11,HỘP,,,Móp nặng,
BBSC-0297-0625,18/06/2025,Hoàn tất,DAVIPHARM,HÀNG TRẢ VỀ,Không đạt Cảm quan,1046036,Kho Nhập,Duyên,,,,DV1100156,METILONE-4 (HOP/100VIEN) - EU,243054,,9,HỘP,,,"Móp, rách nặng",
BBSC-0298-0625,18/06/2025,Hoàn tất,SANOFI,HÀNG TRONG NƯỚC,Không đạt Cảm quan,592,Kho Nhập,Trinh,Phúc,,,SA1100055,"ENTEROGERMINA,4BCFU/5ML,SP,BT20,VN",5I036,,1,HỘP,183923,,Móp,
BBSC-0299-0625,18/06/2025,Hoàn tất,VE PHARMA,HÀNG NHẬP KHẨU,Không đạt Cảm quan,3103 -S05 (VEVN/01/01/27),Team ĐGC2,Như,Thiện,,,SC6100002,FEROGLOBIN B12 LIQUID 200ML,41952,,0,HỘP,,,"01 hộp lem màu
 20 hộp móp nhẹ phần đầu",
BBSC-0300-0625,18/06/2025,Hoàn tất,TORRENT,HÀNG NHẬP KHẨU,Sai khác AW,9016039471,Phòng QA,Phúc,,,,TR1100035,OLANZAPINE ORODISPERSIBLE TABLETS 5MG (HOP/ 30 VIEN),BU47L007,,540,HỘP,,,Aw không đúng so với AW cục duyệt,
BBSC-0300-0625,18/06/2025,Hoàn tất,TORRENT,HÀNG NHẬP KHẨU,Sai khác AW,9016039471,Phòng QA,Phúc,,,,TR1100009,TOROLAN 10 (HOP/ 30 VIEN),BT17L003,,540,HỘP,,,Aw không đúng so với AW cục duyệt,
BBSC-0301-0625,19/06/2025,Khởi tạo,MEGA (MAXXCARE),HÀNG TRONG NƯỚC,Không đạt Cảm quan,218,Kho Nhập,Yến,Phúc,,,MG1100044,PANFOR SR-750 (HOP/10 VI X 10 VIEN),A08902502,,24,HỘP,184231,,"18 hộp móp rách nặng, 1 hộp đốm vàng, 5 hộp móp nhẹ",
BBSC-0301-0625,19/06/2025,Khởi tạo,MEGA (MAXXCARE),HÀNG TRONG NƯỚC,Không đạt Cảm quan,218,Kho Nhập,Yến,Phúc,,,MG1100047,PERGLIM M-1 (HOP/5 VI X 20 VIEN),A08912505,,47,HỘP,184233,,47 hộp móp nặng,
BBSC-0301-0625,19/06/2025,Khởi tạo,MEGA (MAXXCARE),HÀNG TRONG NƯỚC,Không đạt Cảm quan,218,Kho Nhập,Yến,Phúc,,,MG1100036,BAROLE 20 (HOP/10 VI X 10 VIEN),A08872503,,3,HỘP,184224,,"02 hộp móp nặng, 01 hộp móp nhẹ",
BBSC-0301-0625,19/06/2025,Khởi tạo,MEGA (MAXXCARE),HÀNG TRONG NƯỚC,Không đạt Cảm quan,218,Kho Nhập,Yến,Phúc,,,MG1100048,PERGLIM M-2 (HOP/5 VI X 20 VIEN),A08922509,,8,HỘP,"000184217 , 000184218",,"01 hộp không vỏ 
 7 hộp móp nặng",
BBSC-0301-0625,19/06/2025,Khởi tạo,MEGA (MAXXCARE),HÀNG TRONG NƯỚC,Không đạt Cảm quan,218,Kho Nhập,Yến,Phúc,,,MG1100047,PERGLIM M-1 (HOP/5 VI X 20 VIEN),A08912506,,10,HỘP,184234,,10 hộp móp nặng,
BBSC-0301-0625,19/06/2025,Khởi tạo,MEGA (MAXXCARE),HÀNG TRONG NƯỚC,Không đạt Cảm quan,218,Kho Nhập,Yến,Phúc,,,MG1100044,PANFOR SR-750 (HOP/10 VI X 10 VIEN),A08902503,,4,HỘP,184232,,04 hộp móp nặng,
BBSC-0302-0625,19/06/2025,Hoàn tất,TORRENT,HÀNG NHẬP KHẨU,Không đạt Cảm quan,HP0600000411,Kho Nhập,Trinh,,,,,TK107271257920,N/A,,14,THÙNG,,,"Móp, dập vỏ thùng ngoài",
BBSC-0303-0625,20/06/2025,Hoàn tất,TORRENT,HÀNG NHẬP KHẨU,Không đạt Cảm quan,GJ0600000468,Kho Nhập,Trinh,,,,,TK107271086050,N/A,,15,THÙNG,,,"Móp, dập vỏ thùng ngoài",
BBSC-0304-0625,20/06/2025,Hoàn tất,VE PHARMA,HÀNG NHẬP KHẨU,Sai số lượng,0406-S08 INV_VEVN25/01/03/26,Team ĐGC2,Như,,,,SC6100003,FEROGLOBIN B12 CAPSULES (H/30 VIEN),FW2402DBA,,28,HỘP,,,Thiếu,
BBSC-0305-0625,21/06/2025,Hoàn tất,VE PHARMA,HÀNG NHẬP KHẨU,Không đạt Cảm quan,1002 -S02_VEVN/01/11/28,Team ĐGC2,Như,Thiện,,,SC6100004,OSTEOCARE (H/30 VIEN),OT2404P,,22,HỘP,,,22 hộp móp nặng,
BBSC-0306-0625,23/06/2025,Hoàn tất,VE PHARMA,HÀNG NHẬP KHẨU,Không đạt Cảm quan,3103 -S05 (VEVN/01/01/27),Team ĐGC2,Như,Thiện,,,SC6100004,OSTEOCARE (H/30 VIEN),OT2409P,,0,HỘP,,,"04 hộp móp nặng,
 07 hộp móp 
 01 hộp rách nhẹ",
BBSC-0306-0625,23/06/2025,Hoàn tất,VE PHARMA,HÀNG NHẬP KHẨU,Không đạt Cảm quan,3103 -S05 (VEVN/01/01/27),Team ĐGC2,Như,Thiện,,,SC6100004,OSTEOCARE (H/30 VIEN),OT2410P,,13,HỘP,,,"02 hộp rách nặng,
 11 hộp móp nặng.",
BBSC-0307-0625,23/06/2025,Hoàn tất,HYPHENS,HÀNG NHẬP KHẨU,Không đạt Cảm quan,SI-25-000326,Team ĐGC2,Như,Thiện,,,HY1100008,PIASCLEDINE TAB 15.S,AA415,,3,HỘP,,,"Móp, dập vỏ thùng ngoài",
BBSC-0308-0625,23/06/2025,Hoàn tất,TORRENT,HÀNG NHẬP KHẨU,Không đạt Cảm quan,GJ0600000468,Team ĐGC2,Như,Thiện,,,TR1100011,APIXA - 2.5 (HOP/ 30 VIEN),BPN6L007,,1,HỘP,,,"01 hộp rách, móp",
BBSC-0309-0625,24/06/2025,Hoàn tất,HYPHENS,HÀNG NHẬP KHẨU,Sai số lượng,SI-25-000326,Team ĐGC2,Như,,,,,PIASCLEDINE TAB 15.S,AA415,,1,HỘP,,,Thiếu 1 hộp,
BBSC-0311-0625,24/06/2025,Hoàn tất,SANOFI,HÀNG TRONG NƯỚC,Không đạt Cảm quan,632,Kho Nhập,Trinh,Lữ,,,SA1100012,PHOSPHALUGEL 12.38G/20G ORGEL SC26 VN,528022,,1,HỘP,184735,,Móp rách nặng,
BBSC-0311-0625,24/06/2025,Hoàn tất,SANOFI,HÀNG TRONG NƯỚC,Không đạt Cảm quan,632,Kho Nhập,Trinh,Lữ,,,SA6107002,ENTEROGERMINA GUT 2BCFU/5ML SUSP BT20 VN,5I126,,2,HỘP,184736,,Móp rách nặng,
BBSC-0312-0625,25/06/2025,Khởi tạo,MAYOLY,HÀNG TRONG NƯỚC,Không đạt Cảm quan,394991,Phòng QA,Phúc,,,,MY1100008,FORLAX 10G 20SACH VN,D50287,,60,HỘP,LPN009582,,"03 hộp móp nặng, 57 hộp móp nhẹ (các hộp móp nhẹ chỉ được chụp hình đại diện)",
BBSC-0312-0625,25/06/2025,Khởi tạo,MAYOLY,HÀNG TRONG NƯỚC,Không đạt Cảm quan,394991,Phòng QA,Phúc,,,,MY1100008,FORLAX 10G 20SACH VN,D50294,,198,HỘP,LPN009581,,"02 móp nặng, 196 móp nhẹ (các hộp móp nhẹ chỉ được chụp hình đại diện)",
BBSC-0312-0625,25/06/2025,Khởi tạo,MAYOLY,HÀNG TRONG NƯỚC,Không đạt Cảm quan,394991,Phòng QA,Phúc,,,,MY1100004,SMECTA ORANGE 3G 10SACH VN,D52222,,2,HỘP,184985,,2 hộp móp nặng,
BBSC-0312-0625,25/06/2025,Khởi tạo,MAYOLY,HÀNG TRONG NƯỚC,Không đạt Cảm quan,394991,Phòng QA,Phúc,,,,MY1100004,SMECTA ORANGE 3G 10SACH VN,D52223,,1,HỘP,184986,,01 hộp móp nặng,
BBSC-0312-0625,25/06/2025,Khởi tạo,MAYOLY,HÀNG TRONG NƯỚC,Không đạt Cảm quan,394991,Phòng QA,Phúc,,,,MY1100004,SMECTA ORANGE 3G 10SACH VN,D52332,,1,HỘP,184941,,01 hộp móp nặng,
BBSC-0312-0625,25/06/2025,Khởi tạo,MAYOLY,HÀNG TRONG NƯỚC,Không đạt Cảm quan,394991,Phòng QA,Phúc,,,,MY1100008,FORLAX 10G 20SACH VN,D52430,,1,HỘP,185047,,1 hộp rách nặng,
BBSC-0312-0625,25/06/2025,Khởi tạo,MAYOLY,HÀNG TRONG NƯỚC,Không đạt Cảm quan,394991,Phòng QA,Phúc,,,,MY1100008,FORLAX 10G 20SACH VN,D52432,,10,HỘP,185055,,10 hộp móp nhẹ,
BBSC-0312-0625,25/06/2025,Khởi tạo,MAYOLY,HÀNG TRONG NƯỚC,Không đạt Cảm quan,394991,Phòng QA,Phúc,,,,MY1100008,FORLAX 10G 20SACH VN,D52434,,1,HỘP,185062,,1 hộp nhòe lot date,
BBSC-0312-0625,25/06/2025,Khởi tạo,MAYOLY,HÀNG TRONG NƯỚC,Không đạt Cảm quan,394991,Phòng QA,Phúc,,,,MY1100008,FORLAX 10G 20SACH VN,D52435,,3,HỘP,185046,,"02 hộp móp nặng, 01 hộp nhòe lot date",
BBSC-0313-0625,26/06/2025,Khởi tạo,MAYOLY,HÀNG TRONG NƯỚC,Không đạt Cảm quan,399443,Phòng QA,Phúc,,,,MY1100003,SMECTA ORANGE 3G 30SACH VN,D50420,,9,HỘP,185336,,9 hộp móp nặng,
BBSC-0313-0625,26/06/2025,Khởi tạo,MAYOLY,HÀNG TRONG NƯỚC,Không đạt Cảm quan,399443,Phòng QA,Phúc,,,,MY1100003,SMECTA ORANGE 3G 30SACH VN,D51321,,1,HỘP,185230,,1 hộp móp nặng,
BBSC-0313-0625,26/06/2025,Khởi tạo,MAYOLY,HÀNG TRONG NƯỚC,Không đạt Cảm quan,399443,Phòng QA,Phúc,,,,MY1100003,SMECTA ORANGE 3G 30SACH VN,D51373,,1,HỘP,185156,,1 hộp rách nặng,
BBSC-0313-0625,26/06/2025,Khởi tạo,MAYOLY,HÀNG TRONG NƯỚC,Không đạt Cảm quan,399443,Phòng QA,Phúc,,,,MY1100003,SMECTA ORANGE 3G 30SACH VN,D51373,,1,HỘP,185156,,1 hộp rách nhẹ,
BBSC-0313-0625,26/06/2025,Khởi tạo,MAYOLY,HÀNG TRONG NƯỚC,Không đạt Cảm quan,399443,Phòng QA,Phúc,,,,MY1100003,SMECTA ORANGE 3G 30SACH VN,D52334,,2,HỘP,185135,,2 hộp móp,
BBSC-0313-0625,26/06/2025,Khởi tạo,MAYOLY,HÀNG TRONG NƯỚC,Không đạt Cảm quan,399443,Phòng QA,Phúc,,,,MY1100003,SMECTA ORANGE 3G 30SACH VN,D52335,,43,HỘP,185335,,41 hộp móp rách nặng (các hộp móp rách nặng phát hiện trong các thùng được thay thế bằng thùng của DKSH) -> DKSH đã xác nhận không phải thùng của họ,
BBSC-0313-0625,26/06/2025,Khởi tạo,MAYOLY,HÀNG TRONG NƯỚC,Không đạt Cảm quan,399443,Phòng QA,Phúc,,,,MY1100003,SMECTA ORANGE 3G 30SACH VN,D52381,,4,HỘP,185267,,04 hộp móp nặng,
BBSC-0313-0625,26/06/2025,Khởi tạo,MAYOLY,HÀNG TRONG NƯỚC,Không đạt Cảm quan,399443,Phòng QA,Phúc,,,,MY1100008,FORLAX 10G 20SACH VN,D52436,,1,HỘP,LPN009594,,1 hộp rách nặng,
BBSC-0314-0625,26/06/2025,Hoàn tất,ASTRAZENECA,HÀNG TRONG NƯỚC,Không đạt Cảm quan,331,Kho Nhập,Yến,Lữ,,Chưa scan,AZ1100025,PLENDIL PLUS 5/50 MG PROLONGED-RELEASE TABLET BOTTLE 30.S,MAPZ,,4,HỘP,,,"4 hộp móp rách nặng trong thùng chẵn, nguyên vẹn",
BBSC-0315-0625,27/06/2025,Khởi tạo,MEGA (MAXXCARE),HÀNG TRONG NƯỚC,Không đạt Cảm quan,233,Phòng QA,Phúc,,,,MG1100048,PERGLIM M-2 (HOP/5 VI X 20 VIEN),A08922511,,4,HỘP,185322,,4 hộp móp nặng,
BBSC-0316-0625,27/06/2025,Hoàn tất,Dr.Reddy's,HÀNG NHẬP KHẨU,Vượt Nhiệt độ,9013500653,Phòng QA,Lữ,,,,RD1200010,CASPOFUNGIN ACETATE 50MG (H/1 LO),A1480045,,8819,LỌ,,,"min -1.60C, max 22.70C",
BBSC-0317-0625,27/06/2025,Hoàn tất,VE PHARMA,HÀNG NHẬP KHẨU,Không đạt Cảm quan,2606-S09 INVVEVN25/01/03/27,Team ĐGC2,Như,Thiện,,,SC6100018,"PREGNACARE BREAST-FEEDING (HOP/56 VIEN NEN, 28 VIEN NANG)",PB2505,,175,HỘP,,,"132 hộp lỗi LOT
 3 hộp lỗi bao bì
 8 hộp móp nặng
 1 hộp ố vàng
 19 hộp rách nặng
 12 hộp móp chữ C",
BBSC-0318-0625,27/06/2025,Hoàn tất,VE PHARMA,HÀNG NHẬP KHẨU,Không đạt Cảm quan,2606-S09 INVVEVN25/01/03/27,Team ĐGC2,Như,Thiện,,,SC6100001,OSTEOCARE LIQUID 200ML,50306,,10,HỘP,,,10 hộp rách phần nắp,
BBSC-0319-0625,27/06/2025,Khởi tạo,MAYOLY,HÀNG TRONG NƯỚC,Không đạt Cảm quan,403980,Phòng QA,Phúc,,,,MY1100004,SMECTA ORANGE 3G 10SACH VN,D52380,,4,HỘP,185591,,4 hộp móp,
BBSC-0319-0625,27/06/2025,Khởi tạo,MAYOLY,HÀNG TRONG NƯỚC,Không đạt Cảm quan,403980,Phòng QA,Phúc,,,,MY1100004,SMECTA ORANGE 3G 10SACH VN,D52384,,2,HỘP,185492,,2 hộp móp,
BBSC-0319-0625,27/06/2025,Khởi tạo,MAYOLY,HÀNG TRONG NƯỚC,Không đạt Cảm quan,403980,Phòng QA,Phúc,,,,MY1100008,FORLAX 10G 20SACH VN,D52437,,1,HỘP,185514,,1 hộp rách nặng,
BBSC-0319-0625,27/06/2025,Khởi tạo,MAYOLY,HÀNG TRONG NƯỚC,Không đạt Cảm quan,403980,Phòng QA,Phúc,,,,MY1100008,FORLAX 10G 20SACH VN,D52438,,1,HỘP,185515,,1 hộp móp nặng,
BBSC-0319-0625,27/06/2025,Khởi tạo,MAYOLY,HÀNG TRONG NƯỚC,Không đạt Cảm quan,403980,Phòng QA,Phúc,,,,MY1100008,FORLAX 10G 20SACH VN,D52460,,1,HỘP,185402,,1 hộp móp,
BBSC-0319-0625,27/06/2025,Khởi tạo,MAYOLY,HÀNG TRONG NƯỚC,Không đạt Cảm quan,403980,Phòng QA,Phúc,,,,MY1100008,FORLAX 10G 20SACH VN,D52461,,3,HỘP,185518,,"1 hộp rách niêm phong, 02 hộp rò rỉ thuốc",
BBSC-0319-0625,27/06/2025,Khởi tạo,MAYOLY,HÀNG TRONG NƯỚC,Không đạt Cảm quan,403980,Phòng QA,Phúc,,,,MY1100004,SMECTA ORANGE 3G 10SACH VN,D52481,,1,HỘP,185519,,1 hộp móp,
BBSC-0319-0625,27/06/2025,Khởi tạo,MAYOLY,HÀNG TRONG NƯỚC,Không đạt Cảm quan,403980,Phòng QA,Phúc,,,,MY1100004,SMECTA ORANGE 3G 10SACH VN,D52482,,12,HỘP,185593,,12 hộp móp nặng,
BBSC-0319-0625,27/06/2025,Khởi tạo,MAYOLY,HÀNG TRONG NƯỚC,Không đạt Cảm quan,403980,Phòng QA,Phúc,,,,MY1100004,SMECTA ORANGE 3G 10SACH VN,D52563,,4,HỘP,185513,,4 hộp móp nặng,
BBSC-0319-0625,27/06/2025,Khởi tạo,MAYOLY,HÀNG TRONG NƯỚC,Không đạt Cảm quan,403980,Phòng QA,Phúc,,,,MY1100004,SMECTA ORANGE 3G 10SACH VN,D52566,,3,HỘP,185592,,3 hộp móp,
BBSC-0320-0625,28/06/2025,Hoàn tất,ASTRAZENECA,CN. HƯNG YÊN (Điều chuyển),Không đạt Cảm quan,N/A,Kho Nhập,Yến,,,,AZ1100005,LYNPARZA 100MG 7 BLISTERS X 8 FILM-COATED TABLETS,SR613,12/02/2028,1,HỘP,,,Móp,
BBSC-0320-0625,28/06/2025,Hoàn tất,ASTRAZENECA,CN. HƯNG YÊN (Điều chuyển),Không đạt Cảm quan,N/A,Kho Nhập,Yến,,,,AZ1100005,LYNPARZA 100MG 7 BLISTERS X 8 FILM-COATED TABLETS,SS623,12/02/2028,1,HỘP,,,Móp,
BBSC-0321-0625,30/06/2025,Khởi tạo,MAYOLY,HÀNG TRONG NƯỚC,Không đạt Cảm quan,407582,Phòng QA,Phúc,,,,MY1100002,FORTRANS 4SACH VN,D52775,,1,HỘP,185612,,01 hộp thủng,
BBSC-0321-0625,30/06/2025,Khởi tạo,MAYOLY,HÀNG TRONG NƯỚC,Không đạt Cảm quan,407582,Phòng QA,Phúc,,,,MY1100002,FORTRANS 4SACH VN,D52774,,1,HỘP,185613,,01 hộp thủng,
BBSC-0321-0625,30/06/2025,Khởi tạo,MAYOLY,HÀNG TRONG NƯỚC,Không đạt Cảm quan,407582,Phòng QA,Phúc,,,,MY1100002,FORTRANS 4SACH VN,D52663,,1,HỘP,185614,,01 hộp móp,
BBSC-0322-0625,30/06/2025,Hoàn tất,VE PHARMA,HÀNG NHẬP KHẨU,Không đạt Cảm quan,2606-S09 INVVEVN25/01/03/27,Team ĐGC2,Như,Lữ,,,SC6100018,"PREGNACARE BREAST-FEEDING (HOP/56 VIEN NEN, 28 VIEN NANG)",PB2505,,80,HỘP,,,"53 hộp lỗi lot date,
 22 hộp móp rách nặng,
 5 hộp lem ố vàng",
BBSC-0322-0625,30/06/2025,Hoàn tất,VE PHARMA,HÀNG NHẬP KHẨU,Không đạt Cảm quan,2606-S09 INVVEVN25/01/03/27,Team ĐGC2,Như,Lữ,,,SC6100003,FEROGLOBIN B12 CAPSULES (H/30 VIEN),FW2501KA,,129,HỘP,,,"30 hộp móp rách nặng, 
 01 hộp trầy mặt chính, 
 08 hộp lỗi lot date
 88 hộp lỗi bao bì mặt chính, 
 02 hộp dính chất dơ,",
BBSC-0322-0625,30/06/2025,Hoàn tất,VE PHARMA,HÀNG NHẬP KHẨU,Không đạt Cảm quan,2606-S09 INVVEVN25/01/03/27,Team ĐGC2,Như,Lữ,,,SC6100004,OSTEOCARE (H/30 VIEN),OT2501P,,10,HỘP,,,"02 hộp móp nặng
 01 hộp lỗi bao bì
 07 hộp móp rách nặng (nhiều mặt)",
BBSC-0322-0625,30/06/2025,Hoàn tất,VE PHARMA,HÀNG NHẬP KHẨU,Không đạt Cảm quan,2606-S09 INVVEVN25/01/03/27,Team ĐGC2,Như,Lữ,,,SC6100014,LIVERIL (H/30 VIEN),LV2501P,,28,HỘP,,,"16 hộp móp nhiều mặt (nặng), 
 12 hộp móp nhẹ",
BBSC-0322-0625,30/06/2025,Hoàn tất,VE PHARMA,HÀNG NHẬP KHẨU,Không đạt Cảm quan,2606-S09 INVVEVN25/01/03/27,Team ĐGC2,Như,Lữ,,,SC6100001,OSTEOCARE LIQUID 200ML,50306,,9,HỘP,,,"07 hộp rách nặng, 
 02 hộp lem mực",
BBSC-0322-0625,30/06/2025,Hoàn tất,VE PHARMA,HÀNG NHẬP KHẨU,Không đạt Cảm quan,2606-S09 INVVEVN25/01/03/27,Team ĐGC2,Như,Lữ,,,SC6100019,WELLBABY MULTI-VITAMIN LIQUID (CHAI 150ML),50396,,50,HỘP,,,"12 hộp lỗi lot date, 
 04 hộp rách nặng
 16 hộp móp rách nặng (nhiều mặt); 
 15 hộp rách nhẹ, 
 03 hộp móp nhẹ",
BBSC-0324-0625,30/06/2025,Khởi tạo,HYPHENS,CN. HƯNG YÊN (Điều chuyển),Không đạt Cảm quan,N/A,Kho Nhập,Yến,,,,HY7300012,ULTRA LIGHT HYDRATOR 50G,VJ0244,28/02/2027,1,HỘP,,,Móp,
BBSC-0324-0625,30/06/2025,Khởi tạo,HYPHENS,CN. HƯNG YÊN (Điều chuyển),Không đạt Cảm quan,N/A,Kho Nhập,Yến,,,,GZ1301001,FORTRAGET INHALER 200MCG+6MCG,113M03,19/02/2027,2,HỘP,,,Móp,
BBSC-0325-0625,30/06/2025,Hoàn tất,VE PHARMA,HÀNG NHẬP KHẨU,Không đạt Cảm quan,0406-S08 INV_VEVN25/01/03/26,Team ĐGC2,Như,Lữ,,,SC6100003,FEROGLOBIN B12 CAPSULES (H/30 VIEN),FW2402DBA,,40,HỘP,,,"31 hộp lỗi lot date, 
 06 hộp móp rách nặng, 
 03 hộp lỗi bao bì",
BBSC-0326-0625,30/06/2025,Hoàn tất,Dr.Reddy's,HÀNG NHẬP KHẨU,Vượt Nhiệt độ,9013500453,Phòng QA,Phúc,,,,RD1100009,ABIRATRED 250MG 120.S,H2400768,,0,PALLET,,,Nhiệt độ không đạt,
BBSC-0327-0725,01/07/2025,Khởi tạo,VE PHARMA,HÀNG NHẬP KHẨU,Sai số lượng,2606-S09 INVVEVN25/01/03/27,Team ĐGC2,Như,,,,SC6100003,FEROGLOBIN B12 CAPSULES (H/30 VIEN),FW2501KA,,56,HỘP,,,Thiếu,
BBSC-0329-0725,02/07/2025,Hoàn tất,Dr.Reddy's,HÀNG NHẬP KHẨU,Không đạt Cảm quan,9013500713,Kho Nhập,Trinh,,,,,TK107303875010,N/A,,50,THÙNG,,,"Móp, dập vỏ thùng ngoài",
BBSC-0330-0725,03/07/2025,Hoàn tất,SANOFI,HÀNG TRONG NƯỚC,Không đạt Cảm quan,567,Kho Nhập,Trinh,Thiện,,,SA1100042,XATRAL XL 10MG B/ 1BLS X 30TABS 3Y S3 VN,KT1788,,1,HỘP,,,"01 hộp bị rách và lem màu trong thùng số 160, thùng chẵn, nguyên vẹn",
BBSC-0332-0725,03/07/2025,Hoàn tất,ASTRAZENECA,HÀNG TRONG NƯỚC,Không đạt Cảm quan,340,Kho Nhập,Yến,,,,AZ1100025,PLENDIL PLUS 5/50 MG PROLONGED-RELEASE TABLET BOTTLE 30.S,MAPZ,,1,HỘP,,,"01 hộp Móp trong thùng nguyên vẹn, thùng chẵn",
BBSC-0333-0725,03/07/2025,Hoàn tất,SANOFI,HÀNG TRONG NƯỚC,Không đạt Cảm quan,576,Kho Nhập,Duyên,,,,SA1100038,DUOPLAVIN 75/100MG FT BL3X10 VN,GA0677,,4,HỘP,,,"04 hộp lỗi đóng gói trong các thùng chẵn, thùng nguyên vẹn số 191, 452, 444",
BBSC-0334-0725,03/07/2025,Khởi tạo,MEGA (MAXXCARE),HÀNG TRONG NƯỚC,Không đạt Cảm quan,239,Kho Nhập,Yến,Phúc,,,MG1100044,PANFOR SR-750 (HOP/10 VI X 10 VIEN),A08902504,,5,HỘP,186406,,05 hộp móp rách nặng,
BBSC-0334-0725,03/07/2025,Khởi tạo,MEGA (MAXXCARE),HÀNG TRONG NƯỚC,Không đạt Cảm quan,239,Kho Nhập,Yến,Phúc,,,MG1100048,PERGLIM M-2 (HOP/5 VI X 20 VIEN),A08922512,,4,HỘP,186407,,"03 hộp móp nặng, 01 hộp móp rách",
BBSC-0335-0725,04/07/2025,Hoàn tất,HYPHENS,HÀNG NHẬP KHẨU,Không đạt Cảm quan,SI-25-000366/367,Team ĐGC2,Như,Lữ,,,HY6100002,THUC PHAM BAO VE SUC KHOE OCEAN HEALTH OMEGA-3 FISH OIL 1000 MG 60.S,TE0100,,4,HỘP,,,"Móp, dập vỏ thùng ngoài",
BBSC-0338-0725,08/07/2025,Hoàn tất,ASTRAZENECA,CN. ĐÀ NẴNG (Điều chuyển),Không đạt Cảm quan,N/A,Kho Nhập,Yến,,,,AZ1200002,ZOLADEX 3.6 MG DEPOT 1.S,SS57301,21/08/2026,12,HỘP,,,Móp,
BBSC-0339-0725,09/07/2025,Hoàn tất,SANOFI,HÀNG TRONG NƯỚC,Không đạt Cảm quan,581,Kho Nhập,Trinh,Thiện,,,SA1200013,LOVENOX 60MG/0.6ML INJ. B/ 2 SYRINGES VN,JS387C,,1,HỘP,,,"01 hộp rách trong thùng số 00556, thùng chẵn, nguyên vẹn.",
BBSC-0340-0725,09/07/2025,Hoàn tất,SANOFI,HÀNG TRONG NƯỚC,Không đạt Cảm quan,687,Kho Nhập,Trinh,Thiện,,,SA1100012,PHOSPHALUGEL 12.38G/20G ORGEL SC26 VN,528199,,1,HỘP,186894,,"01 hộp rách phần nắp trong thùng số 604, thùng chẵn, nguyên vẹn.",
BBSC-0341-0725,10/07/2025,Hoàn tất,ASTRAZENECA,HÀNG TRONG NƯỚC,Không đạt Cảm quan,351,Kho Nhập,Yến,Thiện,,,AZ1100011,NOLVADEX 10 MG TABLETS X 3 BLISTERS X 10.S,SF616,,2,HỘP,,,"02 hộp móp, rách trong thùng chẵn, nguyên vẹn",
BBSC-0342-0725,10/07/2025,Hoàn tất,ABBOTT,HÀNG NHẬP KHẨU,Sai số lượng,9021208776,Kho Nhập,Trinh,,,,ST9-ITV07F180/80,TORQVUE DELIVERY SYSTEM PDA 7F,10874689,,1,CÁI,,,"Móp, dập vỏ thùng ngoài",
BBSC-0343-0725,11/07/2025,Hoàn tất,SANOFI,HÀNG TRONG NƯỚC,Không đạt Cảm quan,590,Kho Nhập,Trinh,Phúc,,,SA1100040,PLAVIX 75MG B/ 1BL X 14 TABS VN,GA1927,,2,HỘP,,,"02 hộp móp rách nặng trong thùng nguyên vẹn, thùng chẵn, thùng số 0302, 0109",
BBSC-0344-0725,14/07/2025,Khởi tạo,YHV,HÀNG LÀM DỊCH VỤ,Không đạt Cảm quan,BBGH/2706-03/2025/YHV-HĐ,Team ĐGC2,Như,Phúc,,,YH6100002,THUC PHAM BAO VE SUC KHOE YES EVENING PRIMROSE OIL PLUS D3,AL50375,,1,HỘP,LPN009737,,Mờ lot date,
BBSC-0346-0725,16/07/2025,Hoàn tất,SANOFI,HÀNG TRONG NƯỚC,Không đạt Cảm quan,600,Kho Nhập,Trinh,Thiện,,,SA1100038,DUOPLAVIN 75/100MG FT BL3X10 VN,GA0677,,4,HỘP,187554,,"04 hộp lỗi đóng keo phần nắp hộp trong các thùng số 0064 – 1 hộp, 0066 – 2 hộp, 0663 – 1 hộp; thùng chẵn, nguyên vẹn.",
BBSC-0346-0725,16/07/2025,Hoàn tất,SANOFI,HÀNG TRONG NƯỚC,Không đạt Cảm quan,600,Kho Nhập,Trinh,Thiện,,,SA1100035,DEPAKINE CHRONO 500MG TUBE OF 30 TABS VN,GAS0846,,1,HỘP,187555,,"1 hộp rách phần niêm phong - thùng số 0493, thùng chẵn, nguyên vẹn.",
BBSC-0347-0725,16/07/2025,Khởi tạo,BESIN,HÀNG NHẬP KHẨU,Không đạt Cảm quan,SD1-8101B-2503-00041/46,Team ĐGC2,Như,Phúc,,,BS1400001,PAPILOCARE (21 CANNULAS X 5ML),W0681,30/04/2028,1,HỘP,,,Chảy thuốc,
BBSC-0347-0725,16/07/2025,Khởi tạo,BESIN,HÀNG NHẬP KHẨU,Không đạt Cảm quan,SD1-8101B-2503-00041/46,Team ĐGC2,Như,Phúc,,,BS1400001,PAPILOCARE (21 CANNULAS X 5ML),W0801,31/05/2028,6,HỘP,,,Không lot date,
BBSC-0347-0725,16/07/2025,Khởi tạo,BESIN,HÀNG NHẬP KHẨU,Không đạt Cảm quan,SD1-8101B-2503-00041/46,Team ĐGC2,Như,Phúc,,,BS1300012,PAPILOCARE (2 CANNULAS X 5ML),W0771,31/05/2028,15,HỘP,,,Lỗi in lot date,
BBSC-0348-0725,17/07/2025,Khởi tạo,HETERO,HÀNG NHẬP KHẨU,Không đạt Cảm quan,SI9225201984,Kho Nhập,Trinh,,,,,TK107353502210,N/A,,12,THÙNG,,,"Móp, dập vỏ thùng ngoài",
BBSC-0349-0725,18/07/2025,Khởi tạo,LUYE,HÀNG NHẬP KHẨU,Không đạt Cảm quan,INUK-240216,Kho Nhập,Trinh,,,,,TK107354826720,N/A,,1,PALLET,,,"Hàng móp, dập vỏ thùng",
BBSC-0350-0725,18/07/2025,Khởi tạo,VE PHARMA,HÀNG NHẬP KHẨU,Không đạt Cảm quan,VEVN25/01/05/22,Kho Nhập,Trinh,,,,,TK107355235850,N/A,,5,PALLET,,,"Móp, dập vỏ thùng ngoài",
BBSC-0351-0725,18/07/2025,Hoàn tất,ASTRAZENECA,HÀNG TRONG NƯỚC,Không đạt Cảm quan,360,Kho xuất,Danh,Thiện,,,AZ1100001,ARIMIDEX 1 MG TABLET 2 BLISTERS X 14.S,SV292,,3,HỘP,,,Lỗi bao bì,
BBSC-0352-0725,21/07/2025,Hoàn tất,HETERO,HÀNG NHẬP KHẨU,Không đạt Cảm quan,SI3625300073,Team ĐGC2,Như,Phúc,,,HT1200001,VANCONEX (VANCOMYCIN HYDROCHLORIDE FOR INJECTION USP 500MG/V IAL),AS1250211A,,3,HỘP,LPN009773,,"Móp, dập vỏ thùng ngoài",
BBSC-0353-0725,21/07/2025,Khởi tạo,LUYE,HÀNG NHẬP KHẨU,Không đạt Cảm quan,INUK-240216,Team ĐGC2,Như,Phúc,,,LU1100002,SEROQUEL XR TAB 200MG 30.S (HOP/30VIEN),SV940,,5,HỘP,,,Lỗi bao bì,
BBSC-0354-0725,21/07/2025,Khởi tạo,HETERO,HÀNG NHẬP KHẨU,Không đạt Cảm quan,SI3625200800-04-01591,Kho Nhập,Sơn,,,,,TK107363153330,N/A,,7,THÙNG,,,"Móp, dập vỏ thùng ngoài",
BBSC-0356-0725,22/07/2025,Khởi tạo,HETERO,HÀNG NHẬP KHẨU,Không đạt Cảm quan,SI3625200800-04-01591,Team ĐGC2,Như,Phúc,,,HT1100033,"DOLUTEGRAVIR, LAMIVUDINE AND TENOFOVIR DISOPROXIL FUMARATE T ABLETS 50/300/300MG (HOP/1 LO 30 VIEN)",E250328F,04/02/2027,23,HỘP,LPN009795,,Móp rách nặng,
BBSC-0357-0725,23/07/2025,Khởi tạo,VE PHARMA,HÀNG NHẬP KHẨU,Không đạt Cảm quan,S12-1807 INVVEVN25/01/05/22,Team ĐGC2,Như,Phúc,,,SC6100003,FEROGLOBIN B12 CAPSULES (H/30 VIEN),FW2413TA,30/11/2027,53,HỘP,LPN009802,,"23/07/2025: 4 hộp lỗi bao bì, 2 hộp rách - LPN009802
 28/07/2025: 1 hộp lỗi LOT - LPN009832
 29/07/2025: 1 hộp móp rách nhẹ, 4 hộp lỗi LOT - LPN009838
 30/07/2025: 2 hộp lỗi bao bì, 2 hộp lỗi LOT, 3 hộp móp nặng - LPN009846
 31/07/2025: 3 hộp lỗi LOT, 1 hộp móp nặng mặt trước - LPN009856
 01/08/2025: 1 hộp móp nặng, 1 hộp lỗi bao bì, 2 hộp lỗi in lot date - LPN009869
 02/08/2025: 3 hộp móp nặng, 2 hộp lỗi in lot date, 1 hộp lỗi bao bì - LPN009873
 04/08/2025: 3 hộp móp nặng, 1 hộp rách nặng, 7 hộp lỗi LOT, 4 hộp lem mực mặt trước - LPN009883
 05/08/2025: 3 hộp lỗi LOT, 2 hộp rách nặng - LPN009888",
BBSC-0357-0725,23/07/2025,Khởi tạo,VE PHARMA,HÀNG NHẬP KHẨU,Không đạt Cảm quan,S12-1807 INVVEVN25/01/05/22,Team ĐGC2,Như,Phúc,,,SC6100001,OSTEOCARE LIQUID 200ML,50461,31/03/2027,120,HỘP,,,"23/07/2025: 10 hộp móp rách nặng, 5 hộp rách nhẹ - LPN009818
 29/07/2025: 3 hộp rách nặng, 6 hộp móp nặng, 2 hộp lỗi bb mặt trước - LPN009841
 30/07/2025: 18 hộp móp nhẹ, 1 hộp rách nhẹ góc - LPN009845
 01/08/2025: - LPN009870
 - 3 hộp rách nặng
 - 8 hộp móp nhẹ
 - 15 hộp móp nặng
 - 5 hộp rách góc nhẹ
 04/08/2025: 10 hộp móp nặng, 1 lem mực mặt trước, 33 hộp rách nặng - LPN009875",
BBSC-0358-0725,24/07/2025,Hoàn tất,SANOFI,HÀNG TRONG NƯỚC,Không đạt Cảm quan,643,Kho Nhập,Trinh,Thiện,,,SA1100040,PLAVIX 75MG B/ 1BL X 14 TABS VN,GA1927,31/03/2028,32,HỘP,,,"09 hộp rách, 23 hộp móp trong thùng chẵn, nguyên vẹn; mỗi thùng bắt 1 hộp; thùng số 0024, 0078, 0346 mỗi thùng bắt 2 hộp (ở lớp trên và lớp dưới).",
BBSC-0358-0725,24/07/2025,Hoàn tất,SANOFI,HÀNG TRONG NƯỚC,Không đạt Cảm quan,643,Kho Nhập,Trinh,Thiện,,,SA1200012,LOVENOX 40MG/0.4ML INJ. B/ 2 SYRINGES VN,JS498A,31/10/2026,3,HỘP,,,"01 hộp rách trong thùng số 01246, 02 hộp móp trong thùng số 01229 và 01234 (mỗi thùng 1 hộp), thùng chẵn, nguyên vẹn.",
BBSC-0358-0725,24/07/2025,Hoàn tất,SANOFI,HÀNG TRONG NƯỚC,Không đạt Cảm quan,643,Kho Nhập,Trinh,Thiện,,,SA1200013,LOVENOX 60MG/0.6ML INJ. B/ 2 SYRINGES VN,JS387C,30/06/2026,1,HỘP,LPN009808,,"01 hộp rách trong thùng số 00825, thùng chẵn, nguyên vẹn",
BBSC-0359-0725,24/07/2025,Hoàn tất,MEGA (MAXXCARE),HÀNG TRONG NƯỚC,Không đạt Cảm quan,265,Kho Nhập,Yến,Lữ,,,MG1100042,PANFOR SR-1000 (HOP/5 VI X 20 VIEN),A08892507,28/05/2028,2,HỘP,,,2 hộp móp nặng,
BBSC-0359-0725,24/07/2025,Hoàn tất,MEGA (MAXXCARE),HÀNG TRONG NƯỚC,Không đạt Cảm quan,265,Kho Nhập,Yến,Lữ,,,MG1100044,PANFOR SR-750 (HOP/10 VI X 10 VIEN),A08902505,13/06/2027,8,HỘP,,,8 hộp móp rách nặng,
BBSC-0359-0725,24/07/2025,Hoàn tất,MEGA (MAXXCARE),HÀNG TRONG NƯỚC,Không đạt Cảm quan,265,Kho Nhập,Yến,Lữ,,,MG1100044,PANFOR SR-750 (HOP/10 VI X 10 VIEN),A08902506,13/06/2027,5,HỘP,,,5 hộp móp nặng,
BBSC-0359-0725,24/07/2025,Hoàn tất,MEGA (MAXXCARE),HÀNG TRONG NƯỚC,Không đạt Cảm quan,265,Kho Nhập,Yến,Lữ,,,MG1100043,PANFOR SR-500 (HOP/5 VI X 20 VIEN),PAF01771,22/01/2027,2,HỘP,,,2 hộp móp nặng,
BBSC-0359-0725,24/07/2025,Hoàn tất,MEGA (MAXXCARE),HÀNG TRONG NƯỚC,Không đạt Cảm quan,265,Kho Nhập,Yến,Lữ,,,MG1100053,GLY4PAR 60 (HOP/3 VI X 10 VIEN),A08952316,27/12/2025,1,VỈ,,,1 vi thừa,
BBSC-0360-0725,24/07/2025,Hoàn tất,BIOTRONIK,HÀNG TRONG NƯỚC,Không đạt Cảm quan,115 & 116,Team ĐGC2,Như,Khôi,,,BK367017,PANTERA LEO 3.0/15,5255301,15/06/2028,1,HỘP,,,Thủng,
BBSC-0362-0725,25/07/2025,Hoàn tất,CPC1,HÀNG TRONG NƯỚC,Không đạt Cảm quan,001 40208,Kho Nhập,Yến,,,Chưa scan,HY1200007,XENETIX 300 (HOP/10 LO x 100ML),25WC0141,29/02/2028,1,LỌ,,,Hàng chuyển CPC1 bị bể 1 lọ,
BBSC-0363-0725,28/07/2025,Hoàn tất,HYPHENS,CN. HƯNG YÊN (Điều chuyển),Không đạt Cảm quan,85195,Kho Nhập,Yến,,,,HY1300043,STERIMAR NOSE HYGIENE & COMFORT 50 ML,FE3302B,31/10/2026,6,HỘP,182569,,Ướt,
BBSC-0363-0725,28/07/2025,Hoàn tất,HYPHENS,CN. HƯNG YÊN (Điều chuyển),Không đạt Cảm quan,85195,Kho Nhập,Yến,,,,HY1300046,STERIMAR ALLERGIC NOSE 50 ML,FE3222C,31/08/2026,7,HỘP,188983,,Ướt,
BBSC-0363-0725,28/07/2025,Hoàn tất,HYPHENS,CN. HƯNG YÊN (Điều chuyển),Không đạt Cảm quan,85195,Kho Nhập,Yến,,,,HY1300043,STERIMAR NOSE HYGIENE & COMFORT 50 ML,FE3302B,31/10/2026,7,HỘP,188984,,Ướt,
BBSC-0363-0725,28/07/2025,Hoàn tất,HYPHENS,CN. HƯNG YÊN (Điều chuyển),Không đạt Cảm quan,85195,Kho Nhập,Yến,,,,NV1100070,COFIDEC TAB 20.S,PD7990,16/07/2026,21,HỘP,188982,,Ướt,
BBSC-0363-0725,28/07/2025,Hoàn tất,HYPHENS,CN. HƯNG YÊN (Điều chuyển),Không đạt Cảm quan,85195,Kho Nhập,Yến,,,,HY1300047,STERIMAR NOSE PRONE TO COLDS 50 ML,FE3304B,31/10/2026,6,HỘP,188985,,Ướt,
BBSC-0364-0725,28/07/2025,Hoàn tất,HETERO,HÀNG NHẬP KHẨU,Không đạt Cảm quan,SI9225201666,Kho Nhập,Trinh,,,,,TK107375739700,N/A,,2,THÙNG,,,Móp rách,
BBSC-0365-0725,29/07/2025,Hoàn tất,ASTRAZENECA,HÀNG TRONG NƯỚC,Không đạt Cảm quan,383,Kho Nhập,Trinh,Phúc,,,AZ1100025,PLENDIL PLUS 5/50 MG PROLONGED-RELEASE TABLET BOTTLE 30.S,MAPZ,07/01/2028,2,HỘP,,,Móp,
BBSC-0367-0725,29/07/2025,Hoàn tất,HETERO,HÀNG NHẬP KHẨU,Không đạt Cảm quan,SI9225202740/41,Kho Nhập,Trinh,,,,,TK107381647440,N/A,,20,THÙNG,,,Móp dập vỏ thùng ngoài,
BBSC-0368-0725,30/07/2025,Hoàn tất,SANOFI,HÀNG TRONG NƯỚC,Không đạt Cảm quan,750,Kho Nhập,Trinh,Phúc,,,SA1100011,NO-SPA FORTE 80MG B/ 2BLS X 10,JV002,31/12/2027,7,HỘP,LPN009844,,Móp,
BBSC-0369-0725,30/07/2025,Hoàn tất,HETERO,HÀNG NHẬP KHẨU,Không đạt Cảm quan,SI3625300194,Kho Nhập,Trinh,,,,,TK1073889397250,N/A,,5,THÙNG,,,"Móp, dập vỏ thùng ngoài",
BBSC-0370-0725,31/07/2025,Khởi tạo,HYPHENS,HÀNG NHẬP KHẨU,Không đạt Cảm quan,SI-25-000414/434/443/444/445,Kho Nhập,Trinh,,,,,TK107397381711,N/A,,5,PALLET,,,"Móp, dập vỏ thùng",
BBSC-0371-0725,31/07/2025,Khởi tạo,IMEXPHARM,HÀNG TRONG NƯỚC,Không đạt Cảm quan,2,Kho xuất,Khải,Phúc,,,SD1100005,OSPAMOX 500MG TAB 10.S (NQ),040D008,03/06/2029,1,VỈ,LPN009854,,1 viên rò rỉ thuốc,
BBSC-0373-0825,01/08/2025,Hoàn tất,HETERO,HÀNG NHẬP KHẨU,Không đạt Cảm quan,SI3625300194,Team ĐGC2,Như,Phúc,,,HT1200001,VANCONEX (VANCOMYCIN HYDROCHLORIDE FOR INJECTION USP 500MG/V IAL),AS1250273E,17/06/2027,1,HỘP,LPN009868,,01/08/2025: 1 hộp in ngược lot date,
BBSC-0374-0825,01/08/2025,Hoàn tất,HYPHENS,HÀNG NHẬP KHẨU,Vượt Nhiệt độ,SI-25-000450,Phòng QA,Phúc,,,Chưa scan,HY1200001,"CUROSURF 120MG/1,5ML (H/1LO X 1,5ML)",NA,,1,PALLET,,,Max 15.5°C,
BBSC-0375-0825,04/08/2025,Hoàn tất,DANONE,HÀNG TRONG NƯỚC,Không đạt Cảm quan,173,Phòng QA,Phúc,,,,DE6100008,APTAMIL PROFUTURA CESARBIOTIK 2 FOLLOW ON FORMULA 800G,Fri Mar 19 2027 00:00:00 GMT+0700 (Indochina Time),19/03/2027,1,LON,,,Xước vỏ hộp,
BBSC-0376-0825,05/08/2025,Hoàn tất,ASTRAZENECA,HÀNG TRONG NƯỚC,Không đạt Cảm quan,412,Kho Nhập,Yến,Lữ,,,AZ1100011,NOLVADEX 10 MG TABLETS X 3 BLISTERS X 10.S,SF616,17/08/2027,1,HỘP,,,"1 hộp móp, rách",
BBSC-0378-0825,06/08/2025,Hoàn tất,Dr.Reddy's,HÀNG NHẬP KHẨU,Không đạt Cảm quan,9013505134,Kho Nhập,Trinh,,,,,TK107411562860,N/A,,1,THÙNG,,,"móp, dập vỏ thùng ngoài",
BBSC-0379-0825,06/08/2025,Hoàn tất,VE PHARMA,HÀNG NHẬP KHẨU,Không đạt Cảm quan,S16-0508 INVVEVN25/01/07/25,Team ĐGC2,Như,Thiện,,,SC6100025,"PREGNACARE MAX (H/56 VIEN NEN, 28 VIEN NANG)",PM2510CP,31/10/2027,21,HỘP,,,"06/08/2025: 4 hộp lỗi bao bì, 1 hộp lỗi LOT, 5 hộp rách nặng, 6 hộp móp nặng - LPN009899
 07/08/2025: 4 hộp rách nặng, 1 hộp móp nặng - LPN009902",
BBSC-0379-0825,06/08/2025,Hoàn tất,VE PHARMA,HÀNG NHẬP KHẨU,Không đạt Cảm quan,S16-0508 INVVEVN25/01/07/25,Team ĐGC2,Như,Thiện,,,SC6100011,PERFECTIL (H/30 VIEN),PFT2502A,31/01/2028,3,HỘP,,,07/08/2025: 3 hộp móp mặt trước - LPN009901,
BBSC-0379-0825,06/08/2025,Hoàn tất,VE PHARMA,HÀNG NHẬP KHẨU,Không đạt Cảm quan,S16-0508 INVVEVN25/01/07/25,Team ĐGC2,Như,Thiện,,,SC6100011,PERFECTIL (H/30 VIEN),PFT2501A,31/01/2028,96,HỘP,,,"07/08/2025: 10 hộp rách, 3 hộp lỗi LOT, 7 hộp có vết ố vàng - LPN009904 76 hộp móp - LPN009906",
BBSC-0380-0825,06/08/2025,Khởi tạo,MAYOLY,HÀNG TRONG NƯỚC,Không đạt Cảm quan,489113,Kho Nhập,Trinh,Phúc,,,MY1100007,FORLAX 4G 20SACH VN,D53301,23/03/2028,1,HỘP,189899,,Móp,
BBSC-0380-0825,06/08/2025,Khởi tạo,MAYOLY,HÀNG TRONG NƯỚC,Không đạt Cảm quan,489113,Kho Nhập,Trinh,Phúc,,,MY1100001,TANAKAN 40MG 30TABS VN,D51989,24/12/2026,9,HỘP,189897,,Móp rách,
BBSC-0380-0825,06/08/2025,Khởi tạo,MAYOLY,HÀNG TRONG NƯỚC,Không đạt Cảm quan,489113,Kho Nhập,Trinh,Phúc,,,MY1100001,TANAKAN 40MG 30TABS VN,D51988,21/12/2026,1,HỘP,189898,,Móp,
BBSC-0380-0825,06/08/2025,Khởi tạo,MAYOLY,HÀNG TRONG NƯỚC,Không đạt Cảm quan,489113,Kho Nhập,Trinh,Phúc,,,MY1100006,SMECTAGO 12STICKS VN,D53451,20/06/2027,13,HỘP,189938,,Móp,
BBSC-0381-0825,07/08/2025,Khởi tạo,MEGA (MAXXCARE),HÀNG TRONG NƯỚC,Không đạt Cảm quan,286,Kho Nhập,Yến,Phúc,,,MG1100042,PANFOR SR-1000 (HOP/5 VI X 20 VIEN),A08892507,28/05/2028,7,HỘP,189995,,"06 hộp móp nặng, 01 hộp móp nhẹ",
BBSC-0381-0825,07/08/2025,Khởi tạo,MEGA (MAXXCARE),HÀNG TRONG NƯỚC,Không đạt Cảm quan,286,Kho Nhập,Yến,Phúc,,,MG1100048,PERGLIM M-2 (HOP/5 VI X 20 VIEN),A08922514,12/05/2027,16,HỘP,189994,,"12 hộp móp rách nặng, 04 hộp móp nhẹ",
BBSC-0382-0825,07/08/2025,Hoàn tất,Dr.Reddy's,HÀNG NHẬP KHẨU,Không đạt Cảm quan,9013505134,Team ĐGC2,Như,Thiện,,,RD1100016,STAMLO-T (HOP/ 28 VIEN),V2501544,31/05/2027,8,HỘP,,,"07/08/2025: 2 hộp lỗi LOT, 6 hộp móp rách - LPN009908
 08/08/2025: 3 hộp móp, 2 hộp lem mực - LPN009913",
BBSC-0382-0825,07/08/2025,Hoàn tất,Dr.Reddy's,HÀNG NHẬP KHẨU,Không đạt Cảm quan,9013505134,Team ĐGC2,Như,Thiện,,,RD1100016,STAMLO-T (HOP/ 28 VIEN),V2501545,31/05/2027,42,HỘP,,,"08/08/2025: 2 hộp lỗi LOT, 1 hộp lỗi bb, 39 hộp móp rách - LPN009915",
BBSC-0383-0825,07/08/2025,Khởi tạo,MAYOLY,HÀNG TRONG NƯỚC,Không đạt Cảm quan,491690,Kho Nhập,Trinh,Phúc,,,MY1100008,FORLAX 10G 20SACH VN,D52640,08/03/2028,2,HỘP,190207,,Móp,
BBSC-0383-0825,07/08/2025,Khởi tạo,MAYOLY,HÀNG TRONG NƯỚC,Không đạt Cảm quan,491690,Kho Nhập,Trinh,Phúc,,,MY1100008,FORLAX 10G 20SACH VN,D52433,04/03/2028,5,HỘP,190215,,"Móp, rách",
BBSC-0383-0825,07/08/2025,Khởi tạo,MAYOLY,HÀNG TRONG NƯỚC,Không đạt Cảm quan,491690,Kho Nhập,Trinh,Phúc,,,MY1100008,FORLAX 10G 20SACH VN,D52638,08/03/2028,1,HỘP,190219,,"Móp, rách",
BBSC-0383-0825,07/08/2025,Khởi tạo,MAYOLY,HÀNG TRONG NƯỚC,Không đạt Cảm quan,491690,Kho Nhập,Trinh,Phúc,,,MY1100008,FORLAX 10G 20SACH VN,D52639,10/03/2028,6,HỘP,190227,,"1 hộp rò rỉ thuốc, 5 hộp móp",
BBSC-0384-0825,08/08/2025,Khởi tạo,HYPHENS,HÀNG NHẬP KHẨU,Vượt Nhiệt độ,SI 25 000453,Phòng QA,Phúc,,,,HY1100008,PIASCLEDINE TAB 15.S,AA518,30/06/2028,0,PALLET,,,"Nhiệt độ Max: 37.9°C, 38.6°C",
BBSC-0385-0825,08/08/2025,Hoàn tất,ALLEVIARE,HÀNG NHẬP KHẨU,Sai khác AW,EXP21/2025-26,Phòng QA,Lữ,,,,AV1300030,ACARWIN-B,E539,23/11/2026,10000,HỘP,,,Thông tin vỏ hộp và tuýp khác nhiều so với bản cục duyệt,
BBSC-0386-0825,08/08/2025,Hoàn tất,ALLEVIARE,HÀNG NHẬP KHẨU,Sai số lượng,EXP21/2025-26,Kho Nhập,Trinh,,,,AV1300026,ALLSILVER 15G (HOP/ 1 TUYP),E524,13/05/2027,5,HỘP,,,Thiếu,
BBSC-0387-0825,08/08/2025,Khởi tạo,MAYOLY,HÀNG TRONG NƯỚC,Không đạt Cảm quan,496013,Kho Nhập,Trinh,,,,MY1100001,TANAKAN 40MG 30TABS VN,D52356,25/12/2026,2,HỘP,190464,,Móp,
BBSC-0387-0825,08/08/2025,Khởi tạo,MAYOLY,HÀNG TRONG NƯỚC,Không đạt Cảm quan,496013,Kho Nhập,Trinh,,,,MY1100001,TANAKAN 40MG 30TABS VN,D52360,27/12/2026,2,HỘP,190463,,Móp,
BBSC-0388-0825,11/08/2025,Khởi tạo,ORIENT,HÀNG NHẬP KHẨU,Không đạt Cảm quan,20250107,Team ĐGC2,Như,Thiện,,,OR5700001,FOSTER,1215224,22/09/2026,7,HỘP,,,7 hộp móp rách (có 1 hộp mất niêm phong) - LPN009928,
BBSC-0391-0825,12/08/2025,Hoàn tất,HETERO,HÀNG NHẬP KHẨU,Không đạt Cảm quan,SI3625300264,Team ĐGC2,Như,Thiện,,,HT1100032,ZOLED (HOP/1 LO),AS1250320A,17/07/2027,3,HỘP,,,"2 hộp móp, 1 hộp rách - LPN009934",
BBSC-0392-0825,12/08/2025,Hoàn tất,Dr.Reddy's,HÀNG NHẬP KHẨU,Không đạt Cảm quan,9013505147,Kho Nhập,Trinh,,,,,TK107411762400,N/A,,10,THÙNG,,,"Móp, dập vỏ thùng ngoài",
BBSC-0393-0825,12/08/2025,Hoàn tất,GETZ,HÀNG NHẬP KHẨU,Không đạt Cảm quan,GETZ/VIET/442/2025,Kho Nhập,Trinh,Lữ,,,GZ1301001,FORTRAGET INHALER 200MCG+6MCG,117M03,15/05/2027,1,HỘP,,,1 hộp móp và rách niêm phong,
BBSC-0393-0825,12/08/2025,Hoàn tất,GETZ,HÀNG NHẬP KHẨU,Không đạt Cảm quan,GETZ/VIET/442/2025,Kho Nhập,Trinh,Lữ,,,GZ1105009,GETZGLIM 2MG TAB 20.S,825T11,15/04/2028,4,HỘP,,,04 hộp thiếu trong thùng lẻ,
BBSC-0395-0825,13/08/2025,Hoàn tất,VE PHARMA,HÀNG NHẬP KHẨU,Không đạt Cảm quan,VEVN25/01/06/27,Kho Nhập,Trinh,,,,,TK107426752860,N/A,,1,PALLET,,,"Móp, rách vỏ thùng ngoài",
BBSC-0396-0825,14/08/2025,Hoàn tất,SANOFI,HÀNG TRONG NƯỚC,Không đạt Cảm quan,801,Kho Nhập,Duyên,Phúc,,,SA1100012,PHOSPHALUGEL 12.38G/20G ORGEL SC26 VN,528181,15/04/2025,1,HỘP,191033,,Rách,
BBSC-0397-0825,14/08/2025,Hoàn tất,MEGA (MAXXCARE),HÀNG TRONG NƯỚC,Không đạt Cảm quan,295,Kho Nhập,Yến,Lữ,,,MG1100044,PANFOR SR-750 (HOP/10 VI X 10 VIEN),A08902507,13/06/2027,3,HỘP,,,3 hộp móp rách nặng,
BBSC-0397-0825,14/08/2025,Hoàn tất,MEGA (MAXXCARE),HÀNG TRONG NƯỚC,Không đạt Cảm quan,295,Kho Nhập,Yến,Lữ,,,MG1100042,PANFOR SR-1000 (HOP/5 VI X 20 VIEN),A08892508,28/05/2028,6,HỘP,,,6 hộp móp rách nặng,
BBSC-0397-0825,14/08/2025,Hoàn tất,MEGA (MAXXCARE),HÀNG TRONG NƯỚC,Không đạt Cảm quan,295,Kho Nhập,Yến,Lữ,,,MG1100047,PERGLIM M-1 (HOP/5 VI X 20 VIEN),A08912506,08/05/2027,2,HỘP,,,2 hộp rách nặng,
BBSC-0397-0825,14/08/2025,Hoàn tất,MEGA (MAXXCARE),HÀNG TRONG NƯỚC,Không đạt Cảm quan,295,Kho Nhập,Yến,Lữ,,,MG1100048,PERGLIM M-2 (HOP/5 VI X 20 VIEN),A08922514,12/05/2027,1,HỘP,,,1 hộp móp rách nặng,
BBSC-0398-0825,14/08/2025,Hoàn tất,HYPHENS,HÀNG NHẬP KHẨU,Sai số lượng,SI-25-000475,Team ĐGC2,Như,,,,HY1100008,PIASCLEDINE TAB 15.S,AA470,30/04/2028,6,HỘP,,,"thiếu 6 hộp trong thùng chẵn, nguyên vẹn",
BBSC-0399-0825,15/08/2025,Hoàn tất,VE PHARMA,HÀNG NHẬP KHẨU,Không đạt Cảm quan,S15-1208 INVVEVN25/01/06/27,Team ĐGC2,Như,Thiện,,Chưa scan,SC6100003,FEROGLOBIN B12 CAPSULES (H/30 VIEN),FW2502TA,31/12/2027,101,HỘP,,,"16/08/2025: 4 hộp lỗi bao bì, 2 hộp rách nặng - LPN009976
 18/08/2025: 7 lỗi bb, 14 hộp móp rách nặng - LPN009986
 19/08/2025: 11 hộp rách nặng, 3 hộp móp nặng, 2 hộp lỗi LOT, 5 hộp lỗi bao bì - LPN009993
 20/08/2025: 3 hộp rách nặng, 2 hộp lỗi bb - LPN009997
 21/08/2025: 2 hộp lỗi lot, 9 hộp lỗi bb, 3 hộp rách nặng, 15 hộp móp nặng - LPN010006
 25/08/2025: 4 hộp lỗi bao bì, 15 hộp móp nặng - LPN010027",
BBSC-0399-0825,15/08/2025,Hoàn tất,VE PHARMA,HÀNG NHẬP KHẨU,Không đạt Cảm quan,S15-1208 INVVEVN25/01/06/27,Team ĐGC2,Như,Thiện,,Chưa scan,SC6100003,FEROGLOBIN B12 CAPSULES (H/30 VIEN),FW2502TA,31/12/2027,58,HỘP,,,"15/08/2025: 4 hộp móp nặng, 1 hộp lỗi LOT, 11 hộp lỗi bao bì - LPN009974 
 22/08/2025: 3 hộp rách nặng, 8 hộp lỗi LOT, 3 hộp lỗi bao bì - LPN010013
 25/08/2025: 9 hộp móp nặng, 6 hộp lỗi bao bì, 8 hộp lỗi LOT, 2 hộp rách nặng - LPN010029
 26/08/2025: 3 hộp rách nặng - LPN010034",
BBSC-0400-0825,15/08/2025,Hoàn tất,SANOFI,CN. ĐÀ NẴNG (Điều chuyển),Không đạt Cảm quan,29711,Kho Nhập,Yến,,,,SA1100008,ENTEROGERMINA 2 BILLION/5ML B/ 20 BOTTLE,4I500,01/11/2026,5,HỘP,,,5 hộp móp,
BBSC-0401-0825,15/08/2025,Hoàn tất,GETZ,HÀNG NHẬP KHẨU,Sai khác AW,GETZ-VIET-513-2025,Phòng QA,Thảo,,,,GZ1105052,GETSITALIP TAB 100MG 14.S,447F66,10/07/2027,3300,HỘP,,,Tờ HDSD có TCCL khác với TCCL trên MA,
BBSC-0402-0825,20/08/2025,Hoàn tất,MEGA (MAXXCARE),HÀNG TRONG NƯỚC,Không đạt Cảm quan,302,Kho Nhập,Yến,Lữ,,,MG1100042,PANFOR SR-1000 (HOP/5 VI X 20 VIEN),A08892508,28/05/2028,3,HỘP,,,3 hộp rách nặng,
BBSC-0402-0825,20/08/2025,Hoàn tất,MEGA (MAXXCARE),HÀNG TRONG NƯỚC,Không đạt Cảm quan,302,Kho Nhập,Yến,Lữ,,,MG1100044,PANFOR SR-750 (HOP/10 VI X 10 VIEN),A08902508,13/06/2027,5,HỘP,,,5 hộp móp rách nặng,
BBSC-0402-0825,20/08/2025,Hoàn tất,MEGA (MAXXCARE),HÀNG TRONG NƯỚC,Không đạt Cảm quan,302,Kho Nhập,Yến,Lữ,,,MG1100048,PERGLIM M-2 (HOP/5 VI X 20 VIEN),A08922515,12/05/2027,6,HỘP,,,6 hộp móp rách nặng,
BBSC-0402-0825,20/08/2025,Hoàn tất,MEGA (MAXXCARE),HÀNG TRONG NƯỚC,Không đạt Cảm quan,302,Kho Nhập,Yến,Lữ,,,MG1100043,PANFOR SR-500 (HOP/5 VI X 20 VIEN),PAF01774,23/01/2027,2,HỘP,,,2 hộp móp rách nặng,
BBSC-0403-0825,21/08/2025,Hoàn tất,ALLEVIARE,HÀNG NHẬP KHẨU,Sai khác AW,GJ0600000940,Phòng QA,Thảo,,,,AV1100020,ARIP TABLET 15MG (H/3 VI X10 VIEN),BBX5M002,19/06/2027,0,HỘP,,,Bao bì có Dạng bào chế và Tiêu chuẩn khác MA,
BBSC-0404-0825,21/08/2025,Hoàn tất,RXILIENT,HÀNG NHẬP KHẨU,Không đạt Cảm quan,RMPI250036,Kho Nhập,Trinh,,,,RX1300001,RXOLVE SOOTHE EYE DROPS 10ml,25G029,30/06/2028,2,PALLET,,,"Móp, dập vỏ thùng ngoài",
BBSC-0405-0825,21/08/2025,Hoàn tất,RXILIENT,HÀNG NHẬP KHẨU,Vượt Nhiệt độ,RMPI250036,Phòng QA,Phúc,,,,RX1300001,RXOLVE SOOTHE EYE DROPS 10ml,25G029,30/06/2028,2,PALLET,,,"1 thiết bị nhiệt độ không ghi nhận nhiệt độ
 Nhiệt độ không đạt: 
 - 31.8°C
 - 33.0°C",
BBSC-0406-0825,21/08/2025,Hoàn tất,ASTRAZENECA,HÀNG TRONG NƯỚC,Không đạt Cảm quan,449,Kho Nhập,Yến,Lữ,,,AZ1100025,PLENDIL PLUS 5/50 MG PROLONGED-RELEASE TABLET BOTTLE 30.S,MAPZ,07/01/2028,1,HỘP,,,1 hộp móp rách nặng,
BBSC-0409-0825,25/08/2025,Hoàn tất,HAPHARCO,HÀNG TRONG NƯỚC,Không đạt Cảm quan,25082025,Team ĐGC2,Như,Thiện,,,MG1100068,ZIMAGLIV 100,OA00052A,12/06/2027,1,HỘP,,,25/08/2025: 01 hộp không LOT,
BBSC-0410-0825,25/08/2025,Hoàn tất,UNITED,HÀNG TRONG NƯỚC,Sai số lượng,N/A,Kho Nhập,Duyên,Phúc,,,UI6100001,FONTACTIV® COMPLETE (VANILLA 400G),3603-165,26/12/2026,1,LON,,,Thiếu 1 hộp,
BBSC-0411-0825,26/08/2025,Hoàn tất,SANOFI,HÀNG TRONG NƯỚC,Không đạt Cảm quan,738 & 735,Kho Nhập,Trinh,Phúc,,,SA1200012,LOVENOX 40MG/0.4ML INJ. B/ 2 SYRINGES VN,JS498A,31/10/2026,2,HỘP,,,Rách nặng (Thùng số 1663),
BBSC-0411-0825,26/08/2025,Hoàn tất,SANOFI,HÀNG TRONG NƯỚC,Không đạt Cảm quan,738 & 735,Kho Nhập,Trinh,Phúc,,,SA1100035,DEPAKINE CHRONO 500MG TUBE OF 30 TABS VN,GAS2107,31/03/2028,2,HỘP,,,"Móp rách nặng (Thùng số 123, 124)",
BBSC-0411-0825,26/08/2025,Hoàn tất,SANOFI,HÀNG TRONG NƯỚC,Không đạt Cảm quan,738 & 735,Kho Nhập,Trinh,Phúc,,,SA1100034,CORDARONE 200MG B/ 2BLS X 15 TABS VN,GA0535,01/01/2027,0,HỘP,,,"Rách phần nắp gài,
 phần dập chìm lot date vị trí số 7",
BBSC-0412-0825,26/08/2025,Hoàn tất,VE PHARMA,HÀNG NHẬP KHẨU,Không đạt Cảm quan,S18-2208 INVVEVN25/01/08/13,Team ĐGC2,Như,Thiện,,,SC6100013,PREGNACARE ORIGINAL (H/30 VIEN),PRW2427A,31/10/2027,3,HỘP,,,"26/08/2025: 02 hộp lỗi LOT, 01 hộp rách nặng",
BBSC-0412-0825,26/08/2025,Hoàn tất,VE PHARMA,HÀNG NHẬP KHẨU,Không đạt Cảm quan,S18-2208 INVVEVN25/01/08/13,Team ĐGC2,Như,Thiện,,,SC6100017,WELLKID MULTI-VITAMIN LIQUID (CHAI/150ML),50219,31/01/2027,1032,HỘP,,,"26/08/2025: 15 hộp rách nặng - LPN010037
 26/08/2025: 32 hộp rách góc nhẹ - LPN010038
 26/08/2025: 404 hộp móp chữ C - LPN010036
 27/08/2025: 42 hộp móp nặng, 1 hộp rách nặng - LPN010054
 27/08/2025: 538 hộp móp chữ C và rách góc nhẹ - 000192317",
BBSC-0413-0825,27/08/2025,Hoàn tất,DANONE,HÀNG NHẬP KHẨU,Sai số lượng,8030560081,Team ĐGC2,Như,,,,DE6100005,THUC PHAM DINH DUONG Y HOC FORTIMEL COMPACT PROTEIN 2.4 KCAL /ML (HUONG VANI),111505247,28/04/2026,6,CHAI,,,Thiếu,
BBSC-0413-0825,27/08/2025,Hoàn tất,DANONE,HÀNG NHẬP KHẨU,Sai số lượng,8030560081,Team ĐGC2,Như,,,,DE6100005,THUC PHAM DINH DUONG Y HOC FORTIMEL COMPACT PROTEIN 2.4 KCAL /ML (HUONG VANI),111505247,28/04/2026,1,CHAI,,,28/08/2025: 01 chai chảy dịch - LPN010061,
BBSC-0413-0825,27/08/2025,Hoàn tất,DANONE,HÀNG NHẬP KHẨU,Sai số lượng,8030560081,Team ĐGC2,Như,,,,DE6100004,THUC PHAM DINH DUONG Y HOC FORTIMEL COMPACT PROTEIN 2.4 KCAL /ML (HUONG DAU),111500106,21/04/2026,10,CHAI,,,27/08/2025: 10 chai chảy dịch - LPN010046,
BBSC-0414-0825,27/08/2025,Khởi tạo,VE PHARMA,HÀNG TRẢ VỀ,Không đạt Cảm quan,N/A,Kho Nhập,Duyên,Phúc,,,SC6100018,"PREGNACARE BREAST-FEEDING (HOP/56 VIEN NEN, 28 VIEN NANG)",PB2507,31/12/2027,1,HỘP,,,Không lot date,
BBSC-0415-0825,27/08/2025,Hoàn tất,VE PHARMA,HÀNG TRẢ VỀ,Không đạt Cảm quan,N/A,Kho Nhập,Duyên,Phúc,,,SC6100018,"PREGNACARE BREAST-FEEDING (HOP/56 VIEN NEN, 28 VIEN NANG)",PB2507,31/12/2027,1,HỘP,,,Móp,
BBSC-0416-0825,28/08/2025,Khởi tạo,MEGA (MAXXCARE),HÀNG TRONG NƯỚC,Không đạt Cảm quan,313,Kho Nhập,Yến,Phúc,,,MG1100036,BAROLE 20 (HOP/10 VI X 10 VIEN),A08872504,31/03/2027,1,HỘP,,,01 hộp móp nặng,
BBSC-0416-0825,28/08/2025,Khởi tạo,MEGA (MAXXCARE),HÀNG TRONG NƯỚC,Không đạt Cảm quan,313,Kho Nhập,Yến,Phúc,,,MG1100041,MEDITROL (HOP/3 VI X 10 VIEN),25E17B2,16/05/2028,2,HỘP,,,02 hộp móp nặng,
BBSC-0416-0825,28/08/2025,Khởi tạo,MEGA (MAXXCARE),HÀNG TRONG NƯỚC,Không đạt Cảm quan,313,Kho Nhập,Yến,Phúc,,,MG1100048,PERGLIM M-2 (HOP/5 VI X 20 VIEN),A08922515,12/05/2027,17,HỘP,,,"05 hộp móp nhẹ
 03 hộp móp rách nặng
 09 hộp móp nặng",
BBSC-0416-0825,28/08/2025,Khởi tạo,MEGA (MAXXCARE),HÀNG TRONG NƯỚC,Không đạt Cảm quan,313,Kho Nhập,Yến,Phúc,,,MG1100042,PANFOR SR-1000 (HOP/5 VI X 20 VIEN),A08892508,08/05/2027,11,HỘP,,,"03 hộp ố vàng
 02 hộp nhòe mực in
 02 hộp móp rách nặng
 04 hộp móp nhẹ",
BBSC-0416-0825,28/08/2025,Khởi tạo,MEGA (MAXXCARE),HÀNG TRONG NƯỚC,Không đạt Cảm quan,313,Kho Nhập,Yến,Phúc,,,MG1100047,PERGLIM M-1 (HOP/5 VI X 20 VIEN),A08912506,08/05/2027,4,HỘP,,,"02 hộp móp rách nặng
 02 hộp móp nhẹ",
BBSC-0416-0825,28/08/2025,Khởi tạo,MEGA (MAXXCARE),HÀNG TRONG NƯỚC,Không đạt Cảm quan,313,Kho Nhập,Yến,Phúc,,,MG1100044,PANFOR SR-750 (HOP/10 VI X 10 VIEN),A08902507,13/06/2027,6,HỘP,,,06 hộp móp nặng,
BBSC-0417-0825,29/08/2025,Khởi tạo,HETERO,HÀNG NHẬP KHẨU,Không đạt Cảm quan,SI9225203788,Kho Nhập,Trinh,,,,HT1100004,PANTIN 40 (HOP/ 30 VIEN),FD253704A,05/06/2027,57,THÙNG,,,"57 thùng ướt, bên trong có 3696 hộp bị ướt",
BBSC-0418-0825,29/08/2025,Khởi tạo,IMEXPHARM,HÀNG TRONG NƯỚC,Không đạt Cảm quan,2,Kho xuất,Khải,Phúc,,,SD1100005,OSPAMOX 500MG TAB 10.S (NQ),040D012,10/06/2029,7,VỈ,,,Lỗi vỉ,
BBSC-0419-0825,30/08/2025,Khởi tạo,HYPHENS,HÀNG NHẬP KHẨU,Sai số lượng,SI-25-000489/90/91/92/93,Kho Nhập,Trinh,,,,HY7300032,AHA REVITALIZING LOTION 10 100ML,VH0213,31/03/2027,1,HỘP,,,Hải Quan lấy mẫu,
BBSC-0419-0825,30/08/2025,Khởi tạo,HYPHENS,HÀNG NHẬP KHẨU,Sai số lượng,SI-25-000489/90/91/92/93,Kho Nhập,Trinh,,,,HY7300013,B5 HYDRATING ESSENCE 30ML,TB0033,31/07/2026,1,HỘP,,,Hải Quan lấy mẫu,
BBSC-0419-0825,30/08/2025,Khởi tạo,HYPHENS,HÀNG NHẬP KHẨU,Sai số lượng,SI-25-000489/90/91/92/93,Kho Nhập,Trinh,,,,HY7300078,CERADAN HYDRA MOISTURISER 80G,250707,31/07/2028,1,HỘP,,,Hải Quan lấy mẫu,
BBSC-0419-0825,30/08/2025,Khởi tạo,HYPHENS,HÀNG NHẬP KHẨU,Sai số lượng,SI-25-000489/90/91/92/93,Kho Nhập,Trinh,,,,HY7300012,ULTRA LIGHT HYDRATOR 50G,TE0138,31/03/2028,1,HỘP,,,Hải Quan lấy mẫu,
BBSC-0419-0825,30/08/2025,Khởi tạo,HYPHENS,HÀNG NHẬP KHẨU,Sai số lượng,SI-25-000489/90/91/92/93,Kho Nhập,Trinh,,,,HY7300004,GLYCOLIC ACID PEEL 20% SAC 10S,VM0273,30/09/2026,1,HỘP,,,Hải Quan lấy mẫu,
BBSC-0419-0825,30/08/2025,Khởi tạo,HYPHENS,HÀNG NHẬP KHẨU,Sai số lượng,SI-25-000489/90/91/92/93,Kho Nhập,Trinh,,,,HY7300015,GLYCOLIC ACID PEEL 35% SAC 10S,TE0102,31/03/2027,1,HỘP,,,Hải Quan lấy mẫu,
BBSC-0419-0825,30/08/2025,Khởi tạo,HYPHENS,HÀNG NHẬP KHẨU,Sai số lượng,SI-25-000489/90/91/92/93,Kho Nhập,Trinh,,,,HY7300009,TDF POST PEEL NEUTRALIZER 1L,VC0079,30/09/2026,1,HỘP,,,Hải Quan lấy mẫu,
BBSC-0419-0825,30/08/2025,Khởi tạo,HYPHENS,HÀNG NHẬP KHẨU,Sai số lượng,SI-25-000489/90/91/92/93,Kho Nhập,Trinh,,,,HY7300021,ACNE - E - RASE 20ML,VM0269,31/10/2026,1,HỘP,,,Hải Quan lấy mẫu,
BBSC-0419-0825,30/08/2025,Khởi tạo,HYPHENS,HÀNG NHẬP KHẨU,Sai số lượng,SI-25-000489/90/91/92/93,Kho Nhập,Trinh,,,,HY7300048,METABIOTIC FACIAL WASH 100ML,TE0101,31/03/2028,1,HỘP,,,Hải Quan lấy mẫu,
BBSC-0419-0825,30/08/2025,Khởi tạo,HYPHENS,HÀNG NHẬP KHẨU,Sai số lượng,SI-25-000489/90/91/92/93,Kho Nhập,Trinh,,,,HY5300003,C SCAPE+ SERUM 30ML,E41101,31/05/2027,1,HỘP,,,Hải Quan lấy mẫu,
BBSC-0419-0825,30/08/2025,Khởi tạo,HYPHENS,HÀNG NHẬP KHẨU,Sai số lượng,SI-25-000489/90/91/92/93,Kho Nhập,Trinh,,,,HY7300055,BLU VOILE SUNSCREEN 50G,F50501,31/05/2028,1,HỘP,,,Hải Quan lấy mẫu,
BBSC-0419-0825,30/08/2025,Khởi tạo,HYPHENS,HÀNG NHẬP KHẨU,Sai số lượng,SI-25-000489/90/91/92/93,Kho Nhập,Trinh,,,,HY7300072,CERADAN ADVANCED EMOLLIENT WASH 280ML,A50710,31/07/2027,1,HỘP,,,Hải Quan lấy mẫu,
BBSC-0420-0825,30/08/2025,Hoàn tất,VE PHARMA,HÀNG NHẬP KHẨU,Không đạt Cảm quan,S14-1208 INVVEVN25/01/06/02,Team ĐGC2,Như,Lữ,,,SC6100003,FEROGLOBIN B12 CAPSULES (H/30 VIEN),FW2503KA,31/12/2027,26,HỘP,,,"30.08.25 : 04 hộp lem trầy mặt chính, 10 hộp móp rách nặng, 01 hộp lỗi bao bì (2 mặt)
 12.09.25 : 02 hộp rách nặng, 08 hộp dính mực mặt sau
 27.09.25 : 01 hộp rách nặng",
BBSC-0421-0925,04/09/2025,Hoàn tất,ASTRAZENECA,HÀNG TRONG NƯỚC,Không đạt Cảm quan,474,Kho Nhập,Yến,Thiện,,,AZ1100011,NOLVADEX 10 MG TABLETS X 3 BLISTERS X 10.S,SF616,17/08/2027,2,HỘP,,,"02 hộp rách phần nắp, mỗi thùng 1 hộp, thùng chẵn, nguyên vẹn.",
BBSC-0421-0925,04/09/2025,Hoàn tất,ASTRAZENECA,HÀNG TRONG NƯỚC,Không đạt Cảm quan,474,Kho Nhập,Yến,Thiện,,,AZ1100007,NOLVADEX-D 20 MG TABLETS 3 BLISTERS X 10.S,SV978,08/10/2029,1,HỘP,,,"01 hộp móp rách trong thùng 119-120, thùng chẵn, nguyên vẹn.",
BBSC-0422-0925,05/09/2025,Khởi tạo,HETERO,HÀNG NHẬP KHẨU,Sai số lượng,SI9225203788,Team ĐGC2,Như,,,,HT1100004,PANTIN 40 (HOP/ 30 VIEN),FD253704A,05/06/2027,1,HỘP,,,01 hộp thiếu,
BBSC-0423-0925,05/09/2025,Hoàn tất,HETERO,HÀNG NHẬP KHẨU,Không đạt Cảm quan,SI3625203030-31-32-40-74,Kho Nhập,Trinh,,,,,TK107487371940,N/A,,20,HỘP,,,"Móp, dập vỏ thùng",
BBSC-0424-0925,05/09/2025,Hoàn tất,VE PHARMA,HÀNG TRẢ VỀ,Không đạt Cảm quan,N/A,Kho Nhập,Duyên,Phúc,,,SC6100025,"PREGNACARE MAX (H/56 VIEN NEN, 28 VIEN NANG)",PM2409,30/11/2026,3,HỘP,,,Móp,
BBSC-0425-0925,05/09/2025,Hoàn tất,MEGA (MAXXCARE),HÀNG TRONG NƯỚC,Không đạt Cảm quan,333,Kho Nhập,Yến,,,,MG1100042,PANFOR SR-1000 (HOP/5 VI X 20 VIEN),A08892509,14/07/2028,13,HỘP,,,13 hộp móp nhẹ,
BBSC-0425-0925,05/09/2025,Hoàn tất,MEGA (MAXXCARE),HÀNG TRONG NƯỚC,Không đạt Cảm quan,333,Kho Nhập,Yến,,,,MG1100042,PANFOR SR-1000 (HOP/5 VI X 20 VIEN),A08892509,14/07/2028,4,HỘP,,,04 hộp móp nặng,
BBSC-0425-0925,05/09/2025,Hoàn tất,MEGA (MAXXCARE),HÀNG TRONG NƯỚC,Không đạt Cảm quan,333,Kho Nhập,Yến,,,,MG1100036,BAROLE 20 (HOP/10 VI X 10 VIEN),A08872504,31/03/2027,2,HỘP,,,02 hộp móp nhẹ,
BBSC-0425-0925,05/09/2025,Hoàn tất,MEGA (MAXXCARE),HÀNG TRONG NƯỚC,Không đạt Cảm quan,333,Kho Nhập,Yến,,,,MG1100036,BAROLE 20 (HOP/10 VI X 10 VIEN),A08872504,31/03/2027,2,HỘP,,,02 hộp móp nặng,
BBSC-0425-0925,05/09/2025,Hoàn tất,MEGA (MAXXCARE),HÀNG TRONG NƯỚC,Không đạt Cảm quan,333,Kho Nhập,Yến,,,,MG1100048,PERGLIM M-2 (HOP/5 VI X 20 VIEN),A08922515,12/05/2027,18,HỘP,,,18 hộp móp nhẹ,
BBSC-0425-0925,05/09/2025,Hoàn tất,MEGA (MAXXCARE),HÀNG TRONG NƯỚC,Không đạt Cảm quan,333,Kho Nhập,Yến,,,,MG1100048,PERGLIM M-2 (HOP/5 VI X 20 VIEN),A08922515,12/05/2027,10,HỘP,,,10 hộp móp nặng,
BBSC-0426-0925,06/09/2025,Hoàn tất,VE PHARMA,HÀNG NHẬP KHẨU,Không đạt Cảm quan,VEVN25/01/08/26,Kho Nhập,Trinh,,,,,TK107497385810,N/A,,4,HỘP,,,"Móp, rách vỏ thùng",
BBSC-0427-0925,08/09/2025,Hoàn tất,HYPHENS,HÀNG NHẬP KHẨU,Không đạt Cảm quan,SI-25-000495,Team ĐGC2,Như,Lữ,,,HY1300022,CETRAXAL (H/15 ONG),X608,14/04/2027,2,HỘP,,,02 hộp rách,
BBSC-0428-0925,08/09/2025,Hoàn tất,VE PHARMA,HÀNG NHẬP KHẨU,Không đạt Cảm quan,S19-0509 INVVEVN25/01/08/26,Team ĐGC2,Như,Lữ,,,SC6100002,FEROGLOBIN B12 LIQUID 200ML,50802,31/05/2027,25,HỘP,,,"08.09.25 : 03 hộp móp rách nặng, 01 hộp thiếu chai
 09.09.25 : 06 hộp móp rách nặng
 11.09.25 : 13 hộp móp rách nặng, 02 hộp thiếu chai",
BBSC-0428-0925,08/09/2025,Hoàn tất,VE PHARMA,HÀNG NHẬP KHẨU,Không đạt Cảm quan,S19-0509 INVVEVN25/01/08/26,Team ĐGC2,Như,Lữ,,,SC6100018,"PREGNACARE BREAST-FEEDING (HOP/56 VIEN NEN, 28 VIEN NANG)",PB2517CP,29/02/2028,30,HỘP,,,"08.09.25 : 06 hộp móp rách nặng, 01 hộp lỗi bao bì nhiều mặt
 18.09.25 : 18 hộp móp rách nặng
 19.09.25 : 04 hộp móp nặng, 01 hộp không lot date",
BBSC-0429-0925,09/09/2025,Khởi tạo,ROHTO,HÀNG TRẢ VỀ,Không đạt Cảm quan,N/A,Kho Nhập,Duyên,,,,RH1300347,THUOC NHO MAT (V.ROHTO COOL) 12 ML (MAU MOI 2024),FB02,15/06/2028,2,HỘP,,,Móp,
BBSC-0430-0925,09/09/2025,Hoàn tất,MEGA (MAXXCARE),HÀNG TRONG NƯỚC,Không đạt Cảm quan,338,Kho Nhập,Yến,,,,MG1100036,BAROLE 20 (HOP/10 VI X 10 VIEN),A08872504,31/03/2027,3,HỘP,,,Móp nặng,
BBSC-0430-0925,09/09/2025,Hoàn tất,MEGA (MAXXCARE),HÀNG TRONG NƯỚC,Không đạt Cảm quan,338,Kho Nhập,Yến,,,,MG1100036,BAROLE 20 (HOP/10 VI X 10 VIEN),A08872504,31/03/2027,5,HỘP,,,Móp nhẹ,
BBSC-0431-0925,11/09/2025,Hoàn tất,ASCENCIA,CN. HƯNG YÊN (Điều chuyển),Không đạt Cảm quan,104073,Kho Nhập,Yến,,,,BE90001894,90001894 CONTOUR TS BLOOD GLUCOSE TEST STRIPS 50'S(QUE THU DUNG CHO MAY DO DUONG HUYET),DP4FM3F0,30/06/2026,1,HỘP,,,01 Hộp móp,
BBSC-0432-0925,11/09/2025,Hoàn tất,ASTRAZENECA,HÀNG TRONG NƯỚC,Không đạt Cảm quan,495,Kho Nhập,Yến,,,,AZ1100007,NOLVADEX-D 20 MG TABLETS 3 BLISTERS X 10.S,SV978,08/10/2029,1,HỘP,,,Móp cấn,
BBSC-0432-0925,11/09/2025,Hoàn tất,ASTRAZENECA,HÀNG TRONG NƯỚC,Không đạt Cảm quan,495,Kho Nhập,Yến,,,,AZ1100007,NOLVADEX-D 20 MG TABLETS 3 BLISTERS X 10.S,ST916,04/12/2029,4,HỘP,,,Móp cấn,
BBSC-0433-0925,11/09/2025,Hoàn tất,HETERO,HÀNG NHẬP KHẨU,Không đạt Cảm quan,SI9225203339-40-41,Kho Nhập,Trinh,,,,,TK107514035640,N/A,,30,THÙNG,,,"Móp, dập vỏ thùng",
BBSC-0434-0925,12/09/2025,Hoàn tất,GETZ,HÀNG NHẬP KHẨU,Sai khác AW,GETZ-VIET-517-2025,Phòng QA,Thảo,,,,GZ1105013,LIPIGET TABLETS 20MG,392F11,30/05/2028,1073,HỘP,,,"Số Đăng ký cũ đã hết hiệu lực, kể từ ngày 12/08/2025 bao bì phải thể hiện số ĐK mới",
BBSC-0436-0925,15/09/2025,Hoàn tất,GETZ,HÀNG NHẬP KHẨU,Không đạt Cảm quan,GETZ-VIET-517-2025,Kho Nhập,Trinh,,,,GZ1105013,LIPIGET TABLETS 20MG,392F11,30/05/2028,2,HỘP,,,Móp rách nặng,
BBSC-0436-0925,15/09/2025,Hoàn tất,GETZ,HÀNG NHẬP KHẨU,Không đạt Cảm quan,GETZ-VIET-517-2025,Kho Nhập,Trinh,,,,GZ1105017,RICHSTATIN 10MG TAB 10.S,416F18,07/05/2028,1,HỘP,,,Rách,
BBSC-0436-0925,15/09/2025,Hoàn tất,GETZ,HÀNG NHẬP KHẨU,Không đạt Cảm quan,GETZ-VIET-517-2025,Kho Nhập,Trinh,,,,GZ1100002,RIVELOGET TABLETS 15MG,077FA4,14/06/2027,1,HỘP,,,Rách,
BBSC-0438-0925,16/09/2025,Khởi tạo,DKSH,CN. ĐÀ NẴNG (Điều chuyển),Không đạt Cảm quan,N/A,Kho Nhập,Yến,,,,MG320566,320566 KIM BUT BD ULTRA-FINE ™ PRO PEN NEEDLES 32G 4MM PRO 1,4226050,31/07/2029,6,HỘP,,,Móp rách nặng,
BBSC-0439-0925,16/09/2025,Hoàn tất,ASTRAZENECA,HÀNG TRONG NƯỚC,Không đạt Cảm quan,504,Kho Nhập,Yến,Thiện,,,AZ1312001,PULMICORT RESPULES 500MCG/2ML 20.S,331059,17/01/2027,1,HỘP,,,Móp,
BBSC-0440-0925,16/09/2025,Hoàn tất,Dr.Reddy's,HÀNG NHẬP KHẨU,Không đạt Cảm quan,9013509247,Kho Nhập,Trinh,,,,,TK107523412840,N/A,,1,THÙNG,,,"Móp, dập vỏ thùng ngoài",
BBSC-0441-0925,16/09/2025,Hoàn tất,TORRENT,HÀNG NHẬP KHẨU,Không đạt Cảm quan,9116019018-202111,Kho Nhập,Trinh,,,,,TK107516986250,N/A,,2,THÙNG,,,"Móp, dập vỏ thùng ngoài",
BBSC-0442-0925,17/09/2025,Hoàn tất,Dr.Reddy's,HÀNG NHẬP KHẨU,Không đạt Cảm quan,9013509247,Team ĐGC2,Như,Lữ,,chưa scan  trả về - 06/01/25 - 03 hộp - c Viên xác nhận hủy,RD1100017,STAMLO-T 80/5MG (HOP/28 VIEN),V2501698,31/07/2027,50,HỘP,,,50 hộp móp rách,
BBSC-0444-0925,18/09/2025,Hoàn tất,MEGA (MAXXCARE),HÀNG TRONG NƯỚC,Không đạt Cảm quan,348,Kho Nhập,Trinh,,,,MG1100043,PANFOR SR-500 (HOP/5 VI X 20 VIEN),PAF01771,22/01/2027,4,HỘP,,,Móp nặng: 4 hộp,
BBSC-0444-0925,18/09/2025,Hoàn tất,MEGA (MAXXCARE),HÀNG TRONG NƯỚC,Không đạt Cảm quan,348,Kho Nhập,Trinh,,,,MG1100042,PANFOR SR-1000 (HOP/5 VI X 20 VIEN),A08892509,14/07/2028,14,HỘP,,,"Móp nhẹ: 7 hộp - 000195432
 Móp nặng: 7 hộp - 000195433",
BBSC-0444-0925,18/09/2025,Hoàn tất,MEGA (MAXXCARE),HÀNG TRONG NƯỚC,Không đạt Cảm quan,348,Kho Nhập,Trinh,,,,MG1100042,PANFOR SR-1000 (HOP/5 VI X 20 VIEN),A08892510,14/07/2028,11,HỘP,,,"Móp nhẹ: 7 hộp - 000195434
 Móp nặng: 4 hộp - 000195435",
BBSC-0446-0925,19/09/2025,Khởi tạo,HYPHENS,HÀNG NHẬP KHẨU,Không đạt Cảm quan,SI-25-000486-487,Kho Nhập,Trinh,,,,,TK107528690140,N/A,,3,THÙNG,,,Móp rách vỏ thùng ngoài,
BBSC-0447-0925,22/09/2025,Hoàn tất,TORRENT,HÀNG NHẬP KHẨU,Không đạt Cảm quan,9116019018-202111,Team ĐGC2,Như,Thiện,,,TR1100021,LAMOTOR-100 (HOP/ 50 VIEN),C662M005,04/03/2028,1,HỘP,,,"1 hộp móp, ố vàng - LPN010200",
BBSC-0448-0925,22/09/2025,Khởi tạo,TORRENT,HÀNG NHẬP KHẨU,Sai số lượng,9116019018-202111,Team ĐGC2,Như,,,,TR1100018,LACOSAM 50 (HOP/ 30 VIEN),CSK4M001,22/03/2028,1,HỘP,,,01 hộp thừa,
BBSC-0449-0925,23/09/2025,Hoàn tất,HOE,HÀNG NHẬP KHẨU,Không đạt Cảm quan,21883,Team ĐGC2,Như,Lữ,,,HO7300002,T3 ACNE BODY WASH 200ML,4K02HP,01/10/2027,4,CHAI,,,"23.09.25 : 02 chai chảy, 01 chai nứt nắp
 30.09.25 : 01 chai nứt nắp",
BBSC-0450-0925,23/09/2025,Hoàn tất,MEGA (MAXXCARE),HÀNG TRONG NƯỚC,Không đạt Cảm quan,351,Kho Nhập,Trinh,,,,MG1100048,PERGLIM M-2 (HOP/5 VI X 20 VIEN),A08922522,06/08/2027,69,HỘP,,,"32 hộp móp rách nặng
 37 hộp móp rách nhẹ",
BBSC-0450-0925,23/09/2025,Hoàn tất,MEGA (MAXXCARE),HÀNG TRONG NƯỚC,Không đạt Cảm quan,351,Kho Nhập,Trinh,,,,MG1100048,PERGLIM M-2 (HOP/5 VI X 20 VIEN),A08922523,07/08/2027,44,HỘP,,,"22 hộp móp rách nặng nặng
 22 hộp móp nhẹ",
BBSC-0451-0925,23/09/2025,Hoàn tất,ASTRAZENECA,HÀNG TRONG NƯỚC,Không đạt Cảm quan,522,Kho Nhập,Trinh,Thiện,,,AZ1100025,PLENDIL PLUS 5/50 MG PROLONGED-RELEASE TABLET BOTTLE 30.S,MAPZ,07/01/2028,4,HỘP,,,"04 hộp móp nặng trong 4 thùng chẵn, nguyên vẹn",
BBSC-0452-0925,23/09/2025,Hoàn tất,SANOFI,HÀNG TRONG NƯỚC,Không đạt Cảm quan,793,Kho Nhập,Trinh,,,,SA1100035,DEPAKINE CHRONO 500MG TUBE OF 30 TABS VN,GAS2107,31/03/2028,1,HỘP,196126,,Móp rách nặng,
BBSC-0454-0925,25/09/2025,Khởi tạo,VE PHARMA,HÀNG NHẬP KHẨU,Không đạt Cảm quan,VEVN25/01/09/17,Kho Nhập,Trinh,,,,,TK107557406240,N/A,,2,PALLET,,,"Móp,dập vỏ thùng",
BBSC-0455-0925,26/09/2025,Hoàn tất,MEGA (MAXXCARE),HÀNG TRONG NƯỚC,Không đạt Cảm quan,365,Kho Nhập,Yến,,,,MG1100042,PANFOR SR-1000 (HOP/5 VI X 20 VIEN),A08892510,14/07/2028,37,HỘP,"000196472 ,
 LPN010232 ,",,"22 hộp móp nặng
 15 hộp móp nhẹ",
BBSC-0455-0925,26/09/2025,Hoàn tất,MEGA (MAXXCARE),HÀNG TRONG NƯỚC,Không đạt Cảm quan,365,Kho Nhập,Yến,,,,MG1100047,PERGLIM M-1 (HOP/5 VI X 20 VIEN),A08912509,17/08/2027,162,HỘP,"000196481 ,
 LPN010233 ,
 LPN010234 ,",,"80 hộp móp nặng
 10 hộp rách
 72 hộp móp nhẹ",
BBSC-0455-0925,26/09/2025,Hoàn tất,MEGA (MAXXCARE),HÀNG TRONG NƯỚC,Không đạt Cảm quan,365,Kho Nhập,Yến,,,,MG1100043,PANFOR SR-500 (HOP/5 VI X 20 VIEN),PAF01765,26/11/2026,17,HỘP,196473,,17 hộp móp nặng,
BBSC-0456-0925,26/09/2025,Hoàn tất,VE PHARMA,HÀNG NHẬP KHẨU,Không đạt Cảm quan,S22-2509 INV_VEVN25/01/09/17,Team ĐGC2,Như,Thiện,,,SC6100002,FEROGLOBIN B12 LIQUID 200ML,51043,31/07/2027,74,HỘP,,,"26/09/2025: 04 hộp móp nặng, 01 hộp rách nặng - LPN010230
 26/09/2025: 14 hộp móp nặng, 33 hộp rách nặng - LPN010237 
 27/09/2025: 18 hộp móp rách nặng, 04 hộp móp nhẹ",
BBSC-0457-0925,26/09/2025,Khởi tạo,SANOFI,HÀNG TRẢ VỀ,Không đạt Cảm quan,N/A,Kho Nhập,Duyên,,,,SA1207001,NO-SPA 40MG/2ML INJ AM25 VN,HC636A,30/09/2027,1,HỘP,196627,,"Lúc đồng kiểm phát hiện 1 lọ bị bể, thấm ướt vỏ hộp",
BBSC-0458-0925,30/09/2025,Hoàn tất,MEGA (MAXXCARE),HÀNG TRONG NƯỚC,Không đạt Cảm quan,367,Kho Nhập,Yến,,,,MG1100048,PERGLIM M-2 (HOP/5 VI X 20 VIEN),A08922516,25/06/2027,50,HỘP,,,50 hộp móp rách nặng - 000196769,
BBSC-0460-1025,01/10/2025,Khởi tạo,VE PHARMA,HÀNG NHẬP KHẨU,Không đạt Cảm quan,VEVN25/01/07/29,Kho Nhập,Trinh,,,,,TK107569994600,N/A,,1,PALLET,,,"Móp, rách vỏ thùng",
BBSC-0461-1025,01/10/2025,Khởi tạo,VE PHARMA,HÀNG NHẬP KHẨU,Không đạt Cảm quan,S14-1208 INVVEVN25/01/06/02,Team ĐGC2,Như,Phúc,,,SC6100003,FEROGLOBIN B12 CAPSULES (H/30 VIEN),FW2503KA,31/12/2027,7,HỘP,,,"01/10/2025: 
 - 01 Không lot date
 - 05 móp rách nặng
 02/10/2025: 
 - 1 hộp rách nặng",
BBSC-0462-1025,02/10/2025,Khởi tạo,WW,HÀNG NHẬP KHẨU,Không đạt Cảm quan,91755088,Kho Nhập,Trinh,,,,,TK107573675530,N/A,,3,PALLET,,,"Móp, rách vỏ thùng",
BBSC-0463-1025,02/10/2025,Khởi tạo,VE PHARMA,HÀNG NHẬP KHẨU,Không đạt Cảm quan,S17-0110 INVVEVN25/01/07/29,Team ĐGC2,Như,Phúc,,,SC6100025,"PREGNACARE MAX (H/56 VIEN NEN, 28 VIEN NANG)",PM2510CP,31/10/2027,36,HỘP,,,"02/10/2025:
 - 02 hộp lỗi LOT, 
 - 01 hộp móp nặng, 
 - 22 hộp rách nặng 
 03/10/2025:
 - 05 hộp lỗi in lot date
 - 05 hộp rách
 - 01 hộp lỗi bao bì",
BBSC-0463-1025,02/10/2025,Khởi tạo,VE PHARMA,HÀNG NHẬP KHẨU,Không đạt Cảm quan,S17-0110 INVVEVN25/01/07/29,Team ĐGC2,Như,Phúc,,,SC6100003,FEROGLOBIN B12 LIQUID 200ML,50590,30/04/2027,3,HỘP,,,"08/10/2025:
 - 01 hộp rách nặng
 15/10/2025:
 - 02 hộp rách nặng",
BBSC-0463-1025,02/10/2025,Khởi tạo,VE PHARMA,HÀNG NHẬP KHẨU,Không đạt Cảm quan,S17-0110 INVVEVN25/01/07/29,Team ĐGC2,Như,Phúc,,,SC6100001,OSTEOCARE LIQUID 200ML,50690,30/04/2027,4,HỘP,,,"09/10/2025:
 - 01 hộp rách móp nặng
 13/10/2025:
 - 04 hộp rách",
BBSC-0463-1025,02/10/2025,Khởi tạo,VE PHARMA,HÀNG NHẬP KHẨU,Không đạt Cảm quan,S17-0110 INVVEVN25/01/07/29,Team ĐGC2,Như,Phúc,,,SC6100019,WELLBABY MULTI-VITAMIN LIQUID (CHAI 150ML),50693,30/04/2027,6,HỘP,,,"09/10/2025:
 - 06 hộp rách nặng",
BBSC-0463-1025,02/10/2025,Khởi tạo,VE PHARMA,HÀNG NHẬP KHẨU,Không đạt Cảm quan,S17-0110 INVVEVN25/01/07/29,Team ĐGC2,Như,Phúc,,,SC6100019,WELLBABY MULTI-VITAMIN LIQUID (CHAI 150ML),50726,31/05/2027,559,HỘP,,,"15/10/2025:
 - 313 hộp Móp C
 - 02 hộp rách nặng
 16/10/2025:
 - 240 hộp móp C
 - 4 hộp móp nặng",
BBSC-0463-1025,02/10/2025,Khởi tạo,VE PHARMA,HÀNG NHẬP KHẨU,Không đạt Cảm quan,S17-0110 INVVEVN25/01/07/29,Team ĐGC2,Như,Phúc,,,SC6100003,FEROGLOBIN B12 CAPSULES (H/30 VIEN),FW2511PA,29/02/2028,29,HỘP,,,"18/10/2025:
 - 15 hộp móp, rách nặng
 - 05 hộp lỗi bao bì
 - 03 hộp lỗi lot date
 23/10/2025: 
 - 01 hộp móp rách nặng
 24/10/2025:
 - 1 hộp lỗi bao bì
 - 1 hộp lỗi lot date
 - 3 hộp rách nặng",
BBSC-0464-1025,02/10/2025,Khởi tạo,HETERO,HÀNG NHẬP KHẨU,Không đạt Cảm quan,SI3625300366/67,Kho Nhập,Trinh,,,,HT1200001,VANCONEX (VANCOMYCIN HYDROCHLORIDE FOR INJECTION USP 500MG/V,AS1250399A,20/08/2027,11,THÙNG,,,"11 thùng ướt, hộp bình thường",
BBSC-0465-1025,02/10/2025,Khởi tạo,HETERO,HÀNG NHẬP KHẨU,Không đạt Cảm quan,SI3625204768/69/70,Kho Nhập,Trinh,,,,HT1100001,TENOF EM (HOP/30VIEN),E253134A,08/07/2027,6,THÙNG,,,"Móp, rách vỏ thùng",
BBSC-0466-1025,02/10/2025,Hoàn tất,MEGA (MAXXCARE),HÀNG TRONG NƯỚC,Không đạt Cảm quan,371,Kho Nhập,Yến,Lữ,,,MG1100044,PANFOR SR-750 (HOP/10 VI X 10 VIEN),A08902510,02/07/2027,1,HỘP,,,01 hộp móp rách nặng,
BBSC-0467-1025,03/10/2025,Khởi tạo,,CN. ĐÀ NẴNG (Điều chuyển),Không đạt Cảm quan,N/A,Kho Nhập,Yến,,,,,HÀNG ĐIỀU CHUYỂN CHI NHÁNH,N/A,,4,THÙNG,,,Ướt,
BBSC-0468-1025,03/10/2025,Khởi tạo,WW,HÀNG NHẬP KHẨU,Không đạt Cảm quan,91755088,Team ĐGC2,Như,Phúc,,,WO1100004,SILYGAMMA 150MG 100.S,463094,30/04/2028,2,HỘP,,,"03/10/2025:
 - 02 hộp móp rách",
BBSC-0468-1025,03/10/2025,Khởi tạo,WW,HÀNG NHẬP KHẨU,Không đạt Cảm quan,91755088,Team ĐGC2,Như,Phúc,,,WO1100004,SILYGAMMA 150MG 100.S,463096,31/05/2028,5,HỘP,,,"06/10/2025:
 - 05 hộp móp rách",
BBSC-0468-1025,03/10/2025,Khởi tạo,WW,HÀNG NHẬP KHẨU,Không đạt Cảm quan,91755088,Team ĐGC2,Như,Phúc,,,WO1100004,SILYGAMMA 150MG 100.S,463097,31/05/2028,1,HỘP,,,"06/10/2025:
 - 01 hộp rách nặng",
BBSC-0469-1025,03/10/2025,Hoàn tất,Dr.Reddy's,HÀNG NHẬP KHẨU,Vượt Nhiệt độ,9013511399,Phòng QA,Lữ,,,,RD1200020,IMATINIB DRLA (HOP/30VIEN),H2500707,30/06/2027,2190,HỘP,,,max 32.1 độ C,
BBSC-0471-1025,06/10/2025,Hoàn tất,IMEXPHARM,HÀNG TRONG NƯỚC,Không đạt Cảm quan,2,Kho xuất,Khải,Thiện,,,SD1100005,OSPAMOX 500MG TAB 10.S (NQ),040D014,12/06/2029,1,VỈ,,,06/10/2025: kho lẻ phát hiện 1 vỉ rách trong quá trình soạn hàng - LPN010272,
BBSC-0472-1025,06/10/2025,Khởi tạo,HETERO,HÀNG NHẬP KHẨU,Không đạt Cảm quan,SI3625300366/67,Team ĐGC2,Như,Phúc,,,HT1200001,VANCONEX (VANCOMYCIN HYDROCHLORIDE FOR INJECTION USP 500MG/V,AS1250399A,20/08/2027,7,HỘP,,,"06/10/2025:
 - 06 hộp móp nặng
 10/10/2025: 
 - 01 hộp lỗi in ngược lot date",
BBSC-0473-1025,07/10/2025,Khởi tạo,HETERO,HÀNG NHẬP KHẨU,Không đạt Cảm quan,SI3625204768/69/70,Team ĐGC2,Như,Phúc,,,HT1100001,TENOF EM (HOP/30VIEN),E253134A,08/07/2027,9,HỘP,,,"07/10/2025:
 - 01 hộp rách nặng
 09/10/2025:
 - 1 hộp lỗi bao bì
 - 7 hộp móp nặng",
BBSC-0474-1025,07/10/2025,Hoàn tất,HYPHENS,HÀNG NHẬP KHẨU,Vượt Nhiệt độ,SI-25-000589,Phòng QA,Lữ,,,,HY4200001,"CUROSURF 120MG/1,5ML (H/1LO X 1,5ML)",1221868,12/01/2027,900,HỘP,,,"min -0.7, max 13.4",
BBSC-0475-1025,08/10/2025,Hoàn tất,SANOFI,HÀNG TRONG NƯỚC,Không đạt Cảm quan,833,Kho Nhập,Trinh,Thiện,,,SA1100042,XATRAL XL 10MG B/ 1BLS X 30TABS 3Y S3 VN,LT0431,31/03/2028,1,HỘP,,,"01 hộp dính bẩn trong thùng số 332, thùng chẵn, nguyên vẹn.",
BBSC-0475-1025,08/10/2025,Hoàn tất,SANOFI,HÀNG TRONG NƯỚC,Không đạt Cảm quan,833,Kho Nhập,Trinh,Thiện,,,SA1100035,DEPAKINE CHRONO 500MG TUBE OF 30 TABS VN,GAS1287,29/02/2028,1,HỘP,,,"01 hộp mất niêm phong trong thùng số 0695, thùng chẵn, nguyên vẹn.",
BBSC-0477-1025,08/10/2025,Khởi tạo,ORIENT,HÀNG NHẬP KHẨU,Không đạt Cảm quan,20250930,Kho Nhập,Trinh,Thiện,,,OR1100001,PITATOR TABLETS 2MG (HOP/ 2VI X 14VIEN),P121015,31/08/2028,2,HỘP,,,2 hộp móp tại vị trí mặt thùng bị rách của thùng chẵn,
BBSC-0479-1025,09/10/2025,Hoàn tất,MEGA (MAXXCARE),HÀNG TRONG NƯỚC,Không đạt Cảm quan,375,Kho Nhập,Yến,Lữ,,,MG1100048,PERGLIM M-2 (HOP/5 VI X 20 VIEN),A08922516,25/06/2027,4,HỘP,,,04 hộp móp rách nặng,
BBSC-0479-1025,09/10/2025,Hoàn tất,MEGA (MAXXCARE),HÀNG TRONG NƯỚC,Không đạt Cảm quan,375,Kho Nhập,Yến,Lữ,,,MG1100047,PERGLIM M-1 (HOP/5 VI X 20 VIEN),A08912507,25/06/2027,1,HỘP,,,01 hộp móp nặng,
BBSC-0479-1025,09/10/2025,Hoàn tất,MEGA (MAXXCARE),HÀNG TRONG NƯỚC,Không đạt Cảm quan,375,Kho Nhập,Yến,Lữ,,,MG1100036,BAROLE 20 (HOP/10 VI X 10 VIEN),A08872505,23/06/2027,1,HỘP,,,01 hộp móp nặng,
BBSC-0480-1025,10/10/2025,Hoàn tất,MAYOLY,HÀNG TRONG NƯỚC,Không đạt Cảm quan,632173,Kho Nhập,Trinh,Thiện,,,MY1100008,FORLAX 10G 20SACH VN,D52730,12/03/2028,1,HỘP,198600,,"01 hộp móp nặng trong thùng số 0218, thùng chẵn, nguyên vẹn",
BBSC-0482-1025,10/10/2025,Khởi tạo,MAYOLY,HÀNG TRONG NƯỚC,Không đạt Cảm quan,632173,Kho Nhập,Trinh,,,,MY1100001,TANAKAN 40MG 30TABS VN,D71679,30/04/2027,37,HỘP,198829,,"37 hộp móp trong thùng số 0157, thùng chẵn, nguyên vẹn",
BBSC-0482-1025,10/10/2025,Khởi tạo,MAYOLY,HÀNG TRONG NƯỚC,Không đạt Cảm quan,632173,Kho Nhập,Trinh,,,,MY1100002,FORTRANS 4SACH VN,D52891,11/03/2028,1,HỘP,198833,,"01 hộp móp trong thùng số 0007, thùng chẵn, nguyên vẹn",
BBSC-0482-1025,10/10/2025,Khởi tạo,MAYOLY,HÀNG TRONG NƯỚC,Không đạt Cảm quan,632173,Kho Nhập,Trinh,,,,MY1100002,FORTRANS 4SACH VN,D52890,10/03/2028,1,HỘP,198834,,"01 hộp móp trong thùng số 0052, thùng chẵn, nguyên vẹn",
BBSC-0482-1025,10/10/2025,Khởi tạo,MAYOLY,HÀNG TRONG NƯỚC,Không đạt Cảm quan,632173,Kho Nhập,Trinh,,,,MY1100002,FORTRANS 4SACH VN,D52922,11/03/2028,1,HỘP,198912,,"01 hộp móp trong thùng số 0187, thùng chẵn, nguyên vẹn",
BBSC-0483-1025,10/10/2025,Khởi tạo,HETERO,HÀNG NHẬP KHẨU,Không đạt Cảm quan,SI9225204752,Kho Nhập,Trinh,,,,,TK107598385640,N/A,,1,THÙNG,,,"Móp, rách vỏ thùng ngoài",
BBSC-0485-1025,13/10/2025,Khởi tạo,HYPHENS,HÀNG NHẬP KHẨU,Sai số lượng,SI-25-000572/73/74/75/76/77/78,Kho Nhập,Trinh,,,,HY7300009,TDF POST PEEL NEUTRALIZER 1L,TF0139,31/03/2028,20,CHAI,,,Thiếu 20 chai,
BBSC-0486-1025,13/10/2025,Khởi tạo,VE PHARMA,HÀNG NHẬP KHẨU,Không đạt Cảm quan,S15-1208 INVVEVN25/01/06/27,Team ĐGC2,Như,Phúc,,,SC6100003,FEROGLOBIN B12 CAPSULES (H/30 VIEN),FW2506PA,29/02/2028,47,HỘP,,,"13/10/2025:
 - 02 hộp lỗi in bao bì
 - 13 hộp rách góc
 - 03 hộp móp rách nặng
 17/10/2025:
 - 24 hộp rách góc nặng
 - 03 hộp lỗi bao bì
 - 01 hộp móp nặng
 20/10/2025:
 - 01 rách góc nặng",
BBSC-0488-1025,15/10/2025,Hoàn tất,SANOFI,HÀNG TRONG NƯỚC,Không đạt Cảm quan,851,Kho Nhập,Trinh,Thiện,,Chưa scan,SA1200012,LOVENOX 40MG/0.4ML INJ. B/ 2 SYRINGES VN,JS498C,31/10/2026,1,HỘP,,,"01 mất niêm phong 2 đầu trong thùng số 00630, thùng chẵn, nguyên vẹn.",
BBSC-0489-1025,16/10/2025,Khởi tạo,HETERO,HÀNG NHẬP KHẨU,Không đạt Cảm quan,SI9225204752,Team ĐGC2,Như,Phúc,,,HT1100016,LOSAGEN 50 (HOP/ 30 VIEN),FD254773C,25/07/2027,103,HỘP,,,Móp nặng,
BBSC-0491-1025,16/10/2025,Khởi tạo,HETERO,HÀNG NHẬP KHẨU,Sai số lượng,SI9225204752,Team ĐGC2,Như,Phúc,,,HT1100016,LOSAGEN 50 (HOP/ 30 VIEN),FD254773C,25/07/2027,4,HỘP,,,Thiếu,
BBSC-0492-1025,20/10/2025,Khởi tạo,VE PHARMA,HÀNG NHẬP KHẨU,Không đạt Cảm quan,VEVN25/01/10/09,Kho Nhập,Trinh,,,,,TK107618060320,N/A,,3,PALLET,,,"Móp, dập vỏ thùng ngoài",
BBSC-0493-1025,20/10/2025,Hoàn tất,MEGA (MAXXCARE),HÀNG TRONG NƯỚC,Không đạt Cảm quan,389,Kho Nhập,Yến,Thiện,,,MG1100048,PERGLIM M-2 (HOP/5 VI X 20 VIEN),A08922517,25/06/2027,4,HỘP,199758,,04 hộp móp nặng,
BBSC-0493-1025,20/10/2025,Hoàn tất,MEGA (MAXXCARE),HÀNG TRONG NƯỚC,Không đạt Cảm quan,389,Kho Nhập,Yến,Thiện,,,MG1100047,PERGLIM M-1 (HOP/5 VI X 20 VIEN),A08912508,25/06/2027,16,HỘP,199757,,"14 hộp móp nặng, 2 hộp rách",
BBSC-0494-1025,20/10/2025,Hoàn tất,GETZ,HÀNG NHẬP KHẨU,Không đạt Cảm quan,GETZ/VIET/589/2025,Kho Nhập,Trinh,Thiện,,,GZ1105002,ATASART 16MG TAB 28.S,298T02,01/07/2028,173,HỘP,,,"173 hộp nhòe LOT, DATE",
BBSC-0495-1025,21/10/2025,Khởi tạo,VE PHARMA,HÀNG NHẬP KHẨU,Không đạt Cảm quan,VEVN25/01/10/09,Team ĐGC2,Như,Phúc,,,SC6100017,WELLKID MULTI-VITAMIN LIQUID (CHAI/150ML),50832,31/05/2027,182,HỘP,LPN010375,,182 móp C,
BBSC-0495-1025,21/10/2025,Khởi tạo,VE PHARMA,HÀNG NHẬP KHẨU,Không đạt Cảm quan,VEVN25/01/10/09,Team ĐGC2,Như,Phúc,,,SC6100017,WELLKID MULTI-VITAMIN LIQUID (CHAI/150ML),51033,30/06/2027,3,HỘP,LPN010377,,03 hộp móp nặng,
BBSC-0495-1025,21/10/2025,Khởi tạo,VE PHARMA,HÀNG NHẬP KHẨU,Không đạt Cảm quan,VEVN25/01/10/09,Team ĐGC2,Như,Phúc,,,SC6100004,OSTEOCARE (H/30 VIEN),OT2502P,31/05/2029,1,HỘP,LPN010376,,01 hộp lỗi bao bì,
BBSC-0495-1025,21/10/2025,Khởi tạo,VE PHARMA,HÀNG NHẬP KHẨU,Không đạt Cảm quan,VEVN25/01/10/09,Team ĐGC2,Như,Phúc,,,SC6100004,OSTEOCARE (H/30 VIEN),OT2503P,31/05/2029,1,HỘP,LPN010378,,01 hộp rách nặng,
BBSC-0496-1025,22/10/2025,Hoàn tất,MEGA (MAXXCARE),HÀNG TRONG NƯỚC,Không đạt Cảm quan,393,Kho Nhập,Trinh,Thiện,,,MG1100036,BAROLE 20 (HOP/10 VI X 10 VIEN),A08872504,31/03/2027,2,HỘP,200065,,02 hộp móp nặng,
BBSC-0496-1025,22/10/2025,Hoàn tất,MEGA (MAXXCARE),HÀNG TRONG NƯỚC,Không đạt Cảm quan,393,Kho Nhập,Trinh,Thiện,,,MG1100047,PERGLIM M-1 (HOP/5 VI X 20 VIEN),A08912507,25/06/2027,8,HỘP,200064,,"5 hộp móp nặng, 3 hộp rách",
BBSC-0496-1025,22/10/2025,Hoàn tất,MEGA (MAXXCARE),HÀNG TRONG NƯỚC,Không đạt Cảm quan,393,Kho Nhập,Trinh,Thiện,,,MG1100047,PERGLIM M-1 (HOP/5 VI X 20 VIEN),A08912508,25/06/2027,14,HỘP,200066,,"13 hộp móp nặng, 1 hộp rách",
BBSC-0496-1025,22/10/2025,Hoàn tất,MEGA (MAXXCARE),HÀNG TRONG NƯỚC,Không đạt Cảm quan,393,Kho Nhập,Trinh,Thiện,,,MG1100048,PERGLIM M-2 (HOP/5 VI X 20 VIEN),A08922518,26/06/2027,5,HỘP,200067,,5 hộp móp nặng,
BBSC-0497-1025,23/10/2025,Hoàn tất,HETERO,HÀNG NHẬP KHẨU,Không đạt Cảm quan,SI9225205034,Kho Nhập,Trinh,,,,,TK107630379400,N/A,,4,THÙNG,,,"Móp, dập vỏ thùng ngoài",
BBSC-0498-1025,23/10/2025,Hoàn tất,Dr.Reddy's,HÀNG NHẬP KHẨU,Vượt Nhiệt độ,9013512636,Phòng QA,Lữ,,,,RD1100021,VILDAREDDYS,1502727,30/01/2028,2,PALLET,,,max 33.2,
BBSC-0499-1025,24/10/2025,Khởi tạo,VE PHARMA,HÀNG NHẬP KHẨU,Không đạt Cảm quan,"S20-2310 
 VEVN25/01/08/28",Team ĐGC2,Như,Phúc,,,SC6100011,PERFECTIL (H/30 VIEN),PFT2504A,29/02/2028,4,HỘP,,,04 hộp móp nặng,
BBSC-0499-1025,24/10/2025,Khởi tạo,VE PHARMA,HÀNG NHẬP KHẨU,Không đạt Cảm quan,"S20-2310 
 VEVN25/01/08/28",Team ĐGC2,Như,Phúc,,,SC6100011,PERFECTIL (H/30 VIEN),PFT2503A,31/01/2028,6,HỘP,,,06 hộp móp nặng,
BBSC-0499-1025,24/10/2025,Khởi tạo,VE PHARMA,HÀNG NHẬP KHẨU,Không đạt Cảm quan,"S20-2310 
 VEVN25/01/08/28",Team ĐGC2,Như,Phúc,,,SC6100011,PERFECTIL (H/30 VIEN),PFT2501A,31/01/2028,1,HỘP,,,01 hộp móp nặng,
BBSC-0499-1025,24/10/2025,Khởi tạo,VE PHARMA,HÀNG NHẬP KHẨU,Không đạt Cảm quan,"S20-2310 
 VEVN25/01/08/28",Team ĐGC2,Như,Phúc,,,SC6100018,"PREGNACARE BREAST-FEEDING (HOP/56 VIEN NEN, 28 VIEN NANG)",PB2517CP,29/02/2028,30,HỘP,,,"15 hộp không lot date
 15 hộp móp rách nặng",
BBSC-0499-1025,24/10/2025,Khởi tạo,VE PHARMA,HÀNG NHẬP KHẨU,Không đạt Cảm quan,"S20-2310 
 VEVN25/01/08/28",Team ĐGC2,Như,Phúc,,,SC6100014,LIVERIL (H/30 VIEN),LV2504P,31/03/2028,13,HỘP,,,"01 hộp ố vàng
 12 hộp móp nặng",
BBSC-0499-1025,24/10/2025,Khởi tạo,VE PHARMA,HÀNG NHẬP KHẨU,Không đạt Cảm quan,"S20-2310 
 VEVN25/01/08/28",Team ĐGC2,Như,Phúc,,,SC6100001,OSTEOCARE LIQUID 200ML,50691,30/04/2027,6,HỘP,,,"01 hộp không nắp
 05 hộp móp nặng",
BBSC-0500-1025,24/10/2025,Hoàn tất,VE PHARMA,HÀNG NHẬP KHẨU,Không đạt Cảm quan,VEVN25/01/10/17,Kho Nhập,Trinh,,,,,TK107639482640,N/A,,6,PALLET,,,"Móp, dập, rách vỏ thùng ngoài",
BBSC-0502-1025,27/10/2025,Khởi tạo,VE PHARMA,HÀNG NHẬP KHẨU,Không đạt Cảm quan,S26-2410 VEVN25/01/10/17,Team ĐGC2,Như,Phúc,,,SC6100017,WELLKID MULTI-VITAMIN LIQUID (CHAI/150ML),51035,31/07/2027,110,Hộp,,,"21 hộp móp nặng
 11 hộp lem mực, mờ lot
 78 hộp móp chữ C",
BBSC-0502-1025,27/10/2025,Khởi tạo,VE PHARMA,HÀNG NHẬP KHẨU,Không đạt Cảm quan,S26-2410 VEVN25/01/10/17,Team ĐGC2,Như,Phúc,,,SC6100024,OSTEOCARE CHEWABLE (HOP/30 VIEN),F175288,31/07/2027,2,Hộp,,,02 hộp lỗi lot date,
BBSC-0502-1025,27/10/2025,Khởi tạo,VE PHARMA,HÀNG NHẬP KHẨU,Không đạt Cảm quan,S26-2410 VEVN25/01/10/17,Team ĐGC2,Như,Phúc,,,SC6100025,"PREGNACARE MAX (H/56 VIEN NEN, 28 VIEN NANG)",PM2517CP,29/02/2028,119,Hộp,,,"33 hộp lỗi lot date
 86 hộp móp rách nặng",
BBSC-0503-1025,27/10/2025,Khởi tạo,VE PHARMA,HÀNG NHẬP KHẨU,Không đạt Cảm quan,S25-2410 VEVN25/01/10/14,Team ĐGC2,Như,Phúc,,,SC6100007,JOINTACE (H/30 VIEN),173949,31/03/2028,45,HỘP,"LPN010411 , LPN010412",,"41 hộp vỏ hộp nhạt màu
 01 hộp không lot date
 03 hộp móp rách nặng",
BBSC-0503-1025,27/10/2025,Khởi tạo,VE PHARMA,HÀNG NHẬP KHẨU,Không đạt Cảm quan,S25-2410 VEVN25/01/10/14,Team ĐGC2,Như,Phúc,,,SC6100004,OSTEOCARE (H/30 VIEN),OT2503P,31/05/2029,2,HỘP,LPN010424,,02 hộp móp nặng,
BBSC-0503-1025,27/10/2025,Khởi tạo,VE PHARMA,HÀNG NHẬP KHẨU,Không đạt Cảm quan,S25-2410 VEVN25/01/10/14,Team ĐGC2,Như,Phúc,,,SC6100011,PERFECTIL (H/30 VIEN),PFT2504A,29/02/2028,2,HỘP,LPN010432,,"01 hộp rách nặng
 01 hộp lỗi lot date",
BBSC-0503-1025,27/10/2025,Khởi tạo,VE PHARMA,HÀNG NHẬP KHẨU,Không đạt Cảm quan,S25-2410 VEVN25/01/10/14,Team ĐGC2,Như,Phúc,,,SC6100004,OSTEOCARE (H/30 VIEN),OT2502P,31/05/2029,2,HỘP,LPN010441,,02 hộp móp nặng,
BBSC-0505-1025,29/10/2025,Khởi tạo,Dr.Reddy's,HÀNG NHẬP KHẨU,Không đạt Cảm quan,9013512636,Team ĐGC2,Như,Phúc,,,RD1100021,VILDAREDDYS (HOP/30 VIEN),1502727,31/01/2028,6,HỘP,,,Móp nặng,
BBSC-0506-1025,29/10/2025,Khởi tạo,HETERO,HÀNG NHẬP KHẨU,Không đạt Cảm quan,SI9225203788,Team ĐGC2,Như,Phúc,,,HT1100004,PANTIN 40 (HOP/ 30 VIEN),FD253704A,05/06/2027,5,HỘP,,,15 vỉ rách,
BBSC-0507-1025,29/10/2025,Hoàn tất,SANOFI,HÀNG TRONG NƯỚC,Không đạt Cảm quan,892,Kho Nhập,Trinh,Thiện,,,SA1100040,PLAVIX 75MG B/ 1BL X 14 TABS VN,GA3878,31/08/2028,4,HỘP,201043,,4 hộp móp,
BBSC-0508-1025,29/10/2025,Hoàn tất,SANOFI,HÀNG TRONG NƯỚC,Không đạt Cảm quan,1112,Kho Nhập,Trinh,Thiện,,,SA1100055,"ENTEROGERMINA,4BCFU/5ML,SP,BT20,VN",5I126,30/04/2027,1,HỘP,201076,,1 hộp móp,
BBSC-0509-1025,29/10/2025,Hoàn tất,Dr.Reddy's,HÀNG NHẬP KHẨU,Không đạt Cảm quan,9013512637,Kho Nhập,Trinh,,,,,TK107652013560,N/A,,3,THÙNG,,,"Móp, dập vỏ thùng ngoài",
BBSC-0510-1025,29/10/2025,Hoàn tất,HYPHENS,HÀNG NHẬP KHẨU,Không đạt Cảm quan,SI-25-000618,Kho Nhập,Sơn,Khôi,,,HY1100006,RUPAFIN TAB 10.S,A002,31/05/2028,81,THÙNG,,,Thùng bị dơ mặt đáy,
BBSC-0512-1025,31/10/2025,Hoàn tất,LUYE,HÀNG NHẬP KHẨU,Không đạt Cảm quan,INUK-240238,Kho Nhập,Trinh,,,,,TK107652282250,N/A,,6,THÙNG,,,"Móp, dập vỏ thùng ngoài",
BBSC-0513-1025,31/10/2025,Hoàn tất,MAYOLY,HÀNG TRẢ VỀ,Không đạt Cảm quan,N/A,Kho Nhập,Duyên,,,BBSC nội bộ,MY1100001,TANAKAN 40MG 30TABS VN,D51987,21/12/2026,2,HỘP,,,Móp,
BBSC-0513-1025,31/10/2025,Hoàn tất,MAYOLY,HÀNG TRẢ VỀ,Không đạt Cảm quan,N/A,Kho Nhập,Duyên,,,BBSC nội bộ,MY1100002,FORTRANS 4SACH VN,D52775,06/03/2028,2,HỘP,,,"Móp,rách seal chảy bột thuốc ra ngoài",
BBSC-0513-1025,31/10/2025,Hoàn tất,MAYOLY,HÀNG TRẢ VỀ,Không đạt Cảm quan,N/A,Kho Nhập,Duyên,,,BBSC nội bộ,MY1100008,FORLAX 10G 20SACH VN,C60961,02/10/2027,1,HỘP,,,Móp,
BBSC-0515-1125,04/11/2025,Hoàn tất,VE PHARMA,HÀNG NHẬP KHẨU,Không đạt Cảm quan,S26-2410 VEVN25/01/10/17,Team ĐGC2,Như,Thiện,,Chưa scan,SC6100025,"PREGNACARE MAX (H/56 VIEN NEN, 28 VIEN NANG)",PM2517CP,29/02/2028,64,HỘP,,,"04/11/2025: 24 hộp móp nặng
 04/11/2025: 17 hộp lỗi LOT
 04/11/2025: 10 rách nặng
 06/11/2025: 4 hộp rách nặng, 2 hộp móp nặng, 7 hộp lối LOT - LPN010473
 NOTE: 
 04/11/2025 bắt LPN: LPN010458
 06/11/2025 bắt LPN: LPN010473",
BBSC-0516-1125,05/11/2025,Hoàn tất,MEGA (MAXXCARE),HÀNG TRONG NƯỚC,Không đạt Cảm quan,411,Kho Nhập,Yến,,,,MG1100048,PERGLIM M-2 (HOP/5 VI X 20 VIEN),A08922519,26/06/2027,5,HỘP,201894,,Móp nhẹ,
BBSC-0516-1125,05/11/2025,Hoàn tất,MEGA (MAXXCARE),HÀNG TRONG NƯỚC,Không đạt Cảm quan,411,Kho Nhập,Yến,,,,MG1100048,PERGLIM M-2 (HOP/5 VI X 20 VIEN),A08922519,26/06/2027,26,HỘP,201893,,Móp rách nặng,
BBSC-0516-1125,05/11/2025,Hoàn tất,MEGA (MAXXCARE),HÀNG TRONG NƯỚC,Không đạt Cảm quan,411,Kho Nhập,Yến,,,,MG1100047,PERGLIM M-1 (HOP/5 VI X 20 VIEN),A08912508,25/06/2027,2,HỘP,201891,,Móp nhẹ,
BBSC-0516-1125,05/11/2025,Hoàn tất,MEGA (MAXXCARE),HÀNG TRONG NƯỚC,Không đạt Cảm quan,411,Kho Nhập,Yến,,,,MG1100047,PERGLIM M-1 (HOP/5 VI X 20 VIEN),A08912508,25/06/2027,4,HỘP,201892,,Móp nặng,
BBSC-0519-1125,05/11/2025,Khởi tạo,ABBOTT,HÀNG NHẬP KHẨU,Sai số lượng,9021968090,Kho Nhập,Trinh,,,,ST9-SB-034,AMPLATZER SB II 34MM,10650229,30/11/2027,1,CÁI,,,Dư 1 cái,
BBSC-0519-1125,05/11/2025,Khởi tạo,ABBOTT,HÀNG NHẬP KHẨU,Sai số lượng,9021968090,Kho Nhập,Trinh,,,,ST9-SB-018,AMPLATZER SB II 18MM,10168606,31/12/2026,1,CÁI,,,Dư 1 cái,
BBSC-0521-1125,06/11/2025,Hoàn tất,TORRENT,HÀNG NHẬP KHẨU,Không đạt Cảm quan,GJ0600001579,Kho Nhập,Yến,,,,,TK107671811701,N/A,,2,THÙNG,,,Móp rách vỏ thùng ngoài,
BBSC-0522-1125,06/11/2025,Hoàn tất,VE PHARMA,HÀNG NHẬP KHẨU,Không đạt Cảm quan,S17-0110 INVVEVN25/01/07/29,Team ĐGC2,Như,Thiện,,Chưa scan,SC6100003,FEROGLOBIN B12 CAPSULES (H/30 VIEN),FW2511PA,29/02/2028,7,HỘP,,,"06/11/2025: 4 hộp lỗi LOT - LPN010480
 07/11/2025: 03 hộp móp rách nặng LPN010486",
BBSC-0523-1125,07/11/2025,Hoàn tất,TORRENT,HÀNG NHẬP KHẨU,Không đạt Cảm quan,107671811701,Team ĐGC2,Như,Thiện,,Chưa scan,TR1100013,TORPEZIL 10 (HOP/ 30 VIEN),BZ01M005,05/10/2028,2,HỘP,LPN010481,,07/11/2025: 02 hộp móp nặng LPN010481,
BBSC-0524-1125,10/11/2025,Hoàn tất,LUYE,HÀNG NHẬP KHẨU,Không đạt Cảm quan,INUK-240256,Kho Nhập,Trinh,,,,,TK107684511430,N/A,,29,HỘP,,,"Móp, dập vỏ thùng ngoài",
BBSC-0525-1125,10/11/2025,Hoàn tất,GETZ,HÀNG NHẬP KHẨU,Không đạt Cảm quan,GETZ/VIET/676/2025 & GETZ/VIET/675/2025,Kho Nhập,Trinh,,,,GZ1105009,GETZGLIM 2MG TAB 20.S,829T11,25/07/2028,5,HỘP,,,Móp,
BBSC-0525-1125,10/11/2025,Hoàn tất,GETZ,HÀNG NHẬP KHẨU,Không đạt Cảm quan,GETZ/VIET/676/2025 & GETZ/VIET/675/2025,Kho Nhập,Trinh,,,,GZ1105008,FENOGETZ 200MG CAPS 10.S,336C24,31/07/2028,4,HỘP,,,Móp rách,
BBSC-0525-1125,10/11/2025,Hoàn tất,GETZ,HÀNG NHẬP KHẨU,Không đạt Cảm quan,GETZ/VIET/676/2025 & GETZ/VIET/675/2025,Kho Nhập,Trinh,,,,GZ1301001,FORTRAGET INHALER 200MCG+6MCG,121M03,27/08/2027,6,HỘP,,,Móp,
BBSC-0529-1125,11/11/2025,Hoàn tất,GETZ,HÀNG NHẬP KHẨU,Sai số lượng,GETZ/VIET/676/2025 & GETZ/VIET/675/2025,Kho Nhập,Trinh,,,,GZ1103025,ALENTA 70MG TAB 4.S,193T24,11/09/2028,10,HỘP,202300,,Thiếu,
BBSC-0530-1125,13/11/2025,Khởi tạo,Dr.Reddy's,HÀNG NHẬP KHẨU,Không đạt Cảm quan,9013515495,Kho Nhập,Trinh,,,,,TK107695984430,N/A,,1,THÙNG,,,"Móp, dập vỏ thùng ngoài",
BBSC-0531-1125,13/11/2025,Hoàn tất,HETERO,HÀNG NHẬP KHẨU,Không đạt Cảm quan,SI9225205854,Kho Nhập,Trinh,,,,,TK107693319310,N/A,,20,THÙNG,,,"Móp, rách vỏ thùng ngoài",
BBSC-0532-1125,13/11/2025,Khởi tạo,HETERO,HÀNG NHẬP KHẨU,Sai số lượng,SI9225205853,Team ĐGC2,Như,,,,HT1100018,APIXTRA (HOP/ 30 VIEN),FD255784A,04/09/2027,1,HỘP,,,"Thiếu 01 hộp trong thùng chẵn, nguyên vẹn",
BBSC-0533-1125,13/11/2025,Hoàn tất,MEGA (MAXXCARE),HÀNG TRONG NƯỚC,Không đạt Cảm quan,418 & 420,Kho Nhập,Yến,,,,MG1100048,PERGLIM M-2 (HOP/5 VI X 20 VIEN),A08922519,26/06/2027,15,HỘP,203040,,"Móp, rách nặng - Hãng yêu cầu hủy (Kiểm tra lại)",
BBSC-0533-1125,13/11/2025,Hoàn tất,MEGA (MAXXCARE),HÀNG TRONG NƯỚC,Không đạt Cảm quan,418 & 420,Kho Nhập,Yến,,,,MG1100036,BAROLE 20 (HOP/10 VI X 10 VIEN),A08872505,23/06/2027,2,HỘP,203036,,Móp nặng - Hãng yêu cầu hủy (Kiểm tra lại),
BBSC-0533-1125,13/11/2025,Hoàn tất,MEGA (MAXXCARE),HÀNG TRONG NƯỚC,Không đạt Cảm quan,418 & 420,Kho Nhập,Yến,,,,MG1100047,PERGLIM M-1 (HOP/5 VI X 20 VIEN),A08912508,25/06/2027,2,HỘP,203038,,Móp nặng - Hãng yêu cầu hủy (Kiểm tra lại),
BBSC-0533-1125,13/11/2025,Hoàn tất,MEGA (MAXXCARE),HÀNG TRONG NƯỚC,Không đạt Cảm quan,418 & 420,Kho Nhập,Yến,,,,MG1100048,PERGLIM M-2 (HOP/5 VI X 20 VIEN),A08922518,26/06/2027,2,HỘP,203039,,Móp nặng - Hãng yêu cầu hủy (Kiểm tra lại),
BBSC-0533-1125,13/11/2025,Hoàn tất,MEGA (MAXXCARE),HÀNG TRONG NƯỚC,Không đạt Cảm quan,418 & 420,Kho Nhập,Yến,,,,MG1100043,PANFOR SR-500 (HOP/5 VI X 20 VIEN),PAF01798,08/11/2027,1,HỘP,203037,,Móp thủng - Hãng yêu cầu hủy (Kiểm tra lại),
BBSC-0533-1125,13/11/2025,Hoàn tất,MEGA (MAXXCARE),HÀNG TRONG NƯỚC,Không đạt Cảm quan,418 & 420,Kho Nhập,Yến,,,,MG1100044,PANFOR SR-750 (HOP/10 VI X 10 VIEN),A08902511,16/10/2027,17,HỘP,203035,,"Móp, rách nặng - Hãng yêu cầu hủy (Kiểm tra lại)",
BBSC-0534-1125,14/11/2025,Hoàn tất,HYPHENS,CN. HƯNG YÊN (Điều chuyển),Không đạt Cảm quan,N/A,Kho Nhập,Yến,,,,HY1300043,STERIMAR NOSE HYGIENE & COMFORT 50 ML,FE3302,31/10/2026,20,HỘP,203159,,Móp,
BBSC-0535-1125,14/11/2025,Hoàn tất,Dr.Reddy's,HÀNG NHẬP KHẨU,Không đạt Cảm quan,9013515495,Team ĐGC2,Như,Thiện,,,RD1100017,STAMLO-T 80/5MG (HOP/28 VIEN),V2502056,30/09/2027,4,HỘP,,,"14/11/2025: 3 hộp móp, 1 hộp thủng - LPN010518",
BBSC-0536-1125,14/11/2025,Khởi tạo,HYPHENS,HÀNG NHẬP KHẨU,Sai số lượng,SI-25-000641/42/44/45/46,Kho Nhập,Trinh,,,,HY7300010,QUICK RECOVERY CREAM 15G,TG0141,31/05/2028,80,TUÝP,,,Thiếu 01 hộp trong thùng nguyên,
BBSC-0536-1125,14/11/2025,Khởi tạo,HYPHENS,HÀNG NHẬP KHẨU,Sai số lượng,SI-25-000641/42/44/45/46,Kho Nhập,Trinh,,,,HY7300004,GLYCOLIC ACID PEEL 20% SAC 10S,TG0180,30/04/2028,60,CHAI,,,Hàng thừa không có trong chứng từ,
BBSC-0537-1125,14/11/2025,Khởi tạo,HETERO,HÀNG NHẬP KHẨU,Sai số lượng,SI9225205854,Team ĐGC2,Như,,,,HT1100008,TELSAR 40 (HOP/ 30 VIEN),FD255498B,18/08/2028,1,HỘP,,,"Thiếu 01 hộp trong thùng chẵn, nguyên vẹn",
BBSC-0539-1125,18/11/2025,Hoàn tất,VE PHARMA,HÀNG NHẬP KHẨU,Không đạt Cảm quan,VEVN25/01/11/11,Kho Nhập,Trinh,,,,,TK107708973520,N/A,,1,PALLET,,,"Móp, dập vỏ thùng ngoài",
BBSC-0540-1125,18/11/2025,Hoàn tất,SANOFI,HÀNG TRONG NƯỚC,Không đạt Cảm quan,975,Kho Nhập,Trinh,,,,SA1100040,PLAVIX 75MG B/ 1BL X 14 TABS VN,GA3879,31/08/2028,8,Hộp,,,"Móp, móp rách",
BBSC-0540-1125,18/11/2025,Hoàn tất,SANOFI,HÀNG TRONG NƯỚC,Không đạt Cảm quan,975,Kho Nhập,Trinh,,,,SA1100040,PLAVIX 75MG B/ 1BL X 14 TABS VN,GA3878,31/08/2028,14,Hộp,,,Móp,
BBSC-0541-1125,19/11/2025,Khởi tạo,HETERO,HÀNG NHẬP KHẨU,Không đạt Cảm quan,SI3625206119,Kho Nhập,Trinh,,,,,TK107712386830,N/A,,10,THÙNG,,,"Móp, rách vỏ thùng ngoài",
BBSC-0542-1125,19/11/2025,Hoàn tất,VE PHARMA,HÀNG NHẬP KHẨU,Không đạt Cảm quan,S28-1811 VEVN25/01/11/11,Team ĐGC2,Như,Thiện,,Chưa scan,SC6100002,FEROGLOBIN B12 LIQUID 200ML,51295,31/08/2027,5,HỘP,,,19/11/2025: 05 hộp rách nặng - LPN010536,
BBSC-0543-1125,20/11/2025,Hoàn tất,MEGA (MAXXCARE),HÀNG TRẢ VỀ,Không đạt Cảm quan,N/A,Kho Nhập,Duyên,,,,MG1100059,ALVORI 200MG (HOP/3 VI X 10 VIEN),1405498,31/03/2027,1,HỘP,,,01 viên bể,
BBSC-0543-1125,20/11/2025,Hoàn tất,MEGA (MAXXCARE),HÀNG TRẢ VỀ,Không đạt Cảm quan,N/A,Kho Nhập,Duyên,,,,MG1100059,ALVORI 200MG (HOP/3 VI X 10 VIEN),1405498,31/03/2027,3,HỘP,,,"24/11/2025: phát hiện khi kiểm tồn 100%: 01 hộp bể viên và hở vỉ nhôm, 01 hộp không có vỉ bên trong và bị mất 1 phần nhãn phụ, 1 hộp dư 1 phần nhãn phụ",
BBSC-0544-1125,20/11/2025,Hoàn tất,HETERO,HÀNG NHẬP KHẨU,Không đạt Cảm quan,SI3625206118,Kho Nhập,Trinh,,,,,TK107719137740,N/A,,30,THÙNG,,,Ẩm ướt vỏ thùng ngoài,
BBSC-0545-1125,20/11/2025,Hoàn tất,TORRENT,HÀNG NHẬP KHẨU,Không đạt Cảm quan,9016040406,Kho Nhập,Trinh,,,,,TK107717145800,N/A,,1,THÙNG,,,Móp rách vỏ thùng ngoài,
BBSC-0547-1125,21/11/2025,Hoàn tất,HYPHENS,HÀNG NHẬP KHẨU,Vượt Nhiệt độ,SI-25-000673,Phòng QA,Phúc,,,,HY1200007,XENETIX 300 (HOP/10 LO x 100ML),25WC0480,30/06/2028,26500,HỘP,,,1 thiết bị không ghi nhận nhiệt độ,
BBSC-0550-1125,24/11/2025,Hoàn tất,MEGA (MAXXCARE),HÀNG TRONG NƯỚC,Không đạt Cảm quan,427,Kho Nhập,Yến,Lữ,,,MG1100047,PERGLIM M-1 (HOP/5 VI X 20 VIEN),A08912509,17/08/2027,13,HỘP,,,13 hộp móp rách nặng,
BBSC-0550-1125,24/11/2025,Hoàn tất,MEGA (MAXXCARE),HÀNG TRONG NƯỚC,Không đạt Cảm quan,427,Kho Nhập,Yến,Lữ,,,MG1100048,PERGLIM M-2 (HOP/5 VI X 20 VIEN),A08922520,03/08/2027,1,HỘP,,,01 hộp móp rách nặng,
BBSC-0550-1125,24/11/2025,Hoàn tất,MEGA (MAXXCARE),HÀNG TRONG NƯỚC,Không đạt Cảm quan,427,Kho Nhập,Yến,Lữ,,,MG1100048,PERGLIM M-2 (HOP/5 VI X 20 VIEN),A08922521,06/08/2027,2,HỘP,,,02 hộp móp rách nặng,
BBSC-0550-1125,24/11/2025,Hoàn tất,MEGA (MAXXCARE),HÀNG TRONG NƯỚC,Không đạt Cảm quan,427,Kho Nhập,Yến,Lữ,,,MG1100048,PERGLIM M-2 (HOP/5 VI X 20 VIEN),A08922519,26/06/2027,4,HỘP,,,04 hộp móp rách nặng,
BBSC-0550-1125,24/11/2025,Hoàn tất,MEGA (MAXXCARE),HÀNG TRONG NƯỚC,Không đạt Cảm quan,427,Kho Nhập,Yến,Lữ,,,MG1100047,PERGLIM M-1 (HOP/5 VI X 20 VIEN),A08912510,09/09/2027,9,HỘP,,,09 hộp móp rách nặng,
BBSC-0550-1125,24/11/2025,Hoàn tất,MEGA (MAXXCARE),HÀNG TRONG NƯỚC,Không đạt Cảm quan,427,Kho Nhập,Yến,Lữ,,,MG1100036,BAROLE 20 (HOP/10 VI X 10 VIEN),A08872505,23/06/2027,1,HỘP,,,01 hộp rách nặng,
BBSC-0551-1125,24/11/2025,Hoàn tất,DAVIPHARM,HÀNG TRONG NƯỚC,Sai khác AW,HD-DVP/2025/2011-01,Phòng QA,Phúc,,,,DV1100378,BISNOL (HOP/6 VI X 10 VIEN) - EU,251719,11/09/2028,3116,Hộp,,,Số đăng ký không đúng so với phân loại thuốc (Thuốc kê đơn nhưng số đăng ký là thuốc không kê đơn),
BBSC-0551-1125,24/11/2025,Hoàn tất,DAVIPHARM,HÀNG TRONG NƯỚC,Sai khác AW,HD-DVP/2025/2011-01,Phòng QA,Phúc,,,,DV1100378,BISNOL (HOP/6 VI X 10 VIEN) - EU,251720,11/09/2028,3160,Hộp,,,Số đăng ký không đúng so với phân loại thuốc (Thuốc kê đơn nhưng số đăng ký là thuốc không kê đơn),
BBSC-0552-1125,24/11/2025,Hoàn tất,HYPHENS,HÀNG NHẬP KHẨU,Không đạt Cảm quan,SI-25-000671,Team ĐGC2,Như,Thiện,,Chưa scan,HY1100002,FENOSUP LIDOSE 160 MG(H/30VIEN),25G02,02/07/2028,1,HỘP,,,"24/11/2025: 01 hộp móp rách nặng, vỉ thuốc bị móp, rách màng nhôm - LPN010549",
BBSC-0553-1125,24/11/2025,Hoàn tất,HYPHENS,HÀNG NHẬP KHẨU,Sai số lượng,SI-25-000671,Team ĐGC2,Như,,,Chưa scan,HY1100002,FENOSUP LIDOSE 160 MG(H/30VIEN),25G02,02/07/2028,1,VỈ,,,"24/11/2025: dư 01 vỉ trong thùng chẵn, nguyên vẹn, thùng số 129/350",
BBSC-0554-1125,24/11/2025,Hoàn tất,VE PHARMA,HÀNG NHẬP KHẨU,Không đạt Cảm quan,S23-2111 VEVN25/01/09/23,Team ĐGC2,Như,Thiện,,Chưa scan,SC6100002,FEROGLOBIN B12 LIQUID 200ML,51024,31/07/2027,49,HỘP,,,"24/11/2025: 13 hộp rách nặng, 02 hộp móp nặng - LPN010551
 25/11/2025: 06 hộp rách nặng - LPN010558
 26/11/2025: 24 hộp rách nặng, 3 hộp móp nặng - LPN010565
 27/11/2025: 01 hộp rách nặng - LPN010568",
BBSC-0554-1125,24/11/2025,Hoàn tất,VE PHARMA,HÀNG NHẬP KHẨU,Không đạt Cảm quan,S23-2111 VEVN25/01/09/23,Team ĐGC2,Như,Thiện,,Chưa scan,SC6100002,FEROGLOBIN B12 LIQUID 200ML,51023,31/07/2027,10,HỘP,,,"26/11/2025: 3 hộp rách nặng - LPN010564
 27/11/2025: 02 hộp rách nặng, 01 hộp móp nặng - LPN010567
 28/11/2025: 3 hộp rách nặng, 1 hộp móp nặng - LPN010574",
BBSC-0556-1125,26/11/2025,Khởi tạo,SANOFI,HÀNG TRONG NƯỚC,Không đạt Cảm quan,1240 & 999,Kho Nhập,Trinh,,,,SA1100055,"ENTEROGERMINA,4BCFU/5ML,SP,BT20,VN",5I126,30/04/2027,4,HỘP,,,Móp,
BBSC-0556-1125,26/11/2025,Khởi tạo,SANOFI,HÀNG TRONG NƯỚC,Không đạt Cảm quan,1240 & 999,Kho Nhập,Trinh,,,,SA1100040,PLAVIX 75MG B/ 1BL X 14 TABS VN,GA3879,31/08/2028,1,HỘP,,,Móp,
BBSC-0557-1125,26/11/2025,Hoàn tất,HETERO,HÀNG NHẬP KHẨU,Không đạt Cảm quan,SI3625206171,Kho Nhập,Trinh,,,,,TK107739739660,N/A,,20,THÙNG,,,Móp rách vỏ thùng ngoài,
BBSC-0558-1125,27/11/2025,Khởi tạo,WW,HÀNG NHẬP KHẨU,Không đạt Cảm quan,91761235,Kho Nhập,Trinh,,,,,TK107733693060,N/A,,1,PALLET,,,Móp rách vỏ thùng ngoài,
BBSC-0559-1125,27/11/2025,Khởi tạo,WW,HÀNG NHẬP KHẨU,Sai chứng từ,91761235,Phòng QA,Phúc,,,,WO1100009,THIOGAMMA TURBO-SET (HOP/1 LO),50916H,31/08/2027,0,THÙNG,,,Hạn sử dụng trên thùng không khớp với hạn sử dụng của hàng thực tế,
BBSC-0560-1125,27/11/2025,Hoàn tất,HETERO,HÀNG NHẬP KHẨU,Không đạt Cảm quan,SI3625206386,Kho Nhập,Trinh,,,,,TK107743497300,N/A,,4,THÙNG,,,Móp rách vỏ thùng ngoài,
BBSC-0561-1125,27/11/2025,Hoàn tất,HETERO,HÀNG NHẬP KHẨU,Không đạt Cảm quan,SI3625206387,Kho Nhập,Trinh,,,,,TK107743837460,N/A,,25,THÙNG,,,"Ẩm ướt, móp, rách vỏ thùng",
BBSC-0563-1125,28/11/2025,Hoàn tất,HETERO,HÀNG NHẬP KHẨU,Không đạt Cảm quan,SI3625206211,Kho Nhập,Trinh,,,,,TK107746161460,N/A,,5,THÙNG,,,Móp rách vỏ thùng ngoài,
BBSC-0566-1225,01/12/2025,Khởi tạo,HYPHENS,CN. HƯNG YÊN (Điều chuyển),Không đạt Cảm quan,N/A,Kho Nhập,Yến,,,,HY1100013,RUPAFIN (ORAL SOLUTION 120ML),24519,30/06/2027,2,HỘP,,,Lem,
BBSC-0567-1225,01/12/2025,Hoàn tất,Dr.Reddy's,HÀNG NHẬP KHẨU,Không đạt Cảm quan,9013517811,Kho Nhập,Trinh,,,,,TK107746692760,N/A,,4,THÙNG,,,"Móp, rách vỏ thùng ngoài",
BBSC-0568-1225,02/12/2025,Hoàn tất,HETERO,HÀNG NHẬP KHẨU,Không đạt Cảm quan,SI3625206588/89,Kho Nhập,Trinh,,,,,TK107753662550,N/A,,9,THÙNG,,,"Móp, rách vỏ thùng ngoài",
BBSC-0569-1225,02/12/2025,Khởi tạo,HETERO,HÀNG NHẬP KHẨU,Không đạt Cảm quan,9013517811,Kho Nhập,Trinh,,,,,TK107756103120,N/A,,3,THÙNG,,,Móp rách vỏ thùng ngoài,
BBSC-0571-1225,03/12/2025,Hoàn tất,HAPHARCO,HÀNG TRONG NƯỚC,Sai số lượng,2122025,Team ĐGC2,Như,Lữ,,,MG1100068,ZIMAGLIV 100,OA00054A,13/06/2027,1,HỘP,,,03.12.2025 : 01 hộp thiếu,
BBSC-0572-1225,03/12/2025,Hoàn tất,Dr.Reddy's,HÀNG NHẬP KHẨU,Không đạt Cảm quan,9013518056,Kho Nhập,Trinh,,,,,TK107753385830,N/A,,18,THÙNG,,,"Móp, rách vỏ thùng ngoài",
BBSC-0573-1225,03/12/2025,Hoàn tất,Dr.Reddy's,HÀNG NHẬP KHẨU,Không đạt Cảm quan,9013518060,Kho Nhập,Trinh,,,,,TK107753398540,N/A,,16,THÙNG,,,"Móp, rách vỏ thùng ngoài",
BBSC-0574-1225,04/12/2025,Khởi tạo,MEGA (MAXXCARE),HÀNG TRONG NƯỚC,Không đạt Cảm quan,438,Kho Nhập,Yến,,,,MG1100047,PERGLIM M-1 (HOP/5 VI X 20 VIEN),A08912510,09/09/2027,5,HỘP,,,Móp nặng,
BBSC-0574-1225,04/12/2025,Khởi tạo,MEGA (MAXXCARE),HÀNG TRONG NƯỚC,Không đạt Cảm quan,438,Kho Nhập,Yến,,,,MG1100043,PANFOR SR-500 (HOP/5 VI X 20 VIEN),A08882501,10/02/2028,3,HỘP,,,"Móp, rách nặng",
BBSC-0576-1225,04/12/2025,Hoàn tất,Dr.Reddy's,HÀNG NHẬP KHẨU,Không đạt Cảm quan,9013518364,Kho Nhập,Trinh,,,,,TK107761188030,N/A,,10,THÙNG,,,"móp, rách vỏ thùng",
BBSC-0577-1225,05/12/2025,Hoàn tất,J&J,HÀNG LÀM DỊCH VỤ,Không đạt Cảm quan,4122025,Team ĐGC2,Như,Lữ,,,JJ1000001,FUGACAR 500MG TAB. B/1,2595005,23/10/2030,2,HỘP,,,02 hộp rách,
BBSC-0578-1225,06/12/2025,Hoàn tất,VE PHARMA,HÀNG NHẬP KHẨU,Không đạt Cảm quan,S30-0512 (VEVN25/01/11/27),Kho Nhập,Trinh,,,,,TK107766622240,N/A,,8,PALLET,,,"móp, rách vỏ thùng",
BBSC-0579-1225,06/12/2025,Hoàn tất,J&J,HÀNG LÀM DỊCH VỤ,Không đạt Cảm quan,5122025,Team ĐGC2,Như,Lữ,,,JJ1000001,FUGACAR 500MG TAB. B/1,2595006,24/10/2030,1,HỘP,,,"01 hộp trầy, xước bao bì",
BBSC-0581-1225,08/12/2025,Khởi tạo,GETZ,HÀNG NHẬP KHẨU,Không đạt Cảm quan,GETZ/VIET/753/2025,Kho Nhập,Trinh,,,,GZ1106002,MEBEVER MR 200MG CAPS 10.S,219C31,05/01/2028,6,HỘP,,,06 hộp móp rách,
BBSC-0581-1225,08/12/2025,Khởi tạo,GETZ,HÀNG NHẬP KHẨU,Không đạt Cảm quan,GETZ/VIET/753/2025,Kho Nhập,Trinh,,,,GZ1106002,MEBEVER MR 200MG CAPS 10.S,218C31,18/04/2028,9,HỘP,,,09 hộp móp rách,
BBSC-0582-1225,08/12/2025,Hoàn tất,VE PHARMA,HÀNG NHẬP KHẨU,Không đạt Cảm quan,S21-2711 (VEVN25/01/09/22),Team ĐGC2,Như,Lữ,,chưa scan,SC6100019,WELLBABY MULTI-VITAMIN LIQUID (CHAI 150ML),50726,31/05/2027,216,HỘP,,,216 hộp móp nhẹ chữ C - LPN010593,
BBSC-0583-1225,08/12/2025,Hoàn tất,VE PHARMA,HÀNG NHẬP KHẨU,Không đạt Cảm quan,VEVN25/01/11/28,Kho Nhập,Trinh,,,,,TK107774307320,N/A,,0,PALLET,,,"móp, rách vỏ thùng, trong đó có 6 thùng bị ẩm mốc",
BBSC-0584-1225,08/12/2025,Hoàn tất,VE PHARMA,HÀNG NHẬP KHẨU,Không đạt Cảm quan,S30-0512 (VEVN25/01/11/27),Team ĐGC2,Như,Lữ,,chưa scan,SC6100018,"PREGNACARE BREAST-FEEDING (HOP/56 VIEN NEN, 28 VIEN NANG)",PB2529CP,31/05/2028,38,HỘP,,,"08.12.25 : 09 hộp móp rách nặng, 02 hộp lỗi lot date
 11.12.25 : 03 hộp không lot date
 15.12.25 : 03 hộp móp rách nặng, 04 hộp lỗi lot date
 16.12.25 : 06 hộp móp rách nặng, 01 hộp lỗi lot date
 17.12.25 : 05 hộp móp rách nặng, 05 hộp lỗi lot date",
BBSC-0584-1225,08/12/2025,Hoàn tất,VE PHARMA,HÀNG NHẬP KHẨU,Không đạt Cảm quan,S30-0512 (VEVN25/01/11/27),Team ĐGC2,Như,Lữ,,chưa scan,SC6100017,WELLKID MULTI-VITAMIN LIQUID (CHAI/150ML),51034,31/07/2027,5,HỘP,,,09.12.25 : 05 hộp lem trầy lot date,
BBSC-0584-1225,08/12/2025,Hoàn tất,VE PHARMA,HÀNG NHẬP KHẨU,Không đạt Cảm quan,S30-0512 (VEVN25/01/11/27),Team ĐGC2,Như,Lữ,,chưa scan,SC6100017,WELLKID MULTI-VITAMIN LIQUID (CHAI/150ML),51108,31/07/2027,19,HỘP,,,09.12.25 : 19 hộp móp nặng,
BBSC-0584-1225,08/12/2025,Hoàn tất,VE PHARMA,HÀNG NHẬP KHẨU,Không đạt Cảm quan,S30-0512 (VEVN25/01/11/27),Team ĐGC2,Như,Lữ,,chưa scan,SC6100008,MENOPACE (H/30 VIEN),174337,31/03/2028,3,HỘP,,,09.12.25 : 03 hộp lỗi lot date,
BBSC-0584-1225,08/12/2025,Hoàn tất,VE PHARMA,HÀNG NHẬP KHẨU,Không đạt Cảm quan,S30-0512 (VEVN25/01/11/27),Team ĐGC2,Như,Lữ,,chưa scan,SC6100017,WELLKID MULTI-VITAMIN LIQUID (CHAI/150ML),51235,31/08/2027,6,HỘP,,,12.12.25: 06 hộp móp nặng - LPN010621,
BBSC-0585-1225,09/12/2025,Hoàn tất,Dr.Reddy's,HÀNG NHẬP KHẨU,Không đạt Cảm quan,9013519452,Kho Nhập,Trinh,,,,,TK107773677100,N/A,,3,THÙNG,,,"móp, dập vỏ thùng",
BBSC-0586-1225,09/12/2025,Hoàn tất,WW,HÀNG NHẬP KHẨU,Không đạt Cảm quan,91762255,Kho Nhập,Trinh,,,,,TK107764005420,N/A,,1,PALLET,,,rách vỏ màng nhôm bên ngoài,
BBSC-0587-1225,10/12/2025,Hoàn tất,J&J,HÀNG LÀM DỊCH VỤ,Không đạt Cảm quan,9122025,Team ĐGC2,Như,Lữ,,,JJ1000001,FUGACAR 500MG TAB. B/1,2595007,24/10/2030,3,HỘP,,,"02 hộp trầy xước bao bì, 01 hộp lỗi lot date",
BBSC-0590-1225,10/12/2025,Hoàn tất,GETZ,HÀNG NHẬP KHẨU,Sai số lượng,GETZ/VIET/754/2025,Kho Nhập,Trinh,,,,GZ1105019,RICHSTATIN 5MG TAB 10.S,374F17,04/06/2028,3,HỘP,,,08/12/2025: trong quá trình kiểm nhập kho phát hiện thiếu 03 hộp,
BBSC-0591-1225,10/12/2025,Khởi tạo,GETZ,HÀNG NHẬP KHẨU,Không đạt Cảm quan,GETZ/VIET/754/2025,Kho Nhập,Trinh,,,,GZ1301002,SALBOGET PRESSURISED INHALATION 100MCG,585M04,27/06/2027,3,HỘP,,,03 hộp rách nặng,
BBSC-0592-1225,11/12/2025,Khởi tạo,SANOFI,HÀNG TRONG NƯỚC,Không đạt Cảm quan,1039,Kho Nhập,Trinh,,,,SA1100040,PLAVIX 75MG B/ 1BL X 14 TABS VN,GA3879,31/08/2028,11,HỘP,,,"11 hộp móp trong các thùng số 0444, 0440, 0397, 0400, 0385, 0398, 0386, 0401, 0391, 0392, 0162. Các thùng này đều là thùng chẵn, nguyên vẹn",
BBSC-0592-1225,11/12/2025,Khởi tạo,SANOFI,HÀNG TRONG NƯỚC,Không đạt Cảm quan,1039,Kho Nhập,Trinh,,,,SA1100035,DEPAKINE CHRONO 500MG TUBE OF 30 TABS VN,GAS2950,31/05/2028,1,HỘP,,,"01 hộp móp rách trong thùng số 0730, thùng chẵn, nguyên vẹn.",
BBSC-0593-1225,11/12/2025,Hoàn tất,J&J,HÀNG LÀM DỊCH VỤ,Không đạt Cảm quan,10122025,Team ĐGC2,Như,Lữ,,,JJ1000001,FUGACAR 500MG TAB. B/1,2595008,27/10/2030,4,HỘP,,,04 hộp trầy xước bao bì,
BBSC-0593-1225,11/12/2025,Hoàn tất,J&J,HÀNG LÀM DỊCH VỤ,Không đạt Cảm quan,10122025,Team ĐGC2,Như,Lữ,,,JJ1000001,FUGACAR 500MG TAB. B/1,2595007,24/10/2030,10,HỘP,,,10 hộp thiếu,
BBSC-0594-1225,11/12/2025,Khởi tạo,WW,HÀNG NHẬP KHẨU,Không đạt Cảm quan,91762480,Kho Nhập,Trinh,,,,,TK107773569260,N/A,,6,PALLET,,,"Móp, rách vỏ thùng ngoài",
BBSC-0595-1225,12/12/2025,Khởi tạo,ASTRAZENECA,HÀNG TRONG NƯỚC,Không đạt Cảm quan,725,Kho Nhập,Yến,,,,AZ1312001,PULMICORT RESPULES 500MCG/2ML 20.S,331132,26/02/2027,12,HỘP,,,"12 hộp móp rách trong 06 thùng nguyên vẹn, thùng chẵn, các thùng số 79, 28, 123, 29, 282, 279 - 000207074",
BBSC-0596-1225,12/12/2025,Hoàn tất,J&J,HÀNG LÀM DỊCH VỤ,Không đạt Cảm quan,11122025,Team ĐGC2,Như,Thiện,,,JJ1000001,FUGACAR 500MG TAB. B/1,2595008,27/10/2030,7,HỘP,,,"06 hộp trầy xước bao bì, 01 hộp lỗi LOT",
BBSC-0597-1225,12/12/2025,Khởi tạo,ABBOTT,HÀNG NHẬP KHẨU,Sai số lượng,9022185229/30,Kho Nhập,Trinh,,,,ST9-ATV07F45/80,ATV07F45/80 AMPLATZER TREVISIO INTRAVASCULAR DELIVERY SYSTEM,11019059,31/08/2028,1,CÁI,,,Dư 1 cái,
BBSC-0598-1225,12/12/2025,Hoàn tất,VE PHARMA,HÀNG NHẬP KHẨU,Không đạt Cảm quan,S21-2711 (VEVN25/01/09/22),Team ĐGC2,Như,Lữ,,chưa scan,SC6100001,OSTEOCARE LIQUID 200ML,50691,30/04/2027,3,HỘP,,,12.12.25: 03 hộp rách nặng - LPN010623,
BBSC-0598-1225,12/12/2025,Hoàn tất,VE PHARMA,HÀNG NHẬP KHẨU,Không đạt Cảm quan,S21-2711 (VEVN25/01/09/22),Team ĐGC2,Như,Lữ,,chưa scan,SC6100019,WELLBABY MULTI-VITAMIN LIQUID (CHAI 150ML),50726,31/05/2027,312,HỘP,,,12.12.25 : 312 hộp móp nhẹ chữ C - LPN010624,
BBSC-0598-1225,12/12/2025,Hoàn tất,VE PHARMA,HÀNG NHẬP KHẨU,Không đạt Cảm quan,S21-2711 (VEVN25/01/09/22),Team ĐGC2,Như,Lữ,,chưa scan,SC6100011,PERFECTIL (H/30 VIEN),PFT2504A,29/02/2028,8,HỘP,,,"18.12.25 : 07 hộp móp rách nặng, 01 hộp không lot date",
BBSC-0599-1225,15/12/2025,Hoàn tất,WW,HÀNG NHẬP KHẨU,Không đạt Cảm quan,NA,Phòng QA,Khôi,,,,WO1100004,SILYGAMMA 150MG 100.S,464834,31/05/2028,2430,HỘP,,,"Lỗi vỉ, có vết lạ",
BBSC-0599-1225,15/12/2025,Hoàn tất,WW,HÀNG NHẬP KHẨU,Không đạt Cảm quan,NA,Phòng QA,Khôi,,,,WO1100004,SILYGAMMA 150MG 100.S,471612,31/08/2028,1,HỘP,,,"Lỗi vỉ, có vết lạ",
BBSC-0599-1225,15/12/2025,Hoàn tất,WW,HÀNG NHẬP KHẨU,Không đạt Cảm quan,NA,Phòng QA,Khôi,,,,WO1100004,SILYGAMMA 150MG 100.S,471613,31/08/2028,9534,HỘP,,,"Lỗi vỉ, có vết lạ",
BBSC-0599-1225,15/12/2025,Hoàn tất,WW,HÀNG NHẬP KHẨU,Không đạt Cảm quan,NA,Phòng QA,Khôi,,,,WO1100004,SILYGAMMA 150MG 100.S,471614,31/08/2028,9700,HỘP,,,"Lỗi vỉ, có vết lạ",
BBSC-0600-1225,15/12/2025,Hoàn tất,J&J,HÀNG LÀM DỊCH VỤ,Không đạt Cảm quan,12122025,Team ĐGC2,Như,Lữ,,,JJ1000001,FUGACAR 500MG TAB. B/1,2595008,27/10/2030,1,HỘP,,,01 hộp rách,
BBSC-0601-1225,15/12/2025,Khởi tạo,SANOFI,CN. ĐÀ NẴNG (Điều chuyển),Không đạt Cảm quan,47300,Kho Nhập,Yến,,,,SA1200012,LOVENOX 40MG/0.4ML INJ. B/ 2 SYRINGES VN,JS514A,31/10/2026,8,Hộp,,,Móp,
BBSC-0602-1225,15/12/2025,Hoàn tất,J&J,HÀNG LÀM DỊCH VỤ,Không đạt Cảm quan,12122025,Team ĐGC2,Như,Lữ,,,JJ1000001,FUGACAR 500MG TAB. B/1,2595008,27/10/2030,1,HỘP,,,01 hộp lỗi lot date,
BBSC-0603-1225,16/12/2025,Hoàn tất,ASTRAZENECA,HÀNG TRONG NƯỚC,Không đạt Cảm quan,730,Kho Nhập,Yến,,,,AZ1100007,NOLVADEX-D 20 MG TABLETS 3 BLISTERS X 10.S,SV977,17/03/2030,4,HỘP,,,"04 hộp móp rách trong các thùng chẵn, nguyên vẹn số 007-008 (01 hộp), 785-786 (03 hộp).",
BBSC-0604-1225,17/12/2025,Hoàn tất,J&J,HÀNG LÀM DỊCH VỤ,Không đạt Cảm quan,16122025,Team ĐGC2,Như,Lữ,,,JJ1000001,FUGACAR 500MG TAB. B/1,2595009,28/10/2030,2,HỘP,,,02 hộp trầy xước bao bì,
BBSC-0605-1225,17/12/2025,Khởi tạo,Dr.Reddy's,HÀNG NHẬP KHẨU,Không đạt Cảm quan,,Kho Nhập,Trinh,,,,RD1100013,RIVAXORED 20MG (HOP/1VI X 14VIEN),,,0,,,,,
BBSC-0606-1225,17/12/2025,Khởi tạo,Dr.Reddy's,HÀNG NHẬP KHẨU,Không đạt Cảm quan,,Kho Nhập,Trinh,,,,RD1100004,STAMLO 5 (H/2VI X 10VIEN),,,0,,,,,
BBSC-0607-1225,17/12/2025,Hoàn tất,VE PHARMA,HÀNG NHẬP KHẨU,Không đạt Cảm quan,S31-0812 (VEVN25/01/11/28),Team ĐGC2,Như,Lữ,,chưa scan,SC6100018,"PREGNACARE BREAST-FEEDING (HOP/56 VIEN NEN, 28 VIEN NANG)",PB2528CP,30/06/2028,15,HỘP,,,"17.12.25 : 5 hộp rách nặng, 10 hộp lỗi LOT - LPN010648",
BBSC-0607-1225,17/12/2025,Hoàn tất,VE PHARMA,HÀNG NHẬP KHẨU,Không đạt Cảm quan,S31-0812 (VEVN25/01/11/28),Team ĐGC2,Như,Lữ,,chưa scan,SC6100025,"PREGNACARE MAX (H/56 VIEN NEN, 28 VIEN NANG)",PM2519CP,29/02/2028,26,HỘP,,,"23.12.25 : 02 hộp móp nặng - LPN010674
 24.12.25 : 24 hộp móp rách nặng",
BBSC-0609-1225,17/12/2025,Khởi tạo,ASTRAZENECA,HÀNG TRONG NƯỚC,Không đạt Cảm quan,741,Kho Nhập,Yến,,,,AZ1100007,NOLVADEX-D 20 MG TABLETS 3 BLISTERS X 10.S,SV977,17/03/2030,7,HỘP,,,Móp rách,
BBSC-0610-1225,18/12/2025,Khởi tạo,MEGA (MAXXCARE),HÀNG TRONG NƯỚC,Không đạt Cảm quan,451,Kho Nhập,Yến,,,,MG1100043,PANFOR SR-500 (HOP/5 VI X 20 VIEN),A08882501,10/02/2028,2,HỘP,,,"Móp, rách nặng",
BBSC-0610-1225,18/12/2025,Khởi tạo,MEGA (MAXXCARE),HÀNG TRONG NƯỚC,Không đạt Cảm quan,451,Kho Nhập,Yến,,,,MG1100047,PERGLIM M-1 (HOP/5 VI X 20 VIEN),A08912510,09/09/2027,3,HỘP,,,"Móp, rách nặng",
BBSC-0611-1225,18/12/2025,Hoàn tất,HYPHENS,HÀNG NHẬP KHẨU,Không đạt Cảm quan,SI-25-000730,Team ĐGC2,Như,Lữ,,công nợ - Kim Hyphens,HY1100013,RUPAFIN (ORAL SOLUTION 120ML),25510,31/01/2028,3,HỘP,,,03 hộp thiếu chai,
BBSC-0612-1225,19/12/2025,Hoàn tất,ASTRAZENECA,HÀNG TRONG NƯỚC,Không đạt Cảm quan,745,Kho Nhập,Yến,,,BBSC nội bộ,AZ1312001,PULMICORT RESPULES 500MCG/2ML 20.S,331132,26/02/2027,10,Hộp,,,"10 hộp móp rách trong các thùng chẵn, nguyên vẹn số 90, 104, 112, 281, 283, 284, 292.",
BBSC-0613-1225,22/12/2025,Khởi tạo,TORRENT,HÀNG NHẬP KHẨU,Không đạt Cảm quan,,Kho Nhập,Trinh,,,,,,,,0,,,,,
BBSC-0615-1225,22/12/2025,Hoàn tất,TORRENT,HÀNG NHẬP KHẨU,Sai khác AW,9116019497,Phòng QA,Phúc,,,Chưa scan,TR1100040,TORPACE-5 (HOP/10 VI X 10 VIEN),CFM4M002,05/11/2027,768,HỘP,,,"TCCL không đúng với MA DAV
 Lỗi đánh máy tờ HDSD",
BBSC-0616-1225,23/12/2025,Hoàn tất,Dr.Reddy's,HÀNG NHẬP KHẨU,Không đạt Cảm quan,9013518364,Team ĐGC2,Như,Thiện,,chưa scan,RD1100004,STAMLO 5 (H/2VI X 10VIEN),B2503423,30/09/2027,6,HỘP,,,"23.12.25 : 05 hộp rách - LPN010675
 31.12.25 : 01 hộp rách nặng (rách vỉ)",
BBSC-0621-1225,25/12/2025,Khởi tạo,ASCENCIA,HÀNG NHẬP KHẨU,Không đạt Cảm quan,SG00001402,Kho Nhập,Trinh,,,,,TK107830543110,N/A,,0,,,,,
BBSC-0623-1225,29/12/2025,Khởi tạo,VE PHARMA,HÀNG NHẬP KHẨU,Không đạt Cảm quan,,Kho Nhập,Trinh,,,,,,,,0,,,,,
BBSC-0626-1225,30/12/2025,Khởi tạo,Dr.Reddy's,HÀNG NHẬP KHẨU,Không đạt Cảm quan,9013521736,Kho Nhập,Trinh,,,,,,,,0,,,,,
BBSC-0627-1225,30/12/2025,Khởi tạo,Dr.Reddy's,HÀNG NHẬP KHẨU,Không đạt Cảm quan,9013521644,Kho Nhập,Trinh,,,,,,,,0,,,,,
BBSC-0629-1225,31/12/2025,Khởi tạo,Dr.Reddy's,HÀNG NHẬP KHẨU,Không đạt Cảm quan,,Kho Nhập,Trinh,,,,,,,,0,,,,,
BBSC-0630-1225,31/12/2025,Hoàn tất,BIOTRONIK,HÀNG TRONG NƯỚC,Sai khác AW,217 & 218,Team ĐGC2,Như,Lữ,,"mail ""BIOTRONIK - PANTERA LUX - THIẾU NHÃN""",BK365112,PANTERA LUX 2.0/20,N/A,,8,CÁI,,,Có nhiều sản phẩm thiếu nhãn Qrcode - công bố,
BBSC-0630-1225,31/12/2025,Hoàn tất,BIOTRONIK,HÀNG TRONG NƯỚC,Sai khác AW,217 & 218,Team ĐGC2,Như,Lữ,,"mail ""BIOTRONIK - PANTERA LUX - THIẾU NHÃN""",BK365113,PANTERA LUX 2.0/25,N/A,,20,CÁI,,,Có nhiều sản phẩm thiếu nhãn Qrcode - công bố,
BBSC-0630-1225,31/12/2025,Hoàn tất,BIOTRONIK,HÀNG TRONG NƯỚC,Sai khác AW,217 & 218,Team ĐGC2,Như,Lữ,,"mail ""BIOTRONIK - PANTERA LUX - THIẾU NHÃN""",BK365123,PANTERA LUX 2.5/25,N/A,,30,CÁI,,,Có nhiều sản phẩm thiếu nhãn Qrcode - công bố,
BBSC-0630-1225,31/12/2025,Hoàn tất,BIOTRONIK,HÀNG TRONG NƯỚC,Sai khác AW,217 & 218,Team ĐGC2,Như,Lữ,,"mail ""BIOTRONIK - PANTERA LUX - THIẾU NHÃN""",BK365133,PANTERA LUX 3.5/25,N/A,,5,CÁI,,,Có nhiều sản phẩm thiếu nhãn Qrcode - công bố,
BBSC-0631-1225,31/12/2025,Hoàn tất,DAVIPHARM,HÀNG TRONG NƯỚC,Không đạt Cảm quan,2244,Kho Nhập,Trinh,,,,DV1100350,ZOLAFREN (5MG) (HOP/28 VIEN) - EU,13595954,05/11/2027,3,HỘP,,,Chờ xuất trả hãng - LPN010705,
BBSC-0001-0126,05/01/2026,Khởi tạo,ASCENCIA,HÀNG NHẬP KHẨU,Không đạt Cảm quan,SG00001402,Team ĐGC2,Như,Phúc,,,BE-90001894,90001894 CONTOUR TS BLOOD GLUCOSE TEST STRIPS 50.S (QUE THU DUNG CHO MAY DO DUONG HUYET),DP5HM3F01B,31/08/2027,5,HỘP,LPN010703,,"Móp, rách nặng",
BBSC-0003-0126,06/01/2026,Khởi tạo,Dr.Reddy's,HÀNG NHẬP KHẨU,Không đạt Cảm quan,9013521736,Team ĐGC2,Như,Phúc,,,RD1100016,STAMLO-T (HOP/ 28 VIEN),V2502447,31/10/2027,14,HỘP,LPN010711,,Móp rách nặng,
BBSC-0005-0126,06/01/2026,Khởi tạo,HETERO,HÀNG NHẬP KHẨU,Không đạt Cảm quan,,Kho Nhập,Trinh,,,,,,,,0,,,,,
BBSC-0006-0126,07/01/2026,Hoàn tất,ASTRAZENECA,HÀNG TRONG NƯỚC,Không đạt Cảm quan,12,Kho Nhập,Yến,Thiện,,,AZ1312002,PULMICORT RESPULES 1MG.2ML 20X2ML VN,PFMB,27/05/2027,1,HỘP,,,"01 hộp móp trong thùng chẵn, nguyên vẹn.",
BBSC-0009-0126,07/01/2026,Khởi tạo,J&J,HÀNG LÀM DỊCH VỤ,Không đạt Cảm quan,6012026,Team ĐGC2,Như,Phúc,,,JJ1000001,FUGACAR 500MG TAB. B/1,2595014,30/10/2030,1,HỘP,LPN010731,,Móp rách,
BBSC-0014-0126,10/01/2026,Khởi tạo,VE PHARMA,HÀNG NHẬP KHẨU,Không đạt Cảm quan,,Kho Nhập,Trinh,,,,,,,,0,,,,,
BBSC-0016-0126,14/01/2026,Hoàn tất,WW,HÀNG NHẬP KHẨU,Không đạt Cảm quan,91756741,Kho Nhập,Trinh,,,,,TK107882773350,N/A,,2,PALLET,,,"Móp, rách vỏ thùng ngoài",
BBSC-0017-0126,14/01/2026,Khởi tạo,J&J,HÀNG LÀM DỊCH VỤ,Không đạt Cảm quan,13012026,Team ĐGC2,Như,Phúc,,,JJ1000005,FUGACAR (500MG 1 TABL.VIETN.),25GQ035,01/07/2028,1,HỘP,LPN010776,,"02 hộp lỗi lot date,
 01 hộp rách",
BBSC-0018-0126,14/01/2026,Hoàn tất,ASTRAZENECA,HÀNG TRONG NƯỚC,Không đạt Cảm quan,26,Kho Nhập,Yến,Lữ,,,AZ1100007,NOLVADEX-D TAB 20MG BL 3X10 EA VN,SV892,15/01/2029,1,HỘP,210667,,01 hộp móp rách nặng,
BBSC-0021-0126,15/01/2026,Khởi tạo,J&J,HÀNG LÀM DỊCH VỤ,Không đạt Cảm quan,14012026,Team ĐGC2,Như,Phúc,,,JJ1000005,FUGACAR (500MG 1 TABL.VIETN.),25GQ035,01/07/2028,1,HỘP,LPN010780,,Rách,
BBSC-0024-0126,16/01/2026,Khởi tạo,J&J,HÀNG LÀM DỊCH VỤ,Không đạt Cảm quan,15012026,Team ĐGC2,Như,Phúc,,,JJ1000005,FUGACAR (500MG 1 TABL.VIETN.),25GQ035,01/07/2028,3,HỘP,,,Rách,
BBSC-0622-1225,26/12/2025,Hoàn tất,J&J,HÀNG LÀM DỊCH VỤ,Không đạt Cảm quan,25122025,Team ĐGC2,Lữ,Lữ,,,JJ1000001,FUGACAR 500MG TAB. B/1,2595011,28/10/2030,1,HỘP,,,01 hộp móp,
BBSC-0625-1225,30/12/2025,Hoàn tất,J&J,HÀNG LÀM DỊCH VỤ,Không đạt Cảm quan,29122025,Team ĐGC2,Như,Lữ,,,JJ1000001,FUGACAR 500MG TAB. B/1,2595012,29/10/2030,0,HỘP,,,01 hộp móp,
BBSC-0614-1225,22/12/2025,Hoàn tất,J&J,HÀNG LÀM DỊCH VỤ,Không đạt Cảm quan,19122025,Team ĐGC2,Như,Lữ,,,JJ1000001,FUGACAR 500MG TAB. B/1,2595011,28/10/2030,1,HỘP,,,"01 hộp trầy, xước bao bì",
BBSC-0004-0126,06/01/2026,Khởi tạo,Dr.Reddy's,HÀNG NHẬP KHẨU,Không đạt Cảm quan,9013521644,Team ĐGC2,Như,Phúc,,,RD1100016,STAMLO-T (HOP/ 28 VIEN),V2502453,31/10/2027,1,HỘP,LPN010710,,"06/01/2026:
 - 1 hộp lỗi lot date",
BBSC-0004-0126,06/01/2026,Khởi tạo,Dr.Reddy's,HÀNG NHẬP KHẨU,Không đạt Cảm quan,9013521644,Team ĐGC2,Như,Phúc,,,RD1100016,STAMLO-T (HOP/ 28 VIEN),V2502457,31/10/2027,1,HỘP,LPN010744,,"08/01/2026:
 - 1 hộp lỗi lot date",
BBSC-0004-0126,06/01/2026,Khởi tạo,Dr.Reddy's,HÀNG NHẬP KHẨU,Không đạt Cảm quan,9013521644,Team ĐGC2,Như,Phúc,,,RD1100016,STAMLO-T (HOP/ 28 VIEN),V2502454,31/10/2027,13,HỘP,LPN010719,,"06/01/2026:
 - 13 hộp móp rách, lỗi in lot date",
BBSC-0027-0126,19/01/2026,Đóng,J&J,HÀNG LÀM DỊCH VỤ,Không đạt Cảm quan,16012026,Team ĐGC2,Như,Phúc,,,JJ1000005,FUGACAR (500MG 1 TABL.VIETN.) ,25IQ153,29/09/2028,1,Hộp,LPN010791,,01 hộp in ngược lot date,"Hàng đóng gói cấp 2, trả hãng"
BBSC-0031-0126,19/01/2026,Đóng,J&J,HÀNG LÀM DỊCH VỤ,Không đạt Cảm quan,16012026,Team ĐGC2,Như,Phúc,,,JJ1000005,FUGACAR (500MG 1 TABL.VIETN.)  ,25GQ035,01/07/2028,4,Hộp,LPN010798,0000034279,"2 hộp móp, 2 hộp rách",Hàng đóng gói cấp 2 trả hãng
BBSC-0025-0126,17/01/2026,Đóng,J&J,HÀNG LÀM DỊCH VỤ,Không đạt Cảm quan,16012026,Team ĐGC2,Như,Phúc,,,JJ1000005,FUGACAR (500MG 1 TABL.VIETN.)  ,25GQ035,01/07/2028,2,Hộp,LPN010793,,"01 hộp rách, 01 hộp in ngược lot date","Hàng đóng gói cấp 2, trả hãng"
BBSC-0010-0126,07/01/2026,Khởi tạo,Dr.Reddy's,HÀNG NHẬP KHẨU,Không đạt Cảm quan,9013522269,Team ĐGC2,Như,Phúc,,,RD1100016,STAMLO-T (HOP/ 28 VIEN),V2502446,31/10/2027,7,Hộp,LPN010733,,"07/01/2026:
 - 07 hộp móp nặng",
BBSC-0010-0126,07/01/2026,Khởi tạo,Dr.Reddy's,HÀNG NHẬP KHẨU,Không đạt Cảm quan,9013522269,Team ĐGC2,Như,Phúc,,,RD1100016,STAMLO-T (HOP/ 28 VIEN),V2502457,31/10/2027,3,Hộp,LPN010734,,"07/01/2026:
 - 07 hộp móp nặng",
BBSC-0015-0126,12/01/2026,Khởi tạo,Dr.Reddy's,HÀNG NHẬP KHẨU,Không đạt Cảm quan,9013520177,Team ĐGC2,Như,Phúc,,,RD1100004,STAMLO 5 (H/2VI X 10VIEN),B2503424,30/09/2027,112,HỘP,"LPN010756 , LPN010759",,"12/01/2026:
 - 46 hộp móp nhẹ,
 - 56 hộp móp rách nặng,
 - 10 hộp ố vàng,",
BBSC-0033-0126,21/01/2026,Chờ hết INV,VE PHARMA,HÀNG NHẬP KHẨU,Không đạt Cảm quan,S03-AIR VEVN26/01/01/09,Team ĐGC2,Như,Phúc,,,SC6100017,WELLKID MULTI-VITAMIN LIQUID (CHAI/150ML)  ,51407,30/09/2027,4,Hộp,LPN010813,0000034293,"02 hộp móp
02 hộp lỗi lot date",
BBSC-0034-0126,21/01/2026,Hoàn tất,J&J,HÀNG LÀM DỊCH VỤ,Không đạt Cảm quan,20012026,Team ĐGC2,Như,Phúc,,,JJ1000005,FUGACAR (500MG 1 TABL.VIETN.)  ,25IQ153,29/09/2028,5,Hộp,LPN010814,0000034316,"1 hộp rách
4 hộp lỗi in lot date",
BBSC-0029-0126,19/01/2026,Hoàn tất,HYPHENS,CN. HƯNG YÊN (Điều chuyển),Không đạt Cảm quan,00003740,Kho Nhập,Yến,Lữ,,Hà - Hưng Yên theo dõi,HY1300044,STERIMAR NOSE HYGIENE BABY 50 ML,FE4025B,31/01/2027,1,HOP,000211082,54-18832,01 hộp không lot date,"thông báo plan, QA CNHY"
BBSC-0028-0126,19/01/2026,Đóng,VE PHARMA,HÀNG NHẬP KHẨU,Sai số lượng,S02-AIR VEVN26/01/01/06,Team ĐGC2,Như,Phúc,,,SC6100004,OSTEOCARE (H/30 VIEN)  ,OT2507P,30/09/2029,1,Hôp,LPN010794,0000034199,Thiếu ,
BBSC-0023-0126,16/01/2026,Hoàn tất,Dr.Reddy's,HÀNG NHẬP KHẨU,Không đạt Cảm quan,9013523562,Kho Nhập,Trinh,,Not scan,,,TK107879872810,N/A,,4,THÙNG,,,"Móp, rách vỏ thùng ngoài",
BBSC-0020-0126,15/01/2026,Khởi tạo,WW,HÀNG NHẬP KHẨU,Không đạt Cảm quan,91756741,Team ĐGC2,Như,Phúc,Đã mail hãng,,WO1100005,ALFA – LIPOGAMMA 600 ORAL BOX/30.S,455012,24/04/2028,4,HỘP,LPN010778,0000034227,Móp rách,
BBSC-0025-0125,15/01/2025,Hoàn tất,BESIN,HÀNG NHẬP KHẨU,Không đạt Cảm quan,SD1-8101B-2412-00055,Team ĐGC2,Như,Lữ,,,BS1400001,PAPILOCARE (21 CANNULAS X 5ML),W0721,31/05/2028,6,HỘP,,,15.01.25 : 6 hộp ố vàng,
BBSC-0025-0125,15/01/2025,Hoàn tất,BESIN,HÀNG NHẬP KHẨU,Không đạt Cảm quan,SD1-8101B-2412-00055,Team ĐGC2,Như,Lữ,,,BS1400001,PAPILOCARE (21 CANNULAS X 5ML),W0731,31/05/2028,4,HỘP,,,21.01.25 : 4 hộp ố,
BBSC-0106-0325,12/03/2025,Hoàn tất,HETERO,HÀNG NHẬP KHẨU,Không đạt Cảm quan,SI3624206628,Team ĐGC2,Như,Lữ,,đã xuất,HT1100011,YESOM 40 (HOP/30 VIEN),E244227,28/08/2026,4,HỘP,LPN009088,,"12.03.25 : 2 hộp rách vỉ (4 vỉ)
 20.03.25 : 1 hộp rách vỉ (3 vỉ)
 22.05.25 : 1 hộp rách vỉ (1 vỉ)",
BBSC-0032-0125,22/01/2025,Khởi tạo,HETERO,HÀNG NHẬP KHẨU,Không đạt Cảm quan,SI9224205856,Team ĐGC2,Như,Phúc,,,HT1100016,LOSAGEN 50 (HOP/ 30 VIEN),FD243920,07/10/2026,9,HỘP,,,"22.01.25 : 8 hộp lỗi bao bì
 05/02/2025: 1 hộp móp nặng (LPN008355)",
BBSC-0032-0125,22/01/2025,Khởi tạo,HETERO,HÀNG NHẬP KHẨU,Không đạt Cảm quan,SI9224205856,Team ĐGC2,Như,Phúc,,,HT1100016,LOSAGEN 50 (HOP/ 30 VIEN),FD243920,07/10/2026,1,HỘP,,,Thiếu,
BBSC-0037-0126,23/01/2026,Hoàn tất,HETERO,HÀNG NHẬP KHẨU,Không đạt Cảm quan,SI9225207692,Kho Nhập,Trinh,,,,HT1100004,PANTIN 40 (HOP/ 30 VIEN),,23/01/2026,10,thùng,,0000034396,"MÓP, RÁCH VỎ THÙNG NGOÀI","Chuyển vào khu vực biệt trữ, thông báo các bp liên quan, chờ kiểm tra chi tiết hàng bên trong."
BBSC-0039-0126,26/01/2026,Hoàn tất,HETERO,CN. ĐÀ NẴNG (Điều chuyển),Không đạt Cảm quan,00002755,Kho Nhập,Yến,,Not scan,,HT1100005,CELOFIN 200MG (HOP/30 VIEN),FD242484,18/08/2026,28,HỘP,"000212275, 000212276",54-19019,"17 hộp móp nhẹ móp 
11 hộp móp nặng ","11 hộp móp nặng xuất chỉ định, còn lại release"
BBSC-0039-0126,26/01/2026,Hoàn tất,HETERO,CN. ĐÀ NẴNG (Điều chuyển),Không đạt Cảm quan,00002755,Kho Nhập,Yến,,Not scan,,RH7300328,KEM RUA MAT SACH SAU VA NGAN NGUA MUN,KB05,09/11/2029,3,HỘP,000212272,54-19019,Xước,release
BBSC-0039-0126,26/01/2026,Hoàn tất,HETERO,CN. ĐÀ NẴNG (Điều chuyển),Không đạt Cảm quan,00002755,Kho Nhập,Yến,,Not scan,,RH7300328,KEM RUA MAT SACH SAU VA NGAN NGUA MUN,KB08,11/11/2029,10,HỘP,000212274,54-19019,Xước,release
BBSC-0041-0126,27/01/2026,Hoàn tất,VE PHARMA,HÀNG NHẬP KHẨU,Không đạt Cảm quan,VEVN26/01/01/22,Kho Nhập,Trinh,Thiện,Not scan,,NA,TK 107928436560,NA,,1,pallet,,0000034449,"MÓP, RÁCH VỎ THÙNG NGOÀI","Chuyển vào khu chờ ĐGC2, thông báo các bộ phận liên quan, chờ kiểm tra chi tiết bên trong"
BBSC-0049-0226,02/02/2026,Khởi tạo,CPC1,HÀNG TRONG NƯỚC,Không đạt Cảm quan,963,Kho Nhập,Trinh,Phúc,,,HY1200006,XENETIX 300 (HOP/25 LO x 50ML),25WC0515,31/08/2028,275,lọ,,,Hàng bị rách vỏ thùng ngoài,"Tách riêng hàng, thông báo các bộ phận liên quan"
BBSC-0048-0226,02/02/2026,Hoàn tất,J&J,HÀNG LÀM DỊCH VỤ,Không đạt Cảm quan,30012026,Team ĐGC2,Như,Thiện,,,JJ1000001,FUGACAR 500MG TAB. B/1  ,2595017,31/10/2030,3,HỘP,LPN010882,0000034514,"03 hộp lỗi in LOT, DATE 2 lần trong các thùng chẵn, nguyên vẹn số 52, 69, 119 (Product Code: 100653013).","Hàng làm dịch vụ, chuyển trả hãng."
BBSC-0045-0126,31/01/2026,Hoàn tất,J&J,HÀNG LÀM DỊCH VỤ,Không đạt Cảm quan,,Team ĐGC2,Như,Phúc,,,JJ1000001,FUGACAR 500MG TAB. B/1,2595017,31/10/2030,1,HỘP,LPN010878,0000034514,01 hộp rách,Hàng DDGC2 trả hãng
BBSC-0067-0225,26/02/2025,Khởi tạo,VE PHARMA,HÀNG NHẬP KHẨU,Không đạt Cảm quan,2402 -S04_INVVEVN25/01/02/14,Team ĐGC2,Như,Phúc,,,SC6100017,WELLKID MULTI-VITAMIN LIQUID (CHAI/150ML),41750,31/10/2026,4,HỘP,,,26/02/2025: 04 hộp móp nặng (LPN008495 ),
BBSC-0067-0225,26/02/2025,Khởi tạo,VE PHARMA,HÀNG NHẬP KHẨU,Không đạt Cảm quan,2402 -S04_INVVEVN25/01/02/14,Team ĐGC2,Như,Phúc,,,SC6100018,"PREGNACARE BREAST-FEEDING (HOP/56 VIEN NEN, 28 VIEN NANG)",PB2501,30/09/2027,414,HỘP,,,"26/02/2025: 4 hộp móp rách nặng, 410 tem trong niêm phong lệch vị trí (LPN008498 or LPN008499)",
BBSC-0050-0226,03/02/2026,Khởi tạo,TORRENT,HÀNG NHẬP KHẨU,Không đạt Cảm quan,9016040764,Kho Nhập,Trinh,Phúc,,,TR1100036,PANLOZ 20 (HOP/ 30 VIEN),BRU3M002,18/08/2027,1,THÙNG,,0000034572,"Móp, dập vỏ thùng ngoài","Chuyển khu vực biệt trữ, thông báo các bộ phận liên quan, chờ kiểm tra chi tiết hàng bên trong"
BBSC-0051-0226,03/02/2026,Hoàn tất,J&J,HÀNG LÀM DỊCH VỤ,Không đạt Cảm quan,02022026,Team ĐGC2,Như,Thiện,,,JJ1000001,FUGACAR 500MG TAB. B/1  ,2595017,31/10/2030,2,HỘP,,0000034540,"01 hộp lỗi in LOT, DATE 2 lần trong thùng số 27; 01 hộp móp, rách trong thùng số 12. (Product Code: 100653013).",Hàng đóng gói cấp 2 - Gửi trả hãng.
BBSC-0038-0126,23/01/2026,Khởi tạo,Dr.Reddy's,HÀNG NHẬP KHẨU,Không đạt Cảm quan,9013523562,Team ĐGC2,Như,Phúc,,,RD1100029,HISTALONG L 5MG (HOP/20 VIEN),V2502524,30/11/2027,3,Hộp,LPN010826,0000034277,"01 hộp dính mực, 02 hộp móp nặng",
BBSC-0038-0126,23/01/2026,Khởi tạo,Dr.Reddy's,HÀNG NHẬP KHẨU,Không đạt Cảm quan,9013523562,Team ĐGC2,Như,Phúc,,,RD1100029,HISTALONG L 5MG (HOP/20 VIEN),V2502525,30/11/2027,1,Hộp,LPN010828,0000034277,01 hộp rách,
BBSC-0038-0126,23/01/2026,Khởi tạo,Dr.Reddy's,HÀNG NHẬP KHẨU,Không đạt Cảm quan,9013523562,Team ĐGC2,Như,Phúc,,,RD1100029,HISTALONG L 5MG (HOP/20 VIEN),V2502526,30/11/2027,2,Hộp,LPN010833,0000034277,"01 hộp rách, 01 hộp móp",
BBSC-0040-0126,26/01/2026,Chờ hết INV,HETERO,HÀNG NHẬP KHẨU,Không đạt Cảm quan,SI9225207692,Team ĐGC2,Như,Phúc,,,HT1100004,PANTIN 40 (HOP/ 30 VIEN)  ,FD257587B,30/11/2027,17,HỘP,"LPN010846,  LPN010850",0000034396,"1 hộp lỗi lô, 2 hộp trầy mất chữ, 14 hộp rách",
BBSC-0053-0226,04/02/2026,Hoàn tất,MEGA (MAXXCARE),HÀNG TRONG NƯỚC,Không đạt Cảm quan,22,Kho Nhập,Yến,Lữ,,,MG1100044,PANFOR SR-750 (HOP/10 VI X 10 VIEN),A08902515,07/11/2027,6,HỘP,000213464,0000034543,06 hộp móp rách nặng,
BBSC-0057-0226,04/02/2026,Hoàn tất,BESIN,HÀNG NHẬP KHẨU,Vượt Nhiệt độ,SD1-8101B-2601-00079,Phòng QA,Lữ,,,"Mail ""BESIN - INV SD1-8101B-2601-00079 - Papilocare - DỮ LIỆU NHIỆT ĐỘ"", mail ngày 04/02/2026",BS1400001,PAPILOCARE (21 CANNULAS X 5ML),X0151,31/08/2028,1920,HOP,000213517 OR 000213518 OR 000213520,0000034598,Nhiệt độ vượt : max 25.2,release - mail Phượng
BBSC-0057-0226,04/02/2026,Hoàn tất,BESIN,HÀNG NHẬP KHẨU,Vượt Nhiệt độ,SD1-8101B-2601-00079,Phòng QA,Lữ,,,"Mail ""BESIN - INV SD1-8101B-2601-00079 - Papilocare - DỮ LIỆU NHIỆT ĐỘ"", mail ngày 04/02/2026",BS1400001,PAPILOCARE (21 CANNULAS X 5ML),X0141,31/08/2028,2198,HOP,000213513 OR 000213514 OR 000213515 OR 000213516,0000034598,Nhiệt độ vượt : max 25.2,release - mail Phượng
BBSC-0059-0226,05/02/2026,Hoàn tất,J&J,HÀNG LÀM DỊCH VỤ,Không đạt Cảm quan,04022026,Team ĐGC2,Như,Thiện,,,JJ1000001,FUGACAR 500MG TAB. B/1  ,2595019,03/11/2030,1,Hộp,LPN010917,0000034596,"01 hộp rách trong thùng chẵn, nguyên vẹn số 117 (Product Code: 100653013). (LDG-0225-0226)",
BBSC-0059-0226,05/02/2026,Hoàn tất,J&J,HÀNG LÀM DỊCH VỤ,Không đạt Cảm quan,04022026,Team ĐGC2,Như,Thiện,,,JJ1000001,FUGACAR 500MG TAB. B/1  ,2595021,04/11/2030,1,Hộp,LPN010918,0000034596,"01 hộp lỗi in LOT, DATE 2 lần trong thùng chẵn, nguyên vẹn số 117 (Product Code: 100653013). (LDG-0227-0226).",
BBSC-0520-1125,06/11/2025,Khởi tạo,MAYOLY,HÀNG TRONG NƯỚC,Không đạt Cảm quan,656,Kho Nhập,Khải,,,,MY1100008,FORLAX 10G 20SACH VN,C61007,02/10/2027,1,HỘP,LPN010471,,Rò rỉ thuốc,
BBSC-0366-0725,29/07/2025,Hoàn tất,HETERO,HÀNG NHẬP KHẨU,Không đạt Cảm quan,SI9225201666,Team ĐGC2,Như,Thiện,Not scan,,HT1100020,AFATINIB TABLETS 30MG (HOP/ 60 VIEN),FE250301,08/05/2027,4,HỘP,LPN009842,0000031454,29/07/2025: 4 hộp móp nặng,09.02.2026 thay vỏ hộp và release cho hãng
BBSC-0008-0126,07/01/2026,Khởi tạo,VE PHARMA,HÀNG NHẬP KHẨU,Không đạt Cảm quan,S21-2711 VEVN25/01/09/22,Team ĐGC2,Như,Phúc,Đã mail hãng,,SC6100003,FEROGLOBIN B12 CAPSULES (H/30 VIEN),FW2506PA,29/02/2028,3,HỘP,"LPN010722 , LPN010746",,"1 hộp rách, 2 hộp lỗi lot date",
BBSC-0008-0126,07/01/2026,Khởi tạo,VE PHARMA,HÀNG NHẬP KHẨU,Không đạt Cảm quan,S21-2711 VEVN25/01/09/22,Team ĐGC2,Như,Phúc,Đã mail hãng,,SC6100003,FEROGLOBIN B12 CAPSULES (H/30 VIEN),FW2511PA,29/02/2028,8,HỘP,"LPN010755 , LPN010781 , LPN010804 , LPN010815",,"5 hộp lỗi lot date, 3 hộp rách",
BBSC-0007-0126,07/01/2026,Khởi tạo,VE PHARMA,HÀNG NHẬP KHẨU,Không đạt Cảm quan,S31-0812 VEVN25/01/11/28,Team ĐGC2,Như,Phúc,Đã mail hãng,,SC6100018,"PREGNACARE BREAST-FEEDING (HOP/56 VIEN NEN, 28 VIEN NANG)",PB2528CP,30/06/2028,51,HỘP,"LPN010721 , LPN010748 , LPN010768 ",0000033677,"20 hộp lỗi lot date
3 hộp lỗi bao bì
26 hộp móp rách
2 hộp ố vàng",
BBSC-0007-0126,07/01/2026,Khởi tạo,VE PHARMA,HÀNG NHẬP KHẨU,Không đạt Cảm quan,S31-0812 VEVN25/01/11/28,Team ĐGC2,Như,Phúc,Đã mail hãng,,SC6100025,"PREGNACARE MAX (H/56 VIEN NEN, 28 VIEN NANG)",PM2519CP,29/02/2028,10,HỘP,LPN010767,0000033677,"06 hộp móp rách
04 hộp lỗi lot date",
BBSC-0013-0126,09/01/2026,Khởi tạo,VE PHARMA,HÀNG NHẬP KHẨU,Không đạt Cảm quan,S23-2111 VEVN25/01/09/23,Team ĐGC2,Như,Phúc,Đã mail hãng,,SC6100002,FEROGLOBIN B12 LIQUID 200ML,51023,31/07/2027,1,HỘP,LPN010747,0000033370,01 hộp móp nặng,
BBSC-0013-0126,09/01/2026,Khởi tạo,VE PHARMA,HÀNG NHẬP KHẨU,Không đạt Cảm quan,S23-2111 VEVN25/01/09/23,Team ĐGC2,Như,Phúc,Đã mail hãng,,SC6100002,FEROGLOBIN B12 LIQUID 200ML  ,51043,31/07/2027,34,Hộp,LPN010854,0000033370,34 hộp móp rách,
BBSC-0019-0126,14/01/2026,Khởi tạo,VE PHARMA,HÀNG NHẬP KHẨU,Không đạt Cảm quan,S02-AIR VEVN26/01/01/06,Team ĐGC2,Như,Phúc,Đã mail hãng,,SC6100004,OSTEOCARE (H/30 VIEN),OT2507P,30/09/2029,23,HỘP,"LPN010775 ,  LPN010795",0000034199,"22 hộp móp, 01 hộp lỗi in lot date",
BBSC-0019-0126,14/01/2026,Khởi tạo,VE PHARMA,HÀNG NHẬP KHẨU,Không đạt Cảm quan,S02-AIR VEVN26/01/01/06,Team ĐGC2,Như,Phúc,Đã mail hãng,,SC6100004,OSTEOCARE (H/30 VIEN),OT2508P,30/09/2029,11,Hộp,"LPN010786 ,  LPN010801 ",0000034199,11 hộp móp rách,
BBSC-0030-0126,19/01/2026,Khởi tạo,VE PHARMA,HÀNG NHẬP KHẨU,Không đạt Cảm quan,S01-SEA VEVN25/01/11/07,Team ĐGC2,Như,Phúc,Đã mail hãng,,SC6100001,OSTEOCARE LIQUID 200ML  ,51340,30/09/2027,5,Hộp,LPN010800,0000034179,05 hộp rách,
BBSC-0030-0126,19/01/2026,Khởi tạo,VE PHARMA,HÀNG NHẬP KHẨU,Không đạt Cảm quan,S01-SEA VEVN25/01/11/07,Team ĐGC2,Như,Phúc,Đã mail hãng,,SC6100019,WELLBABY MULTI-VITAMIN LIQUID (CHAI 150ML),50963,30/06/2027,1,Hộp,LPN010832,0000034179,01 hộp móp nặng,
BBSC-0030-0126,19/01/2026,Khởi tạo,VE PHARMA,HÀNG NHẬP KHẨU,Không đạt Cảm quan,S01-SEA VEVN25/01/11/07,Team ĐGC2,Như,Phúc,Đã mail hãng,,SC6100019,WELLBABY MULTI-VITAMIN LIQUID - 51137,51137,31/07/2027,3,Hộp,LPN010860,0000034179,02 hộp móp nặng,
BBSC-0062-0226,09/02/2026,Hoàn tất,J&J,HÀNG LÀM DỊCH VỤ,Không đạt Cảm quan,06022026,Team ĐGC2,Như,Thiện,,,JJ1000001,FUGACAR 500MG TAB. B/1  ,2595021,04/11/2030,1,Hộp,LPN010943,0000034632,"01 hộp lỗi in LOT, DATE 2 lần trong thùng chẵn, nguyên vẹn số 54 (Product Code: 100653013)",Hàng làm đóng gói cấp 2 - Gửi trả hãng
BBSC-0061-0226,06/02/2026,Đóng,Dr.Reddy's,HÀNG NHẬP KHẨU,Không đạt Cảm quan,9013526361,Kho Nhập,Trinh,Thiện,,,RD1100030,OMEZ 20MG (HOP/20 VIEN),B2503440,30/06/2027,15,THÙNG,,,"Móp, dập vỏ thùng ngoài",
BBSC-0063-0226,09/02/2026,Đóng,Dr.Reddy's,HÀNG NHẬP KHẨU,Không đạt Cảm quan,9013526362,Kho Nhập,Trinh,Thiện,,,RD1100004,STAMLO 5 (H/2VI X 10VIEN),B2600151,31/12/2027,1,THÙNG,,0000034654,"MÓP, DẬP VỎ THÙNG NGOÀI","Chuyển khu vực biệt trữ, thông báo bộ phận liên quan, chờ kiểm tra chi tiết hàng bên trong."
BBSC-0070-0226,11/02/2026,Hoàn tất,J&J,HÀNG LÀM DỊCH VỤ,Không đạt Cảm quan,10022028,Team ĐGC2,Như,Thiện,,,JJ1000005,FUGACAR (500MG 1 TABL.VIETN.),25IQ154,29/09/2028,2,hộp,LPN010979,0000034691,"02 hộp rách trong các thùng chẵn, nguyên vẹn số 0254/0742 và 0384/0742.",Hàng làm đóng gói cấp 2 - gửi về hãng.
BBSC-0072-0226,12/02/2026,Hoàn tất,J&J,HÀNG LÀM DỊCH VỤ,Không đạt Cảm quan,11022026,Team ĐGC2,Như,Thiện,,,JJ1000005,FUGACAR (500MG 1 TABL.VIETN.)  ,25IQ154,29/09/2028,5,Hộp,LPN010989,0000034713,"04 hộp móp trong thùng chẵn, móp, rách số 0145/0742. 
01 hộp in ngược LOT, DATE trong thùng lẻ.",Hàng làm đóng gói cấp 2 - Gửi về hãng.
BBSC-0073-0226,12/02/2026,Hoàn tất,MEGA (MAXXCARE),HÀNG TRONG NƯỚC,Không đạt Cảm quan,29,Kho Nhập,Yến,Lữ,,,MG1100048,PERGLIM M-2 (HOP/5 VI X 20 VIEN),A08922528,07/11/2027,1,HOP,000214472,0000034693,01 hộp móp rách nặng,
BBSC-0073-0226,12/02/2026,Hoàn tất,MEGA (MAXXCARE),HÀNG TRONG NƯỚC,Không đạt Cảm quan,29,Kho Nhập,Yến,Lữ,,,MG1100043,PANFOR SR-500 (HOP/5 VI X 20 VIEN),A08882501,10/02/2028,1,HOP,000214473,0000034693,01 hộp móp rách nặng,
BBSC-0064-0226,10/02/2026,Hoàn tất,J&J,HÀNG LÀM DỊCH VỤ,Không đạt Cảm quan,09022026,Team ĐGC2,Như,Thiện,,,	JJ1000005,	FUGACAR (500MG 1 TABL.VIETN.),25IQ153,29/09/2028,1,Hộp,LPN010967,0000034665,"01 hộp rách trong thùng chẵn, nguyên vẹn số 0276/0319.",Hàng làm đóng gói cấp 2 - Gửi về hãng.
BBSC-0064-0226,10/02/2026,Hoàn tất,J&J,HÀNG LÀM DỊCH VỤ,Không đạt Cảm quan,09022026,Team ĐGC2,Như,Thiện,,,	JJ1000005,	FUGACAR (500MG 1 TABL.VIETN.),25IQ153,29/09/2028,10,Hộp,LPN010974,0000034665,Thiếu 10 hộp trong thùng nguyên số thùng 0214/0319,Xuất trả Hãng
BBSC-0064-0226,10/02/2026,Hoàn tất,J&J,HÀNG LÀM DỊCH VỤ,Không đạt Cảm quan,09022026,Team ĐGC2,Như,Thiện,,,JJ1000005,FUGACAR (500MG 1 TABL.VIETN.),25IQ154,29/09/2028,1,Hộp,LPN010973,0000034665,"01 hộp rách trong thùng chẵn, nguyên vẹn số 0431/0742",Hàng làm đóng gói cấp 2 - Gửi về hãng.
BBSC-0556-1024,19/10/2024,Hoàn tất,HETERO,HÀNG NHẬP KHẨU,Không đạt Cảm quan,SI9224203319-21-28-30-39,Team ĐGC2,Như,Thảo,Not scan,,HT1100005,CELOFIN 200MG (HOP/30 VIEN),FD242482,15/08/2026,337,HỘP,,,"19/10/2024: 21 h móp, 41 h ố vàng (0556-1024)
 24/10/2024: 275 hộp ố vàng",
BBSC-0556-1024,19/10/2024,Hoàn tất,HETERO,HÀNG NHẬP KHẨU,Không đạt Cảm quan,SI9224203319-21-28-30-39,Team ĐGC2,Như,Thảo,Not scan,,HT1100005,CELOFIN 200MG (HOP/30 VIEN),FD242484,15/08/2026,132,HỘP,,,"26/10/2024: 7 hộp móp
 31/10/2024: 08 hộp móp, 02 hộp không lot, date
 08/11/2024: 06 h ố vàng, 2 hộp móp, 07 hộp rách
 11.11.2024: 91 hộp ố vàng, 09 hộp dính nhau và ố vàng",xuất 10 hộp móp 25/02/2026
BBSC-0044-0126,28/01/2026,Hoàn tất,VE PHARMA,HÀNG NHẬP KHẨU,Sai số lượng,S06-AIR VEVN26/01/01/22,Team ĐGC2,Như,Trinh,,,SC6100004,OSTEOCARE (H/30 VIEN)  ,OT2514P,31/10/2029,1,Hộp,LPN010865,0000034449,Thiếu 01 hộp trong thùng nguyên,
BBSC-0071-0226,12/02/2026,Chờ hết INV,LUYE,HÀNG NHẬP KHẨU,Không đạt Cảm quan,INUK-240266,Team ĐGC2,Như,Thiện,Đã mail hãng,"chị Nhung báo mail hold hàng lại, chờ tìm khách.",LU1100002,SEROQUEL XR TAB 200MG 30.S (HOP/30VIEN)  ,SY012,23/07/2028,1,Hộp,LPN010980,0000034681,01 hộp móp,
BBSC-0071-0226,12/02/2026,Chờ hết INV,LUYE,HÀNG NHẬP KHẨU,Không đạt Cảm quan,INUK-240266,Team ĐGC2,Như,Thiện,Đã mail hãng,"chị Nhung báo mail hold hàng lại, chờ tìm khách.",LU1100003,SEROQUEL XR TAB 50MG 30.S (HOP/30VIEN),SX725,23/06/2028,3,Hộp,LPN011016,0000034681,"03 hộp móp, rách niêm phong",
BBSC-0068-0226,11/02/2026,Hoàn tất,MEGA (MAXXCARE),HÀNG TRONG NƯỚC,Không đạt Cảm quan,28,Kho Nhập,Yến,Lữ,,,MG1100044,PANFOR SR-750 (HOP/10 VI X 10 VIEN),A08902515,07/11/2027,4,HOP,000214291,0000034690,04 hộp móp rách nặng,chuyển hủy - mail chị Trang (maxxcare)
BBSC-0078-0226,25/02/2026,Hoàn tất,Dr.Reddy's,HÀNG NHẬP KHẨU,Không đạt Cảm quan,9013528771,Kho Nhập,Trinh,Phúc,,,RD1200013,WINDUZA (H/1 LO),H260069,31/12/2027,1,THÙNG,,0000034809,"Hàng móp, dập vỏ thùng ngoài",
BBSC-0079-0226,25/02/2026,Hoàn tất,HETERO,HÀNG NHẬP KHẨU,Không đạt Cảm quan,SI3625208258,Kho Nhập,Trinh,,,,HT1100053,TELDY (HOP/1 LO HDPE 30 VIEN),E255947,09/12/2027,3,THÙNG,,0000034807,"Hàng móp, dập vỏ thùng ngoài",chuyển đóng gói cấp 2 kiểm tra cụ thể
BBSC-0591-1124,07/11/2024,Hoàn tất,HYPHENS,HÀNG NHẬP KHẨU,Vượt Nhiệt độ,SI-24-000726,Phòng QA,Phúc,,,,HY1200001,"CUROSURF 120MG/1,5ML (H/1LO X 1,5ML)",1202375,13/01/2026,860,HỘP,,,Nhiệt độ không đạt (Max 11.4 độ),
BBSC-0615-1124,20/11/2024,Hoàn tất,ORIENT,HÀNG NHẬP KHẨU,Vượt Nhiệt độ,20240111,Phòng QA,Phúc,,,,OR5700001,FOSTER,1201261,05/02/2026,1000,HỘP,,,max 10.8oC,
BBSC-0107-0325,13/03/2025,Hoàn tất,HYPHENS,HÀNG NHẬP KHẨU,Vượt Nhiệt độ,SI-25-000092,Phòng QA,Phúc,,,,HY1300022,CETRAXAL (H/15 ONG),X601,07/01/2027,2,PALLET,,,Nhiệt độ 31.3°C,
BBSC-0136-0325,27/03/2025,Hoàn tất,SIV,HÀNG NHẬP KHẨU,Vượt Nhiệt độ,9089007931,Phòng QA,Phúc,,,,BH5200002,ENDOPROST 125MCG 1.S-0.5ML,B12825001,11/01/2027,6600,HỘP,,,Nhiệt độ không đạt,
BBSC-0138-0325,27/03/2025,Hoàn tất,HYPHENS,HÀNG NHẬP KHẨU,Vượt Nhiệt độ,SI-25-000116,Phòng QA,Phúc,,,,HY7300059,FAIRENCE T-COMPLEX 30G (HOP/ 1 TUYP),750201,28/02/2027,790,HỘP,,,Thiếu thiết bị nhiệt độ,
BBSC-0138-0325,27/03/2025,Hoàn tất,HYPHENS,HÀNG NHẬP KHẨU,Vượt Nhiệt độ,SI-25-000116,Phòng QA,Phúc,,,,HY7300059,FAIRENCE T-COMPLEX 30G (HOP/ 1 TUYP),740802,31/08/2026,170,HỘP,,,Thiếu thiết bị nhiệt độ,
BBSC-0242-0525,21/05/2025,Hoàn tất,HYPHENS,HÀNG NHẬP KHẨU,Vượt Nhiệt độ,SI-25-000295,Phòng QA,Phúc,,,,HY1200004,LIPIODOL ULTRA FLUIDE 10ML,24LU610A,,1,PALLET,,,Nhiệt độ không đạt,
BBSC-0056-0226,04/02/2026,Chờ hết INV,VE PHARMA,HÀNG NHẬP KHẨU,Không đạt Cảm quan,S27-2712 VEVN25/01/11/07,Team ĐGC2,Như,Thiện,Đã mail hãng,,SC6100003,FEROGLOBIN B12 CAPSULES (H/30 VIEN)  ,FW2518TA,29/02/2028,3,HỘP,LPN010903,0000034016,"02 hộp rách nặng, 01 hộp lỗi lô",
BBSC-0056-0226,04/02/2026,Chờ hết INV,VE PHARMA,HÀNG NHẬP KHẨU,Không đạt Cảm quan,S27-2712 VEVN25/01/11/07,Team ĐGC2,Như,Thiện,Đã mail hãng,,SC6100003,FEROGLOBIN B12 CAPSULES (H/30 VIEN)  ,FW2518TA,29/02/2028,1,HỘP,LPN010919,0000034016,01 hộp rách nặng,
BBSC-0056-0226,04/02/2026,Chờ hết INV,VE PHARMA,HÀNG NHẬP KHẨU,Không đạt Cảm quan,S27-2712 VEVN25/01/11/07,Team ĐGC2,Như,Thiện,Đã mail hãng,,SC6100003,FEROGLOBIN B12 CAPSULES (H/30 VIEN)  ,FW2518TA,29/02/2028,6,HỘP,LPN010939,0000034016,06 hộp rách nặng,
BBSC-0056-0226,04/02/2026,Chờ hết INV,VE PHARMA,HÀNG NHẬP KHẨU,Không đạt Cảm quan,S27-2712 VEVN25/01/11/07,Team ĐGC2,Như,Thiện,Đã mail hãng,,SC6100003,FEROGLOBIN B12 CAPSULES (H/30 VIEN)  ,FW2518TA,29/02/2028,6,HỘP,LPN010941,0000034016,06 hộp lem mực,
BBSC-0056-0226,04/02/2026,Chờ hết INV,VE PHARMA,HÀNG NHẬP KHẨU,Không đạt Cảm quan,S27-2712 VEVN25/01/11/07,Team ĐGC2,Như,Thiện,Đã mail hãng,,SC6100003,FEROGLOBIN B12 CAPSULES (H/30 VIEN),FW2518TA,29/02/2028,8,HỘP,LPN010990,0000034016,"5 hộp rách nặng, 2 hộp móp nặng, 1 hộp lỗi bao bì",
BBSC-0056-0226,04/02/2026,Chờ hết INV,VE PHARMA,HÀNG NHẬP KHẨU,Không đạt Cảm quan,S27-2712 VEVN25/01/11/07,Team ĐGC2,Như,Thiện,Đã mail hãng,,SC6100003,FEROGLOBIN B12 CAPSULES (H/30 VIEN),FW2518TA,29/02/2028,8,HỘP,LPN010995,0000034016,"3 hộp móp nặng, 2 hộp rách nặng, 1 hộp lỗi bao bì, 2 hộp lỗi lô",
BBSC-0056-0226,04/02/2026,Chờ hết INV,VE PHARMA,HÀNG NHẬP KHẨU,Không đạt Cảm quan,S27-2712 VEVN25/01/11/07,Team ĐGC2,Như,Thiện,Đã mail hãng,,SC6100003,FEROGLOBIN B12 CAPSULES (H/30 VIEN),FW2518TA,29/02/2028,1,HỘP,LPN010942,0000034016,01 hộp lỗi lô,
BBSC-0056-0226,04/02/2026,Chờ hết INV,VE PHARMA,HÀNG NHẬP KHẨU,Không đạt Cảm quan,S27-2712 VEVN25/01/11/07,Team ĐGC2,Như,Thiện,Đã mail hãng,,SC6100003,FEROGLOBIN B12 CAPSULES (H/30 VIEN),FW2518TA,29/02/2028,1,HỘP,LPN011027,0000034016,01 hộp rách nặng,
BBSC-0052-0226,04/02/2026,Hoàn tất,TORRENT,HÀNG NHẬP KHẨU,Sai khác AW,9016040764,Phòng QA,Lữ,,,,TR1100041,TORMIPEX 0.25 (HOP/10 VI X 10 VIEN),BG86M004,07/11/2027,264,HỘP,000213382,	0000034572,Nội dung tờ hướng dẫn sử dụng trên sản phẩm thực tế sai khác so với bản cục duyệt,hãng gửi hdsd mới theo biệt dược gốc
BBSC-0067-0226,11/02/2026,Hoàn tất,HYPHENS,HÀNG NHẬP KHẨU,Sai khác AW,SI-26-000041,Phòng QA,Lữ,,,,HY1100002,FENOSUP LIDOSE 160 MG(H/30VIEN),25H26,26/08/2028,23203,HOP,,,sai khác nội dung địa chỉ nhà sản xuất trong tờ hdsd so với giấy phép,"hãng xác nhận release, sẽ sủa chính tả cho lô sau"
BBSC-0067-0226,11/02/2026,Hoàn tất,HYPHENS,HÀNG NHẬP KHẨU,Sai khác AW,SI-26-000041,Phòng QA,Lữ,,,,HY1100002,FENOSUP LIDOSE 160 MG(H/30VIEN),25H27,27/08/2028,23293,HOP,,,sai khác nội dung địa chỉ nhà sản xuất trong tờ hdsd so với giấy phép,"hãng xác nhận release, sẽ sủa chính tả cho lô sau"
BBSC-0619-1225,24/12/2025,Hoàn tất,WW,HÀNG NHẬP KHẨU,Không đạt Cảm quan,91762480,Team ĐGC2,Như,Lữ,,chuyển hủy - mail chị Phương (ww),WO1100004,SILYGAMMA 150MG 100.S,477851,30/09/2028,1,HỘP,LPN010680,,01 hộp rách nặng,chuyển hủy - mail chị Phương (ww)
BBSC-0589-1225,10/12/2025,Hoàn tất,WW,HÀNG NHẬP KHẨU,Không đạt Cảm quan,91762255,Team ĐGC2,Như,Lữ,,chuyển hủy - mail chị Phương (ww),WO1100004,SILYGAMMA 150MG 100.S,471612,31/08/2028,1,HỘP,LPN010612,,"01 hộp móp, rách vỉ và viên xuất hiện lốm đốm vết trắng",chuyển hủy - mail chị Phương (ww)
BBSC-0060-0226,06/02/2026,Chờ hết INV,VE PHARMA,HÀNG NHẬP KHẨU,Không đạt Cảm quan,S01-SEA VEVN25/01/11/07,Team ĐGC2,Như,Thiện,Đã mail hãng,,SC6100002,FEROGLOBIN B12 LIQUID 200ML  ,51330,30/09/2027,2,Hộp,LPN010934,0000034179,02 hộp rách nặng,
BBSC-0060-0226,06/02/2026,Chờ hết INV,VE PHARMA,HÀNG NHẬP KHẨU,Không đạt Cảm quan,S01-SEA VEVN25/01/11/07,Team ĐGC2,Như,Thiện,Đã mail hãng,,SC6100002,FEROGLOBIN B12 LIQUID 200ML  ,51330,30/09/2027,7,Hộp,LPN010940,0000034179,"06 hộp rách nặng, 01 hộp dính vệt màu vàng ở phần đáy.",
BBSC-0060-0226,06/02/2026,Chờ hết INV,VE PHARMA,HÀNG NHẬP KHẨU,Không đạt Cảm quan,S01-SEA VEVN25/01/11/07,Team ĐGC2,Như,Thiện,Đã mail hãng,,SC6100019	,WELLBABY MULTI-VITAMIN LIQUID (CHAI 150ML),51137,31/07/2027,1,Hộp,LPN011003,0000034179,01 hộp móp nặng,
BBSC-0060-0226,06/02/2026,Chờ hết INV,VE PHARMA,HÀNG NHẬP KHẨU,Không đạt Cảm quan,S01-SEA VEVN25/01/11/07,Team ĐGC2,Như,Thiện,Đã mail hãng,,SC6100002,FEROGLOBIN B12 LIQUID 200ML,51330,30/09/2027,3,Hộp,LPN011026,0000034179,03 hộp rách nặng,
BBSC-0060-0226,06/02/2026,Chờ hết INV,VE PHARMA,HÀNG NHẬP KHẨU,Không đạt Cảm quan,S01-SEA VEVN25/01/11/07,Team ĐGC2,Như,Thiện,Đã mail hãng,,SC6100002,FEROGLOBIN B12 LIQUID 200ML,51330,30/09/2027,17,Hộp,LPN011046,0000034179,"7 hộp móp nặng, 5 hộp rách nặng, 5 hộp dính vệt vàng ở phần đáy",
BBSC-0060-0226,06/02/2026,Chờ hết INV,VE PHARMA,HÀNG NHẬP KHẨU,Không đạt Cảm quan,S01-SEA VEVN25/01/11/07,Team ĐGC2,Như,Thiện,Đã mail hãng,,SC6100014,LIVERIL (H/30 VIEN),LV2506P,31/05/2028,72,Hộp,LPN011038,0000034179,72 hộp móp nặng,
BBSC-0075-0226,24/02/2026,Hoàn tất,HYPHENS,HÀNG NHẬP KHẨU,Không đạt Cảm quan,SI-26-000041,Team ĐGC2,Như,Thiện,Not scan,,HY1100002,FENOSUP LIDOSE 160 MG(H/30VIEN),25H27,27/08/2028,1,Hộp,LPN011001,0000034680,01 hộp móp rách,hãng xác nhận chuyển chờ hủy
BBSC-0083-0226,27/02/2026,Hoàn tất,Dr.Reddy's,HÀNG NHẬP KHẨU,Không đạt Cảm quan,9013528771,Team ĐGC2,Như,Thiện,Not scan,,H260069,WINDUZA (H/1 LO)  ,H260069,31/12/2027,4,Hộp,LPN011039,0000034809,04 hộp móp,Hãng xác nhận chuyển bán bình thường và hỗ trợ nếu khách từ chối nhận hàng móp
BBSC-0085-0226,27/02/2026,Hoàn tất,VE PHARMA,HÀNG NHẬP KHẨU,Sai số lượng,S06-AIR VEVN26/01/01/22,Team ĐGC2,Như,Thiện,,,SC6100004,OSTEOCARE (H/30 VIEN)  ,OT2516P,31/10/2029,1,Hộp,,0000034449,01 hộp thiếu,hãng làm phiếu xuất mẫu - mail chi Thư (VE PHARMA)
BBSC-0266-0525,30/05/2025,Hoàn tất,SIV,HÀNG NHẬP KHẨU,Vượt Nhiệt độ,9089008029,Phòng QA,Phúc,,,,SI5200001,ENDOPROST 125MCG 1.S-0.5ML,B12825001,,19,THÙNG,,,Nhiệt độ không đạt,
BBSC-0310-0625,24/06/2025,Hoàn tất,TORRENT,HÀNG NHẬP KHẨU,Sai khác AW,HP0600000411 & GJ0600000468,Phòng QA,Phúc,,,,TR1100011,APIXA - 2.5 (HOP/ 30 VIEN),BPN6L007,28/06/2028,484,HỘP,,,"Aw không đúng so với AW cục duyệt
 BBSC-0310-0625
 BBSC-0300-0625
 BBSC-0140-0325",
BBSC-0331-0725,03/07/2025,Hoàn tất,HYPHENS,HÀNG NHẬP KHẨU,Vượt Nhiệt độ,SI-25-000380,Phòng QA,Phúc,,,,HY1200004,LIPIODOL ULTRA FLUIDE 10ML,24LU610A,,3000,HỘP,,,Nhiệt độ không đạt,
BBSC-0074-0226,13/02/2026,Hoàn tất,HYPHENS,HÀNG NHẬP KHẨU,Vượt Nhiệt độ,SI 26-000077,Phòng QA,Phúc,,"Đã mail hãng, Chờ HÃNG",,HY4200001,"CUROSURF 120MG/1,5ML (H/1LO X 1,5ML)",1227663,31/05/2027,300,Hộp,,,Nhiệt độ không đạt,
BBSC-0095-0325,08/03/2025,Khởi tạo,HETERO,HÀNG NHẬP KHẨU,Không đạt Cảm quan,SI3624208086,Team ĐGC2,Như,Lữ,Đã mail hãng,Chờ tổng hợp theo đợt,HT1100033,"DOLUTEGRAVIR, LAMIVUDINE AND TENOFOVIR DISOPROXIL FUMARATE T ABLETS 50/300/300MG (HOP/1 LO 30 VIEN)",E245340,10/12/2026,6,HỘP,LPN008562,,6 hộp móp rách,
BBSC-0097-0325,08/03/2025,Khởi tạo,HETERO,HÀNG NHẬP KHẨU,Không đạt Cảm quan,SI3624208087,Team ĐGC2,Như,Lữ,Đã mail hãng,Chờ tổng hợp theo đợt,HT1100033,"DOLUTEGRAVIR, LAMIVUDINE AND TENOFOVIR DISOPROXIL FUMARATE T ABLETS 50/300/300MG (HOP/1 LO 30 VIEN)",E245331,16/12/2026,4,HỘP,,,4 hộp rách nặng,
BBSC-0435-0925,12/09/2025,Khởi tạo,HETERO,HÀNG NHẬP KHẨU,Không đạt Cảm quan,SI3625203030-31-32-40-74,Team ĐGC2,Như,Lữ,Đã mail hãng,Chờ tổng hợp theo đợt,HT1100033,"DOLUTEGRAVIR, LAMIVUDINE AND TENOFOVIR DISOPROXIL FUMARATE T ABLETS 50/300/300MG (HOP/1 LO 30 VIEN)",E252444,28/05/2027,1,HỘP,LPN010149,,01 hộp rách nặng,
BBSC-0435-0925,12/09/2025,Khởi tạo,HETERO,HÀNG NHẬP KHẨU,Không đạt Cảm quan,SI3625203030-31-32-40-74,Team ĐGC2,Như,Lữ,Đã mail hãng,Chờ tổng hợp theo đợt,HT1100033,"DOLUTEGRAVIR, LAMIVUDINE AND TENOFOVIR DISOPROXIL FUMARATE T ABLETS 50/300/300MG (HOP/1 LO 30 VIEN)",E252446,29/05/2027,2,HỘP,LPN010183,,02 hộp rách nặng,
BBSC-0580-1225,06/12/2025,Khởi tạo,HETERO,HÀNG NHẬP KHẨU,Không đạt Cảm quan,SI3625205299,Team ĐGC2,Như,Lữ,Đã mail hãng,Chờ tổng hợp theo đợt,HT1100033,"DOLUTEGRAVIR, LAMIVUDINE AND TENOFOVIR DISOPROXIL FUMARATE T ABLETS 50/300/300MG (HOP/1 LO 30 VIEN)",E253992,24/08/2027,1,HỘP,LPN010590,,01 hộp rách nặng,
BBSC-0253-0525,27/05/2025,Khởi tạo,BESIN,HÀNG NHẬP KHẨU,Không đạt Cảm quan,SD1-8101B-2502-00030,Team ĐGC2,Như,Lữ,Đã mail hãng,Đã xuất,BS1100002,UTROGESTAN 200MG,247550,30/11/2027,1,HỘP,,,"Móp rách, nặng",
BBSC-0087-0325,06/03/2025,Khởi tạo,HETERO,HÀNG NHẬP KHẨU,Không đạt Cảm quan,SI3624208090,Team ĐGC2,Như,Lữ,Đã mail hãng,Chờ tổng hợp theo đợt,HT1100033,"DOLUTEGRAVIR, LAMIVUDINE AND TENOFOVIR DISOPROXIL FUMARATE T ABLETS 50/300/300MG (HOP/1 LO 30 VIEN)",E245339,08/12/2026,3,HỘP,,,"06.03.25 : 1 lem mực, 1 rách, 1 móp",
BBSC-0445-0925,18/09/2025,Khởi tạo,LUYE,HÀNG NHẬP KHẨU,Không đạt Cảm quan,INUK-240222,Team ĐGC2,Như,Lữ,Chờ nội bộ phản hồi,Phản hồi 1 phần Chờ chị Nhung kiếm đơn,LU1100003,SEROQUEL XR TAB 50MG 30.S (HOP/30VIEN),SV941,15/01/2028,9,HỘP,,,"18.09.25 : 06 hộp móp
 19.09.25 : 03 hộp móp rách",
BBSC-0094-0326,09/03/2026,Hoàn tất,MEGA (MAXXCARE),HÀNG TRONG NƯỚC,Không đạt Cảm quan,40,Kho Nhập,Yến,Thiện,,Hãng xác nhận chuyển reject,MG1100044,PANFOR SR-750 (HOP/10 VI X 10 VIEN),A08902516,07/11/2027,5,Hộp,A08902516,0000034988,"04 hộp móp nặng, 01 hộp rách",
BBSC-0094-0326,09/03/2026,Hoàn tất,MEGA (MAXXCARE),HÀNG TRONG NƯỚC,Không đạt Cảm quan,40,Kho Nhập,Yến,Thiện,,Hãng xác nhận chuyển reject,MG1100043,PANFOR SR-500 (HOP/5 VI X 20 VIEN),A08882501,10/02/2028,4,Hộp,000216391,0000034988,"03 hộp móp nặng, 01 hộp rách",
BBSC-0617-1225,24/12/2025,Hoàn tất,TORRENT,HÀNG NHẬP KHẨU,Sai khác AW,GJ0600001911,Phòng QA,Thiện,,Not scan,hãng gửi cam kết hàng hóa và sẽ cập nhật AW mới khi được DAV duyệt.,TR1100028,RIROXATOR 20 (HOP/ 30 VIEN),BTB2M001,06/03/2027,1188,HỘP,,,trên AW và bao bì hàng thực tế thiếu quy cách đóng gói tiếng Việt,
BBSC-0617-1225,24/12/2025,Hoàn tất,TORRENT,HÀNG NHẬP KHẨU,Sai khác AW,GJ0600001911,Phòng QA,Thiện,,Not scan,hãng gửi cam kết hàng hóa và sẽ cập nhật AW mới khi được DAV duyệt.,TR1100005,CELETOR (HOP/ 30 VIEN),BRG4M007,16/06/2027,616,HỘP,,,"Cách ghi HSD trên AW là mm/yyyy kèm dòng chú thích ""hạn dùng là ngày cuối cùng của tháng hết hạn"" nhưng cách ghi HSD trên hàng thực tế là ""dd/mm/yyyy"" và kèm dòng chú thích ""hạn dùng là ngày cuối cùng của tháng hết hạn""",
BBSC-0617-1225,24/12/2025,Hoàn tất,TORRENT,HÀNG NHẬP KHẨU,Sai khác AW,GJ0600001911,Phòng QA,Thiện,,Not scan,hãng gửi cam kết hàng hóa và sẽ cập nhật AW mới khi được DAV duyệt.,TR1100009,TOROLAN 10 (HOP/ 30 VIEN),BT17L003,09/08/2027,540,HỘP,,,"Cách ghi HSD trên AW là mm/yyyy kèm dòng chú thích ""hạn dùng là ngày cuối cùng của tháng hết hạn"" nhưng cách ghi HSD trên hàng thực tế là ""dd/mm/yyyy"" và kèm dòng chú thích ""hạn dùng là ngày cuối cùng của tháng hết hạn""",
BBSC-0011-0126,07/01/2026,Hoàn tất,GETZ,HÀNG NHẬP KHẨU,Sai khác AW,GETZ-VIET-884-2025,Phòng QA,Thiện,,Not scan,[26/01/2026 khoilm - Phòng QA]: hãng xác nhận shipment T12/2026 sẽ có ĐC mới,GZ1101016,XALGETZ 0.4MG CAPS (HOP/10VIEN),409C30,05/09/2028,16500,Hộp,,,hàng về kho với địa chỉ DNNK trước sáp nhập,
BBSC-0089-0326,05/03/2026,Hoàn tất,SIV,HÀNG NHẬP KHẨU,Vượt Nhiệt độ,9089008523,Phòng QA,Thiện,,Not scan,"Hãng gửi cam kết về nhiệt độ. Về điểm khác cách ghi và cách xem của số lô, NSX hãng sẽ cập nhật khi có mẫu nhãn mới. ",SI5200001,ENDOPROST 125MCG 1.S-0.5ML,B12826001,31/12/2027,9900,Hộp,,0000034936,"Nhiệt độ vượt ĐKBQ ghi trên bao bì;
Thiếu dòng chú thích HSD;
Số lô trên bao bì được ghi là “B.No” nhưng ghi chú cách xem là “Batch No”;
NSX trên bao bì được ghi là ""MFD"" nhưng ghi chú cách xem là ""MFG"".",
BBSC-0239-0525,20/05/2025,Hoàn tất,BESIN,HÀNG NHẬP KHẨU,Không đạt Cảm quan,SD1-8101B-2502-00024,Team ĐGC2,Như,Thiện,Not scan,đã tiến hành hủy hàng vào đợt hủy tháng 8/2025,BS1100002,UTROGESTAN 200MG,245459,31/10/2027,2,HỘP,,,"Móp rách, nặng",
BBSC-0295-0625,17/06/2025,Khởi tạo,WW,HÀNG NHẬP KHẨU,Không đạt Cảm quan,91742893,Team ĐGC2,Như,Thiện,,"đã remind nhưng hãng vẫn chỉ phản hồi ""hold CXL""",WO1100008,B12 ANKERMANN (HOP/2VI X 25VIEN),182365,,3,HỘP,,,Rách,
BBSC-0328-0725,01/07/2025,Hoàn tất,MAYOLY,HÀNG TRONG NƯỚC,Không đạt Cảm quan,411906,Kho Nhập,Trinh,Thiện,Not scan,hãng xác nhận chuyển reject,MY1100003,SMECTA ORANGE 3G 30SACH VN,D52483,,1,HỘP,186062,,01 hộp móp nặng,
BBSC-0328-0725,01/07/2025,Hoàn tất,MAYOLY,HÀNG TRONG NƯỚC,Không đạt Cảm quan,411906,Kho Nhập,Trinh,Thiện,Not scan,hãng xác nhận chuyển reject,MY1100001,TANAKAN 40MG 30TABS VN,D51988,,4,HỘP,186082,,04 hộp dính keo,
BBSC-0328-0725,01/07/2025,Hoàn tất,MAYOLY,HÀNG TRONG NƯỚC,Không đạt Cảm quan,411906,Kho Nhập,Trinh,Thiện,Not scan,hãng xác nhận chuyển reject,MY1100003,SMECTA ORANGE 3G 30SACH VN,D53472,,2,HỘP,186086,,02 hộp móp nặng,
BBSC-0328-0725,01/07/2025,Hoàn tất,MAYOLY,HÀNG TRONG NƯỚC,Không đạt Cảm quan,411906,Kho Nhập,Trinh,Thiện,Not scan,hãng xác nhận chuyển reject,MY1100003,SMECTA ORANGE 3G 30SACH VN,D52608,,5,HỘP,186089,,05 hộp móp rách nặng,
BBSC-0372-0725,31/07/2025,Khởi tạo,HETERO,HÀNG NHẬP KHẨU,Không đạt Cảm quan,SI9225202740,Team ĐGC2,Như,Thiện,,Hãng chưa phản hồi,HT1100019,SIFE-100 (HOP/ 20 VIEN),FD252164,02/04/2028,21,HỘP,,,"31/07/2025: 5 hộp lỗi LOT, 2 hộp rách (có 3 hộp nhỏ lỗi LOT), 14 hộp móp nặng - LPN009862",
BBSC-0484-1025,13/10/2025,Khởi tạo,PARADIGM,HÀNG NHẬP KHẨU,Không đạt Cảm quan,42/2025,Kho Nhập,Trinh,Lữ,Not scan,"Không có BBBT, Plan hỗ trợ (Tuyết Trinh) Đã xuất mẫu 03 hộp",PD1100003,FLEMING 625MG B/100,A50765B,28/07/2027,9,HỘP,000198942,0000032668,09 hộp móp rách nặng,"Xuất mẫu 3 hộp, còn lại xuất bán bình thường"
BBSC-0484-1025,13/10/2025,Khởi tạo,PARADIGM,HÀNG NHẬP KHẨU,Không đạt Cảm quan,42/2025,Kho Nhập,Trinh,Lữ,Not scan,"Không có BBBT, Plan hỗ trợ (Tuyết Trinh) Đã xuất mẫu 03 hộp",PD1100003,FLEMING 625MG B/100,A50765C,28/07/2027,1,HỘP,000198941,0000032668,01 hộp móp rách nặng,Xuất bán bình thường
BBSC-0390-0825,12/08/2025,Hoàn tất,Dr.Reddy's,HÀNG NHẬP KHẨU,Không đạt Cảm quan,9013505363,Team ĐGC2,Như,Thiện,Not scan,Chị Viên xác nhận chuyển bán tự do và sẽ hỗ trợ nếu khách từ chối nhận hàng.,RD1100017,STAMLO-T 80/5MG (HOP/28 VIEN),V2501562,31/05/2027,5,HỘP,LPN009933,0000031640,5 hộp móp - LPN009933,
BBSC-0394-0825,12/08/2025,Hoàn tất,VE PHARMA,HÀNG NHẬP KHẨU,Không đạt Cảm quan,S13-1108 INV107426806800,Team ĐGC2,Như,Thiện,Not scan,"8 hộp móp rách nhẹ PREGNACARE BREAST-FEEDING và 53 hộp móp PERFECTIL đi đơn chỉ định, còn lại chuyển CXL.",SC6100018,"PREGNACARE BREAST-FEEDING (HOP/56 VIEN NEN, 28 VIEN NANG)",PB2507,31/12/2027,107,HỘP,,,"12/08/2025: 3 hộp lỗi bb, 15 hộp lỗi LOT, 36 hộp móp rách nặng - LPN009942 
 12/08/2025: 8 hộp móp rách nhẹ - LPN009943
 15/08/2025: 27 hộp rách nặng, 11 hộp lỗi LOT - LPN009969
 18/08/2025: 6 hộp rách nặng, 1 lỗi LOT - LPN009983",
BBSC-0394-0825,12/08/2025,Hoàn tất,VE PHARMA,HÀNG NHẬP KHẨU,Không đạt Cảm quan,S13-1108 INV107426806800,Team ĐGC2,Như,Thiện,Not scan,"8 hộp móp rách nhẹ PREGNACARE BREAST-FEEDING và 53 hộp móp PERFECTIL đi đơn chỉ định, còn lại chuyển CXL.",SC6100002,FEROGLOBIN B12 LIQUID 200ML,50445,31/03/2027,34,HỘP,,,"13/08/2025: 31 hộp rách nặng, 3 hộp móp nặng - LPN009956",
BBSC-0394-0825,12/08/2025,Hoàn tất,VE PHARMA,HÀNG NHẬP KHẨU,Không đạt Cảm quan,S13-1108 INV107426806800,Team ĐGC2,Như,Thiện,Not scan,"8 hộp móp rách nhẹ PREGNACARE BREAST-FEEDING và 53 hộp móp PERFECTIL đi đơn chỉ định, còn lại chuyển CXL.",SC6100015,PREGNACARE PLUS OMEGA 3 (H/56 VIEN),PP2518,30/09/2027,255,HỘP,,,"14/08/2025: 3 hộp lỗi LOT, 7 hộp móp nặng, 26 hộp rách nặng mặt bên, 96 hộp rách nặng mặt bên - LPN009964 
 14/08/2025: 26 hộp ố vàng - LPN009965
 15/08/2025: 83 hộp rách nặng, 2 hộp lỗi LOT, 1 hộp lem mực - LPN009972 
 15/08/2025: 11 hộp ố vàng - LPN009973",
BBSC-0394-0825,12/08/2025,Hoàn tất,VE PHARMA,HÀNG NHẬP KHẨU,Không đạt Cảm quan,S13-1108 INV107426806800,Team ĐGC2,Như,Thiện,Not scan,"8 hộp móp rách nhẹ PREGNACARE BREAST-FEEDING và 53 hộp móp PERFECTIL đi đơn chỉ định, còn lại chuyển CXL.",SC6100019,WELLBABY MULTI-VITAMIN LIQUID (CHAI 150ML),50444,31/03/2027,3,HỘP,,,14/08/2025: 3 hộp móp nặng - LPN009963,
BBSC-0394-0825,12/08/2025,Hoàn tất,VE PHARMA,HÀNG NHẬP KHẨU,Không đạt Cảm quan,S13-1108 INV107426806800,Team ĐGC2,Như,Thiện,Not scan,"8 hộp móp rách nhẹ PREGNACARE BREAST-FEEDING và 53 hộp móp PERFECTIL đi đơn chỉ định, còn lại chuyển CXL.",SC6100014,LIVERIL (H/30 VIEN),LV2413P,31/10/2027,1,HỘP,,,18/08/2025: 1 hộp lỗi bao bì - LPN009977,
BBSC-0394-0825,12/08/2025,Hoàn tất,VE PHARMA,HÀNG NHẬP KHẨU,Không đạt Cảm quan,S13-1108 INV107426806800,Team ĐGC2,Như,Thiện,Not scan,"8 hộp móp rách nhẹ PREGNACARE BREAST-FEEDING và 53 hộp móp PERFECTIL đi đơn chỉ định, còn lại chuyển CXL.",SC6100011,PERFECTIL (H/30 VIEN),PFT2502A,31/01/2028,59,HỘP,,,"18/08/2025: 2 hộp rách nặng, 4 hộp ố vàng, 53 hộp móp nặng - LPN009984",
BBSC-0394-0825,12/08/2025,Hoàn tất,VE PHARMA,HÀNG NHẬP KHẨU,Không đạt Cảm quan,S13-1108 INV107426806800,Team ĐGC2,Như,Thiện,Not scan,"8 hộp móp rách nhẹ PREGNACARE BREAST-FEEDING và 53 hộp móp PERFECTIL đi đơn chỉ định, còn lại chuyển CXL.",SC6100014,LIVERIL (H/30 VIEN),LV2501P,31/12/2027,1,HỘP,,,18/08/2025: 1 hộp lỗi bao bì - LPN009982,
BBSC-0394-0825,12/08/2025,Hoàn tất,VE PHARMA,HÀNG NHẬP KHẨU,Không đạt Cảm quan,S13-1108 INV107426806800,Team ĐGC2,Như,Thiện,Not scan,"8 hộp móp rách nhẹ PREGNACARE BREAST-FEEDING và 53 hộp móp PERFECTIL đi đơn chỉ định, còn lại chuyển CXL.",SC6100001,OSTEOCARE LIQUID 200ML,50494,31/03/2027,50,HỘP,,,"20/08/2025: 20 hộp móp nặng, 30 hộp rách nặng - LPN009998",
BBSC-0407-0825,22/08/2025,Khởi tạo,ALLEVIARE,HÀNG NHẬP KHẨU,Không đạt Cảm quan,GJ0600000940,Team ĐGC2,Như,Thiện,,đã remind và hãng vẫn chưa phản hồi,AV1100020,ARIP TABLET 15MG (H/3 VI X10 VIEN),BBX5M002,19/06/2027,2,HỘP,,,"22/08/2025: 1 hộp móp nặng, 1 hộp rách nặng - LPN010009",
BBSC-0476-1025,08/10/2025,Hoàn tất,MAYOLY,HÀNG TRONG NƯỚC,Không đạt Cảm quan,625854,Kho Nhập,Trinh,Thiện,Not scan,hãng xác nhận chuyển reject,MY1100002,FORTRANS 4SACH VN,D52816,07/03/2028,1,HỘP,,,"01 hộp rách nặng, mất niêm phong trong thùng số 0053, thùng chẵn, nguyên vẹn.",
BBSC-0478-1025,09/10/2025,Khởi tạo,MAYOLY,HÀNG TRONG NƯỚC,Không đạt Cảm quan,629493,Kho Nhập,Trinh,Thiện,,"chờ hãng xác nhận cho ""COMP-VN-2025-162""",MY1100002,FORTRANS 4SACH VN,D52879,10/03/2028,5,HỘP,,,"5 hộp móp rách nặng trong thùng số 0152, thùng chẵn, nguyên vẹn.",
BBSC-0478-1025,09/10/2025,Khởi tạo,MAYOLY,HÀNG TRONG NƯỚC,Không đạt Cảm quan,629493,Kho Nhập,Trinh,Thiện,,"chờ hãng xác nhận cho ""COMP-VN-2025-162""",MY1100002,FORTRANS 4SACH VN,D52878,09/03/2028,6,HỘP,,,"2 hộp rách nặng, 3 hộp móp nặng, 1 hộp dính bẩn trong các thùng số 0018, 0077, 0083, thùng chẵn nguyên vẹn",
BBSC-0481-1025,10/10/2025,Hoàn tất,ROHTO,HÀNG TRONG NƯỚC,Không đạt Cảm quan,3431,Kho xuất,Danh,Thiện,Not scan,xuất trả hãng,RH7300467,DAU GOI CHONG GAU (SELSUN ANTI-DANDRUFF SHAMPOO) 5ML,IB02B,11/09/2029,6,GÓI,,,10/10/2025: trong quá trình kho lẻ soạn hàng phát hiện 06 gói bị xì - LPN010309,
BBSC-0487-1025,14/10/2025,Hoàn tất,MEGA (MAXXCARE),HÀNG TRONG NƯỚC,Không đạt Cảm quan,381,Kho Nhập,Yến,Thiện,Not scan,"móp nhẹ chuyển bán, móp nặng xuất trả theo đợt",MG1100047,PERGLIM M-1 (HOP/5 VI X 20 VIEN),A08912507,25/06/2027,6,HỘP,199157,,6 hộp móp rách nặng,
BBSC-0487-1025,14/10/2025,Hoàn tất,MEGA (MAXXCARE),HÀNG TRONG NƯỚC,Không đạt Cảm quan,381,Kho Nhập,Yến,Thiện,Not scan,"móp nhẹ chuyển bán, móp nặng xuất trả theo đợt",MG1100047,PERGLIM M-1 (HOP/5 VI X 20 VIEN),A08912507,25/06/2027,7,HỘP,199158,,7 hộp móp nhẹ,
BBSC-0501-1025,27/10/2025,Hoàn tất,HYPHENS,HÀNG NHẬP KHẨU,Không đạt Cảm quan,SI-25-000414/434/443/444/445,Kho xuất,Danh,Thiện,,hãng xuất công nợ cho hàng hư,HY7300015,GLYCOLIC ACID PEEL 35% SAC 10S,TE0102,31/03/2027,1,GÓI,,,"Trong quá trình soạn hàng xuất lẻ, kho Hoàng Đức phát hiện 01 gói bị lỗi niêm phong",
BBSC-0504-1025,28/10/2025,Hoàn tất,TORRENT,HÀNG NHẬP KHẨU,Không đạt Cảm quan,GJ0600001518,Phòng QA,Thiện,,Not scan,hãng gửi cam kết hàng hóa và sẽ gửi AW mới khi được DAV duyệt,TR1100028,RIROXATOR 20 (HOP/ 30 VIEN),BTB2M001,06/03/2027,594,HỘP,,,trên AW và bao bì hàng thực tế thiếu quy cách đóng gói tiếng Việt,
BBSC-0504-1025,28/10/2025,Hoàn tất,TORRENT,HÀNG NHẬP KHẨU,Không đạt Cảm quan,GJ0600001518,Phòng QA,Thiện,,Not scan,hãng gửi cam kết hàng hóa và sẽ gửi AW mới khi được DAV duyệt,TR1100027,RIROXATOR 15 (HOP/ 30 VIEN),BTA8M001,06/03/2027,396,HỘP,,,trên AW và bao bì hàng thực tế thiếu quy cách đóng gói tiếng Việt,
BBSC-0504-1025,28/10/2025,Hoàn tất,TORRENT,HÀNG NHẬP KHẨU,Không đạt Cảm quan,GJ0600001518,Phòng QA,Thiện,,Not scan,hãng gửi cam kết hàng hóa và sẽ gửi AW mới khi được DAV duyệt,TR1100026,MIRTAZAPINE TABLETS 30 MG (HOP/ 30 VIEN),B726M001,23/06/2027,924,HỘP,,,Cách ghi NSX/HSD trên AW là “mm/yyyy” kèm chú thích hạn dùng cuối tháng nhưng trên hàng thực tế là “dd/mm/yyyy” kèm chú thích hạn dùng cuối tháng.,
BBSC-0504-1025,28/10/2025,Hoàn tất,TORRENT,HÀNG NHẬP KHẨU,Không đạt Cảm quan,GJ0600001518,Phòng QA,Thiện,,Not scan,hãng gửi cam kết hàng hóa và sẽ gửi AW mới khi được DAV duyệt,TR1100005,CELETOR (HOP/ 30 VIEN),BRG4M007,16/06/2027,308,HỘP,,,Cách ghi NSX/HSD trên AW là “mm/yyyy” kèm chú thích hạn dùng cuối tháng nhưng trên hàng thực tế là “dd/mm/yyyy” kèm chú thích hạn dùng cuối tháng.,
BBSC-0514-1125,03/11/2025,Khởi tạo,LUYE,HÀNG NHẬP KHẨU,Không đạt Cảm quan,INUK-24023,Team ĐGC2,Như,Thiện,,chị Nhung phản hồi hold lại CXL,LU1100002,SEROQUEL XR TAB 200MG 30.S (HOP/30VIEN),SW681,24/03/2028,1,HỘP,,,03/11/2025: 01 hộp rách,
BBSC-0517-1125,05/11/2025,Hoàn tất,VE PHARMA,HÀNG NHẬP KHẨU,Không đạt Cảm quan,S20-2310 VEVN-25-01-08-28,Team ĐGC2,Như,Thiện,Not scan,hãng đã gửi hướng xử lý (chi tiết trên mail),SC6100019,WELLBABY MULTI-VITAMIN LIQUID (CHAI 150ML),50726,31/05/2027,282,HỘP,,,"05/11/2025: 282 hộp móp chữ C
 (05/11/2025 bắt LPN: 000200291)",
BBSC-0517-1125,05/11/2025,Hoàn tất,VE PHARMA,HÀNG NHẬP KHẨU,Không đạt Cảm quan,S20-2310 VEVN-25-01-08-28,Team ĐGC2,Như,Thiện,Not scan,hãng đã gửi hướng xử lý (chi tiết trên mail),SC6100019,WELLBABY MULTI-VITAMIN LIQUID (CHAI 150ML),50884,30/06/2027,3505,HỘP,,,"05/11/2025: 288 hộp móp chữ C - LPN010467
 05/11/2025: 2 hộp lem mờ chữ, 1 hộp rách nặng - LPN010466
 06/11/2025: 1 hộp lem mờ LOT - LPN010475 
 06/11/2025: 773 hộp móp chữ C - LPN010476
 07/11/2025: - 01 hộp chảy nước - LPN010482
 07/11/2025: 823 hộp móp C - LPN010483 (đang ở Q)
 10/11/2025: 392 hộp móp chữ C - LPN010495
 11/11/2025: 411 hộp móp chữ C - LPN010497
 12/11/2025: 425 hộp móp chữ C - LPN010507
 13/11/2025: 388 hộp móp chữ C - LPN010511 (đang ở Q)",
BBSC-0517-1125,05/11/2025,Hoàn tất,VE PHARMA,HÀNG NHẬP KHẨU,Không đạt Cảm quan,S20-2310 VEVN-25-01-08-28,Team ĐGC2,Như,Thiện,Not scan,hãng đã gửi hướng xử lý (chi tiết trên mail),SC6100001,OSTEOCARE LIQUID 200ML,50691,30/04/2027,33,HỘP,,,"08/11/2025: 24 hộp rách nặng - LPN010489
 08/11/2025: 9 hộp móp nặng - LPN010488",
BBSC-0511-1025,30/10/2025,Hoàn tất,Dr.Reddy's,HÀNG NHẬP KHẨU,Không đạt Cảm quan,9013513534,Team ĐGC2,Như,Thiện,Not scan,hãng xác nhận release và hỗ trợ nếu khách từ chối nhận hàng,RD4200003,PEG-GRAFEEL (H/1 BOM TIEM 0.6ML),N250600C,31/07/2027,1,HỘP,,,01 hộp không có niêm phong 1 đầu - LPN010434,
BBSC-0518-1125,05/11/2025,Hoàn tất,HETERO,HÀNG NHẬP KHẨU,Không đạt Cảm quan,SI9225204124,Team ĐGC2,Như,Thiện,Not scan,chuyển ra HN đi đơn chỉ định,HT1200006,IRITERO 100MG/5ML (HOP/ 1 LO),O250287C,16/07/2027,1,HỘP,,,05/11/2025: 01 hộp móp rách - LPN010468,
BBSC-0526-1125,10/11/2025,Hoàn tất,Dr.Reddy's,HÀNG NHẬP KHẨU,Không đạt Cảm quan,9013515414,Team ĐGC2,Như,Thiện,Not scan,hãng xác nhận chuyển reject,RD1100016,STAMLO-T (HOP/ 28 VIEN),V2502066,30/09/2027,2,HỘP,,,10/11/2025: 02 HỘP MẤT CHỮ - LPN010492,
BBSC-0527-1125,11/11/2025,Khởi tạo,LUYE,HÀNG NHẬP KHẨU,Không đạt Cảm quan,INUK-240256,Team ĐGC2,Như,Thiện,,Chị Nhung phản hồi hold hàng CXL,LU1100003,SEROQUEL XR TAB 50MG 30.S (HOP/30VIEN),SX242,31/03/2028,53,HỘP,,,"11/11/2025: 34 hộp móp nặng - LPN010498
 12/11/2025: 19 hộp móp nặng - LPN010508",
BBSC-0527-1125,11/11/2025,Khởi tạo,LUYE,HÀNG NHẬP KHẨU,Không đạt Cảm quan,INUK-240256,Team ĐGC2,Như,Thiện,,Chị Nhung phản hồi hold hàng CXL,LU1100002,SEROQUEL XR TAB 200MG 30.S (HOP/30VIEN),SX739,05/06/2028,1,HỘP,,,"11/11/2025: 01 hộp móp rách, mất niêm phong - LPN010501",
BBSC-0081-0226,26/02/2026,Khởi tạo,HETERO,HÀNG NHẬP KHẨU,Không đạt Cảm quan,SI3625208258,Team ĐGC2,Như,Lữ,Đã mail hãng,Thiện theo dõi đầu tiên ngày 26/02/2026,HT1100053,TELDY (HOP/1 LO HDPE 30 VIEN)  ,E255947,09/12/2027,3,Hộp,LPN011032 or LPN011042 or LPN011050,0000034807,"- 26.02.26 : 01 hộp chữ đậm màu hơn những hộp khác, 01 hộp móp - LPN011032, LPN011042
- 02.03.26 : 01 hộp rách - LPN011050",
BBSC-0389-0825,12/08/2025,Hoàn tất,HETERO,HÀNG NHẬP KHẨU,Sai khác AW,SI3625300264,Phòng QA,Phúc,,,,HT1100032,ZOLED (HOP/1 LO),AS1250320A,17/07/2027,7142,HỘP,,,AW khác dạng bào chế với MA,
BBSC-0564-1125,28/11/2025,Hoàn tất,TORRENT,HÀNG NHẬP KHẨU,Sai khác AW,107748519060,Phòng QA,Phúc,,,,TR1100040,TORPACE-5 (HOP/10 VI X 10 VIEN),CFM4M002,05/11/2027,192,Hộp,,,"TCCL không đúng với MA DAV
 Lỗi đánh máy tờ HDSD",
BBSC-0528-1125,11/11/2025,Hoàn tất,TORRENT,HÀNG NHẬP KHẨU,Không đạt Cảm quan,GJ0600001516,Team ĐGC2,Như,Thiện,Not scan,chờ đi đơn chỉ định,TR1100038,SERENATA-100 (HOP/100 VIEN),B443M001,09/02/2027,1,HỘP,,,11/11/2025: 01 hộp móp nặng - LPN010499,
BBSC-0538-1125,17/11/2025,Khởi tạo,HETERO,HÀNG NHẬP KHẨU,Không đạt Cảm quan,SI9225205854,Team ĐGC2,Như,Thiện,,20/01/2026: thả 1 hộp đi đơn chỉ định,HT1100008,TELSAR 40 (HOP/ 30 VIEN),FD255498B,18/08/2028,2,HỘP,,,02 hộp lỗi lot date,
BBSC-0546-1125,20/11/2025,Khởi tạo,HETERO,HÀNG NHẬP KHẨU,Không đạt Cảm quan,SI3625206118,Team ĐGC2,Như,Thiện,,hãng chưa phản hồi,HT1100045,ABACAVIR TABLETS USP 300MG (HOP/1 LO 60 VIEN),E254148B,02/09/2028,38,HỘP,,,"20/11/2025: 22 hộp móp rách nặng - LPN010542
 21/11/2025: 14 hộp móp nặng, 2 hộp rách - LPN010543",
BBSC-0555-1125,25/11/2025,Khởi tạo,HETERO,HÀNG NHẬP KHẨU,Không đạt Cảm quan,SI3625206118,Team ĐGC2,Như,Thiện,,hãng chưa phản hồi,HT1100044,RITOCOM (HOP/1 LO 120 VIEN),E254161B,04/09/2027,6,HỘP,,,"25/11/2025: 05 hộp ố vàng - LPN010553
 khi kiểm tra lệch lô phát hiện 01 hộp không LOT DATE",
BBSC-0555-1125,25/11/2025,Khởi tạo,HETERO,HÀNG NHẬP KHẨU,Không đạt Cảm quan,SI3625206118,Team ĐGC2,Như,Thiện,,hãng chưa phản hồi,HT1100044,RITOCOM (HOP/1 LO 120 VIEN),E254161C,04/09/2027,7,HỘP,,,"25/11/2025: 02 hộp ố vàng - LPN010554
 05 hộp móp nặng phát hiện ở chi nhánh",
BBSC-0562-1125,28/11/2025,Khởi tạo,HETERO,HÀNG NHẬP KHẨU,Không đạt Cảm quan,SI3625206171,Team ĐGC2,Như,Thiện,,hãng chưa phản hồi,HT1100033,"DOLUTEGRAVIR, LAMIVUDINE AND TENOFOVIR DISOPROXIL FUMARATE T ABLETS 50/300/300MG (HOP/1 LO 30 VIEN)",E254605,28/09/2027,22,HỘP,,,"28/11/2025: 21 hộp móp rách, 01 hộp ố vàng - LPN010573",
BBSC-0562-1125,28/11/2025,Khởi tạo,HETERO,HÀNG NHẬP KHẨU,Không đạt Cảm quan,SI3625206171,Team ĐGC2,Như,Thiện,,hãng chưa phản hồi,HT1100033,"DOLUTEGRAVIR, LAMIVUDINE AND TENOFOVIR DISOPROXIL FUMARATE T ABLETS 50/300/300MG (HOP/1 LO 30 VIEN)",E254607,30/09/2027,7,Hộp,,,29/11/2025: 07 hộp móp rách - LPN010575,
BBSC-0620-1225,25/12/2025,Hoàn tất,MEGA (MAXXCARE),HÀNG TRONG NƯỚC,Không đạt Cảm quan,456,Kho Nhập,Yến,Thiện,Not scan,hãng xác nhận chuyển reject,MG1100044,PANFOR SR-750 (HOP/10 VI X 10 VIEN),A08902512,16/10/2027,7,HỘP,,,07 HỘP MÓP RÁCH NẶNG,
BBSC-0624-1225,30/12/2025,Hoàn tất,MEGA (MAXXCARE),HÀNG TRONG NƯỚC,Không đạt Cảm quan,460,Kho Nhập,Yến,Thiện,Not scan,hãng xác nhận chuyển reject,MG1100043,PANFOR SR-500 (HOP/5 VI X 20 VIEN),A08882501,10/02/2028,2,HỘP,,,02 hộp móp nặng,
BBSC-0624-1225,30/12/2025,Hoàn tất,MEGA (MAXXCARE),HÀNG TRONG NƯỚC,Không đạt Cảm quan,460,Kho Nhập,Yến,Thiện,Not scan,hãng xác nhận chuyển reject,MG1100047,PERGLIM M-1 (HOP/5 VI X 20 VIEN),A08912511,09/09/2027,8,HỘP,,,"07 hộp móp nặng, 01 hộp rách",
BBSC-0002-0126,06/01/2026,Hoàn tất,ASTRAZENECA,HÀNG TRONG NƯỚC,Không đạt Cảm quan,7,Kho Nhập,Yến,Thiện,Not scan,hãng xác nhận Release,AZ1100010,TAGRISSO 80MG 1 BLISTER OF 10 FILM-COATED TABLETS,FMFF,11/02/2028,440,HỘP,,,"có hộp đậm màu hơn những hộp còn lại được xếp xen kẽ trong thùng, thùng chẵn, nguyên vẹn.",
BBSC-0022-0126,16/01/2026,Hoàn tất,MEGA (MAXXCARE),HÀNG TRONG NƯỚC,Không đạt Cảm quan,,Kho Nhập,Yến,Thiện,Not scan,hãng xác nhận chuyển reject,MG1100036,BAROLE 20 (HOP/10 VI X 10 VIEN),A08872506,09/09/2027,1,HỘP,,,01 hộp móp nặng,
BBSC-0035-0126,22/01/2026,KHỞI TẠO,MAYOLY,HÀNG NHẬP KHẨU,Không đạt Cảm quan,SIVIC0039951,Kho Nhập,Trinh,Thiện,,chờ xác nhận từ nhà máy,MY1100010,TANAKAN 40MG 30TABS VN (0302A011_NEW),D75637,10/08/2027,1,HỘP,,0000034330,"01 hộp có chấm mực che mất 1 phần số lô, trong thùng chẵn, nguyên vẹn số 130.",
BBSC-0032-0126,20/01/2026,Khởi tạo,MAYOLY,HÀNG NHẬP KHẨU,Sai số lượng,SIVIC0039746 & SIVIC0039951 & SIVIC0039740,Kho Nhập,Trinh,,,,MY1100010,TANAKAN 40MG 30TABS VN (0302A011_NEW)	,D75636,10/08/2027,1,Hộp,,0000034340,"01 hộp thiếu trong thùng chẵn, nguyên vẹn",
BBSC-0032-0126,20/01/2026,Khởi tạo,MAYOLY,HÀNG NHẬP KHẨU,Sai số lượng,SIVIC0039746 & SIVIC0039951 & SIVIC0039740,Kho Nhập,Trinh,,,,MY1100010,TANAKAN 40MG 30TABS VN (0302A011_NEW)	,D75638,10/08/2027,1,Hộp,,0000034330,"01 hộp thiếu trong thùng chẵn, nguyên vẹn",
BBSC-0032-0126,20/01/2026,Khởi tạo,MAYOLY,HÀNG NHẬP KHẨU,Sai số lượng,SIVIC0039746 & SIVIC0039951 & SIVIC0039740,Kho Nhập,Trinh,,,,MY1100010,TANAKAN 40MG 30TABS VN (0302A011_NEW),D75639,10/08/2027,2,Hộp,,0000034326,"02 hộp thiếu trong thùng chẵn, nguyên vẹn số 0200",
BBSC-0105-0326,12/03/2026,Khởi tạo,VE PHARMA,HÀNG NHẬP KHẨU,Sai số lượng,S07- AIR_INVVEVN26/01/02/26,Team ĐGC2,Như,,,,SC6100025,"PREGNACARE MAX (H/56 VIEN NEN, 28 VIEN NANG)  ",PM2603,31/07/2028,1,VI,,0000035053,01 vỉ thừa,
BBSC-0026-0126,19/01/2026,Khởi tạo,ASTRAZENECA,HÀNG TRONG NƯỚC,Sai số lượng,00000037,Kho Nhập,Yến,,,,AZ1113001,TAGRISSO PA TAB 80MG BL 1X10 EA VN,FLVS,03/06/2027,1,Hộp,,0000034283,"01 hộp thiếu trong thùng chẵn, nguyên vẹn.",
BBSC-0036-0126,22/01/2026,Hoàn tất,MEGA (MAXXCARE),HÀNG TRONG NƯỚC,Không đạt Cảm quan,14,Kho Nhập,Yến,Thiện,Not scan,hãng xác nhận chuyển reject,MG1100036,BAROLE 20 (HOP/10 VI X 10 VIEN),A08872506,09/09/2027,2,HỘP,000211587,0000034309,02 HỘP MÓP NẶNG,
BBSC-0036-0126,22/01/2026,Hoàn tất,MEGA (MAXXCARE),HÀNG TRONG NƯỚC,Không đạt Cảm quan,14,Kho Nhập,Yến,Thiện,Not scan,hãng xác nhận chuyển reject,MG1100047,PERGLIM M-1 (HOP/5 VI X 20 VIEN),A08912511,09/09/2027,3,HỘP,000211589,0000034309,"02 HỘP MÓP NẶNG, 01 HỘP RÁCH",
BBSC-0036-0126,22/01/2026,Hoàn tất,MEGA (MAXXCARE),HÀNG TRONG NƯỚC,Không đạt Cảm quan,14,Kho Nhập,Yến,Thiện,Not scan,hãng xác nhận chuyển reject,MG1100038,COLESTRIM SUPRA 145MG (HOP/3 VI X 10 VIEN),51466,06/12/2027,6,HỘP,000211588,0000034309,"05 HỘP MÓP NẶNG, 01 HỘP RÁCH",
BBSC-0042-0126,28/01/2026,Hoàn tất,MEGA (MAXXCARE),HÀNG TRONG NƯỚC,Không đạt Cảm quan,19,Kho Nhập,Yến,Thiện,Not scan,hãng xác nhận chuyển reject,MG1100042,PANFOR SR-1000 (HOP/5 VI X 20 VIEN),A08892518,08/11/2028,3,HỘP,000212500,0000034434,"02 hộp rách, 01 hộp móp nặng",
BBSC-0058-0226,05/02/2026,Khởi tạo,BESIN,HÀNG NHẬP KHẨU,Không đạt Cảm quan,SD1-8101B-2601-00065,Team ĐGC2,Như,Thiện,Đã mail hãng,hãng chưa phản hồi,BS1300010,PAPILOCARE (7 CANNULAS X 5ML),X0431,31/05/2029,22,Hộp,"LPN010908, LPN010909",0000034561,"21 hộp móp rách, 01 hộp có vết thấm ở góc trên, phía bên trái ngoài hộp.",
BBSC-0054-0226,04/02/2026,Hoàn tất,TORRENT,HÀNG NHẬP KHẨU,Không đạt Cảm quan,9016040764,Team ĐGC2,Như,Thiện,Not scan,chờ đi đơn chỉ định,TR1100036,PANLOZ 20 (HOP/ 30 VIEN)  ,BRU3M002,18/08/2027,120,Hộp,LPN010899,0000034572,"120 hộp móp, rách",
BBSC-0065-0226,10/02/2026,Khởi tạo,BESIN,HÀNG NHẬP KHẨU,Không đạt Cảm quan,SD1-8101B-2601-00079,Team ĐGC2,Như,Thiện,Đã mail hãng,hãng chưa phản hồi,	BS1400001,	PAPILOCARE (21 CANNULAS X 5ML),X0151,31/08/2028,1,Hộp,LPN010969,0000034598,01 hộp thiếu 1 tem niêm phong,
BBSC-0069-0226,11/02/2026,Chờ hết INV,Dr.Reddy's,HÀNG NHẬP KHẨU,Không đạt Cảm quan,9013526361,Team ĐGC2,Như,Thiện,Đã mail hãng,chờ phản hồi từ nhà máy,RD1100030,OMEZ 20MG (HOP/20 VIEN),B2503440,30/06/2027,1,Hộp,LPN010975,0000034636,"01 hộp móp, rách",
BBSC-0069-0226,11/02/2026,Chờ hết INV,Dr.Reddy's,HÀNG NHẬP KHẨU,Không đạt Cảm quan,9013526361,Team ĐGC2,Như,Thiện,Đã mail hãng,chờ phản hồi từ nhà máy,RD1100030,OMEZ 20MG (HOP/20 VIEN),B2503440,30/06/2027,18,Hộp,LPN010993,0000034636,18 hộp móp rách,
BBSC-0088-0326,05/03/2026,Khởi tạo,GETZ,HÀNG NHẬP KHẨU,Sai số lượng,GETZ/VIET/029/2026,Kho Nhập,Trinh,,,,GZ1101016,XALGETZ 0.4MG CAPS (HOP/10VIEN),411C30,05/09/2028,2,Hộp,000216135,0000034925,02 hộp thiếu trong thùng lẻ số 40,
BBSC-0108-0326,12/03/2026,Hoàn tất,MEGA (MAXXCARE),HÀNG TRONG NƯỚC,Không đạt Cảm quan,43,Kho Nhập,Yến,Thiện,Not scan,hãng xác nhận chuyển reject,MG1100044,PANFOR SR-750 (HOP/10 VI X 10 VIEN),A08902516,07/11/2027,3,Hộp,000217253,0000035082,03 hộp móp rách nặng,
BBSC-0066-0226,10/02/2026,Hoàn tất,LUYE,HÀNG NHẬP KHẨU,Không đạt Cảm quan,INUK-240266,Kho Nhập,Trinh,Thiện,,chuyển sang khu vực chờ bổ sung nhãn phụ,LU1100002,SEROQUEL XR TAB 200MG 30.S (HOP/30VIEN),SY012,23/07/2028,1,THÙNG,,0000034681,"MÓP, DẬP VỎ THÙNG NGOÀI","Chuyển khu vực biệt trữ, thông báo đến bộ phận liên quan, chờ kiểm tra chi tiết hàng bên trong"
BBSC-0106-0326,12/03/2026,Hoàn tất,Dr.Reddy's,HÀNG NHẬP KHẨU,Không đạt Cảm quan,9013530276,Kho Nhập,Trinh,Thiện,,,RD1100016,STAMLO-T (HOP/ 28 VIEN),V2600313,31/01/2028,10,THÙNG,000217184,0000035085,"Móp, rách vỏ thùng ngoài",
BBSC-0106-0326,12/03/2026,Hoàn tất,Dr.Reddy's,HÀNG NHẬP KHẨU,Không đạt Cảm quan,9013530276,Kho Nhập,Trinh,Thiện,,,RD1100016,STAMLO-T (HOP/ 28 VIEN),V2600314,31/01/2028,7,THÙNG,000217116,0000035085,"Móp, rách vỏ thùng ngoài",
BBSC-0106-0326,12/03/2026,Hoàn tất,Dr.Reddy's,HÀNG NHẬP KHẨU,Không đạt Cảm quan,9013530276,Kho Nhập,Trinh,Thiện,,,RD1100016,STAMLO-T (HOP/ 28 VIEN),V2600315,31/01/2028,11,THÙNG,000217205,0000035085,"Móp, rách vỏ thùng ngoài",
BBSC-0100-0326,11/03/2026,Khởi tạo,HETERO,HÀNG NHẬP KHẨU,Sai số lượng,SI9225208730,Team ĐGC2,Như,,Chờ HÃNG,,HT1100008,TELSAR 40 (HOP/ 30 VIEN)  ,FD257775A,06/12/2028,1,HOP,LPN011074,0000035043,01 hộp thiếu,
BBSC-0100-0326,11/03/2026,Khởi tạo,HETERO,HÀNG NHẬP KHẨU,Sai số lượng,SI9225208730,Team ĐGC2,Như,,Chờ HÃNG,,HT1100008,TELSAR 40 (HOP/ 30 VIEN)  ,FD257776,06/12/2028,2,HOP,LPN011082,0000035043,02 hộp thiếu,
BBSC-0098-0326,11/03/2026,Khởi tạo,HETERO,HÀNG NHẬP KHẨU,Không đạt Cảm quan,SI9225208730,Team ĐGC2,Như,Lữ,Đã mail hãng,"Sự cố đầu nhập (BBSC-0097-0326), không BBBT, xe tải Chờ tổng hợp theo đợt",HT1100008,TELSAR 40 (HOP/ 30 VIEN)  ,FD257775A,06/12/2028,59,HOP,"LPN011073, LPN011077",0000035043,"56 hộp móp rách nặng
03 hộp rách vỉ",
BBSC-0086-0226,28/02/2026,Hoàn tất,Dr.Reddy's,HÀNG NHẬP KHẨU,Không đạt Cảm quan,9013526362,Team ĐGC2,Như,Thiện,Not scan,"BBSC-0063-0226 đầu nhập (không có BBBT, xe tải) Chị Viên xác nhận chuyển reject",RD1100004,STAMLO 5 (H/2VI X 10VIEN),B2600151,31/12/2027,3,Hộp,LPN011047,0000034654,03 hộp móp rách nặng,
BBSC-0055-0226,04/02/2026,Chờ hết INV,HYPHENS,HÀNG NHẬP KHẨU,Không đạt Cảm quan,SI-25-000753/54/56,Team ĐGC2,Như,Thiện,Đã mail hãng,tách 1 hộp lô AA587 hold chỉ định bán cho Hyphens,HY1100008,PIASCLEDINE TAB 15.S  ,AA587,31/08/2028,1,HỘP,LPN010902,0000034526,01 HỘP MÓP RÁCH,
BBSC-0055-0226,04/02/2026,Chờ hết INV,HYPHENS,HÀNG NHẬP KHẨU,Không đạt Cảm quan,SI-25-000753/54/56,Team ĐGC2,Như,Thiện,Đã mail hãng,tách 1 hộp lô AA587 hold chỉ định bán cho Hyphens,HY1100008,PIASCLEDINE TAB 15.S  ,AA589,31/08/2028,5,HỘP,LPN010947,0000034526,"04 hộp móp, 01 hộp rách, các vỉ bên trong đều bị hở màng nhôm",
BBSC-0115-0326,17/03/2026,KHỞI TẠO,CPC1,HÀNG TRONG NƯỚC,Vượt Nhiệt độ,,Kho Lạnh,Phát,Khôi,Urgent,,HY1200001,"CUROSURF 120MG/1,5ML (H/1LO X 1,5ML)",,,0,,,,"Hàng không có thiết bị ghi nhận nhiệt độ đi kèm, kho dùng súng bắn nhiệt để kiểm tra nhiệt độ, phát hiện không đạt ĐKBQ trên nhãn (11,5 và 13,8 độ C, hình đính kèm).",
BBSC-0096-0326,10/03/2026,Hoàn tất,ASTRAZENECA,HÀNG TRẢ VỀ,Không đạt Cảm quan,AR 1443958,Kho Nhập,Duyên,,,,AZ1112006,NEXIUM 10MG SACHET 1X28 EA VN,RFMK,24/04/2028,4,Hộp,LPN011076,50-17397,móp nặng,Chuyển bán đơn chỉ định
BBSC-0095-0326,10/03/2026,Hoàn tất,ROHTO,HÀNG TRẢ VỀ,Không đạt Cảm quan,AR 1441996,Kho Nhập,Duyên,Phúc,,,RH7300171,DAU GOI CHONG GAU (SELSUN ANTI-DANDRUFF SHAMPOO WITH SELENIU,AC10V2,11/01/2030,7,Hộp,LPN011075,50-17454	,"05h bị rách seal, 2h bị chảy dung dịch",Chuyển bán đơn chỉ định
BBSC-0110-0326,13/03/2026,Hoàn tất,VE PHARMA,HÀNG NHẬP KHẨU,Không đạt Cảm quan,S09-AIR,Kho Nhập,Duyên,Phúc,,,SC6100015,PREGNACARE PLUS OMEGA 3 (H/56 VIEN),PP2601CP,31/07/2028,72,THÙNG,"000217360, 000217361, 000217362",0000035116,"Móp, dập vỏ thùng ngoài",
BBSC-0110-0326,13/03/2026,Hoàn tất,VE PHARMA,HÀNG NHẬP KHẨU,Không đạt Cảm quan,S09-AIR,Kho Nhập,Duyên,Phúc,,,SC6100004,OSTEOCARE (H/30 VIEN),OT2513P,31/10/2029,6,THÙNG,000217345,0000035116,"Móp, dập vỏ thùng ngoài",
BBSC-0110-0326,13/03/2026,Hoàn tất,VE PHARMA,HÀNG NHẬP KHẨU,Không đạt Cảm quan,S09-AIR,Kho Nhập,Duyên,Phúc,,,SC6100004,OSTEOCARE (H/30 VIEN),OT2514P,31/10/2029,12,THÙNG,"000217353, 000217356",0000035116,"Móp, dập vỏ thùng ngoài",
BBSC-0112-0326,13/03/2026,Hoàn tất,VE PHARMA,HÀNG NHẬP KHẨU,Không đạt Cảm quan,S11-AIR,Kho Nhập,Trinh,,,,SC6100003,FEROGLOBIN B12 CAPSULES (H/30 VIEN),FW2516PA,31/08/2028,56,THÙNG,"000217512,000217513,000217514,000217515,000217516,000217517,000217518,000217519,000217520,000217521",0000035137,"Móp, rách, dập vỏ thùng ngoài",
BBSC-0112-0326,13/03/2026,Hoàn tất,VE PHARMA,HÀNG NHẬP KHẨU,Không đạt Cảm quan,S11-AIR,Kho Nhập,Trinh,,,,SC6100004,OSTEOCARE (H/30 VIEN),OT2510P,30/09/2029,4,THÙNG,000217522,0000035137,"Móp, rách, dập vỏ thùng ngoài",
BBSC-0112-0326,13/03/2026,Hoàn tất,VE PHARMA,HÀNG NHẬP KHẨU,Không đạt Cảm quan,S11-AIR,Kho Nhập,Trinh,,,,SC6100025,"PREGNACARE MAX (H/56 VIEN NEN, 28 VIEN NANG)",PM2605CP,31/07/2028,360,THÙNG,"000217523,000217524,000217525,000217526,000217527,000217528,000217529,000217530,000217531,000217532,000217533,000217534,000217535,000217536,000217537",0000035137,"Móp, rách, dập vỏ thùng ngoài",
BBSC-0111-0326,13/03/2026,Hoàn tất,VE PHARMA,HÀNG NHẬP KHẨU,Không đạt Cảm quan,S10-AIR,Kho Nhập,Trinh,,,,SC6100018,"PREGNACARE BREAST-FEEDING (HOP/56 VIEN NEN, 28 VIEN NANG)",PB2605CP,31/05/2028,360,THÙNG,"000217479, 000217480,000217481, 000217482, 000217483,000217484,000217485,000217486,000217487,000217488,000217489,000217490,000217491,000217492,000217493",0000035136,"Móp, rách, dập vỏ thùng ngoài",
BBSC-0111-0326,13/03/2026,Hoàn tất,VE PHARMA,HÀNG NHẬP KHẨU,Không đạt Cảm quan,S10-AIR,Kho Nhập,Trinh,,,,SC6100018,"PREGNACARE MAX (H/56 VIEN NEN, 28 VIEN NANG)",PM2605CP,31/07/2028,409,THÙNG,"000217494,000217495,000217496,000217497,000217498,000217499,000217500,000217501,000217502,000217503,000217504,000217505,000217506,000217507,000217508,000217509,000217510,000217511",0000035136,"Móp, rách, dập vỏ thùng ngoài",
BBSC-0097-0326,10/03/2026,Hoàn tất,HETERO,HÀNG NHẬP KHẨU,Không đạt Cảm quan,SI9225208730,Kho Nhập,Trinh,Thiện,,,HT1100008,TELSAR 40 (HOP/ 30 VIEN),FD257776,06/12/2028,5,THÙNG,,0000035043,"Móp, rách vỏ thùng ngoài",
BBSC-0091-0326,06/03/2026,Hoàn tất,TORRENT,HÀNG NHẬP KHẨU,Không đạt Cảm quan,GJ0600002508,Kho Nhập,Trinh,,,,TR1100036,PANLOZ 20 (HOP/ 30 VIEN),BRU3M002,18/08/2027,5,THÙNG,,0000034973,"Móp, rách vỏ thùng ngoài",
BBSC-0117-0326,17/03/2026,Hoàn tất,MEGA (MAXXCARE),HÀNG TRONG NƯỚC,Không đạt Cảm quan,47,Kho Nhập,Yến,Phúc,,,MG1100042,PANFOR SR-1000 (HOP/5 VI X 20 VIEN),08892601,15/02/2029,4,Hộp,000217845,0000035189,"Móp, rách",Chuyển hủy
BBSC-0117-0326,17/03/2026,Hoàn tất,MEGA (MAXXCARE),HÀNG TRONG NƯỚC,Không đạt Cảm quan,47,Kho Nhập,Yến,Phúc,,,MG1100044,PANFOR SR-750 (HOP/10 VI X 10 VIEN),A08902516,07/11/2027,4,Hộp,000217901,0000035181,"Móp, rách",Chuyển hủy
BBSC-0102-0326,11/03/2026,Hoàn tất,VE PHARMA,HÀNG NHẬP KHẨU,Không đạt Cảm quan,S08-AIR,Kho Nhập,Trinh,Thiện,,,SC6100004,OSTEOCARE (H/30 VIEN),OT2509P,30/09/2029,6,THÙNG,000217021,0000035073,"Móp, rách vỏ thùng ngoài",
BBSC-0102-0326,11/03/2026,Hoàn tất,VE PHARMA,HÀNG NHẬP KHẨU,Không đạt Cảm quan,S08-AIR,Kho Nhập,Trinh,Thiện,,,SC6100025,"PREGNACARE MAX (H/56 VIEN NEN, 28 VIEN NANG)	",PM2605CP,31/07/2028,72,THÙNG,"000216976, 000216977,000216975",0000035073,"Móp, rách vỏ thùng ngoài",
BBSC-0102-0326,11/03/2026,Hoàn tất,VE PHARMA,HÀNG NHẬP KHẨU,Không đạt Cảm quan,S08-AIR,Kho Nhập,Trinh,Thiện,,,SC6100003,FEROGLOBIN B12 CAPSULES (H/30 VIEN),FW2504KA,31/10/2028,6,THÙNG,000217010,0000035073,"Móp, rách vỏ thùng ngoài",
BBSC-0102-0326,11/03/2026,Hoàn tất,VE PHARMA,HÀNG NHẬP KHẨU,Không đạt Cảm quan,S08-AIR,Kho Nhập,Trinh,Thiện,,,SC6100004,OSTEOCARE (H/30 VIEN),OT2510P,30/09/2029,6,THÙNG,000217013,0000035073,"Móp, rách vỏ thùng ngoài",
BBSC-0102-0326,11/03/2026,Hoàn tất,VE PHARMA,HÀNG NHẬP KHẨU,Không đạt Cảm quan,S08-AIR,Kho Nhập,Trinh,Thiện,,,SC6100001,OSTEOCARE LIQUID 200ML,60138,31/12/2027,70,THÙNG,000216985,0000035073,"Móp, rách vỏ thùng ngoài",
BBSC-0102-0326,11/03/2026,Hoàn tất,VE PHARMA,HÀNG NHẬP KHẨU,Không đạt Cảm quan,S08-AIR,Kho Nhập,Trinh,Thiện,,,SC6100019,WELLBABY MULTI-VITAMIN LIQUID (CHAI 150ML),51564,30/11/2027,70,THÙNG,000216992,0000035073,"Móp, rách vỏ thùng ngoài",
BBSC-0102-0326,11/03/2026,Hoàn tất,VE PHARMA,HÀNG NHẬP KHẨU,Không đạt Cảm quan,S08-AIR,Kho Nhập,Trinh,Thiện,,,SC6100017,WELLKID MULTI-VITAMIN LIQUID (CHAI/150ML),60025,31/12/2027,70,THÙNG,000216980,0000035073,"Móp, dập vỏ thùng ngoài",
BBSC-0102-0326,11/03/2026,Hoàn tất,VE PHARMA,HÀNG NHẬP KHẨU,Không đạt Cảm quan,S08-AIR,Kho Nhập,Trinh,Thiện,,,SC6100018,"PREGNACARE BREAST-FEEDING (HOP/56 VIEN NEN, 28 VIEN NANG)",PB2601CP,31/07/2028,24,THÙNG,000216999,0000035073,"Móp, dập vỏ thùng ngoài",
BBSC-0113-0326,16/03/2026,Hoàn tất,VE PHARMA,HÀNG NHẬP KHẨU,Không đạt Cảm quan,SI9225208057/58,Kho Nhập,Trinh,Phúc,,,HT1100004,PANTIN 40 (HOP/ 30 VIEN),FD258044C,15/12/2027,1,thùng,000217745,0000035153,Rách vỏ thùng ngoài,
BBSC-0107-0326,12/03/2026,Hoàn tất,DAVIPHARM,CN. ĐÀ NẴNG (Điều chuyển),Không đạt Cảm quan,00009507,Kho Nhập,Yến,Thiện,,,DV1100200,ZURER-300 (HOP/30VIEN) - EU,243078,12/11/2027,14,Hộp,,,móp,Chuyển bán
BBSC-0118-0326,18/03/2026,Hoàn tất,HYPHENS,HÀNG NHẬP KHẨU,Sai số lượng,SI-26-000133/34,Kho Nhập,Trinh,Thiện,,,HY7300048,METABIOTIC FACIAL WASH 100ML,TG0179,30/06/2028,1,Hộp,000217749,0000035178,Hàng bị thiếu do Hải Quan lấy mẫu,Cấn trừ công nợ
BBSC-0047-0226,02/02/2026,Hoàn tất,HYPHENS,HÀNG NHẬP KHẨU,Vượt Nhiệt độ,SI-25-000753/54/56,Phòng QA,Phúc,,"HOLD chi nhánh, Chờ HÃNG","Nhiệt độ không đạt, Max 30.8°C - Chuyển CN.HY: AA595 (2160 hộp), AA587 (5940 hộp) => chờ unhold - Chuyển CN.ĐN: AA587 (216 hộp) => chờ unhold - Chuyển CN.HY lần 2 (05.02.26): AA595 (2,376 hộp), AA587 (5940 hộp) => chờ unhold",HY1100015,PIASCLEDINE TAB 30.S,AA595,31/08/2028,35000,Hộp,"000213024, 000213022, 000213021, 000213020, 000213019, 000213023",0000034526,"Nhiệt độ không đạt, max 30.8°C",Release
BBSC-0047-0226,02/02/2026,Hoàn tất,HYPHENS,HÀNG NHẬP KHẨU,Vượt Nhiệt độ,SI-25-000753/54/56,Phòng QA,Phúc,,"HOLD chi nhánh, Chờ HÃNG","Nhiệt độ không đạt, Max 30.8°C - Chuyển CN.HY: AA595 (2160 hộp), AA587 (5940 hộp) => chờ unhold - Chuyển CN.ĐN: AA587 (216 hộp) => chờ unhold - Chuyển CN.HY lần 2 (05.02.26): AA595 (2,376 hộp), AA587 (5940 hộp) => chờ unhold",HY1100008,PIASCLEDINE TAB 15.S,AA587,31/08/2028,89802,Hộp,"000213003, 000213001, 000213002, 000212999, 000212998, 000212994, 000213000, 000212996, 000212995, 000212990, 000212991, 000212992, 000212997, 000212993",0000034526,"Nhiệt độ không đạt, max 30.8°C",Release
BBSC-0047-0226,02/02/2026,Hoàn tất,HYPHENS,HÀNG NHẬP KHẨU,Vượt Nhiệt độ,SI-25-000753/54/56,Phòng QA,Phúc,,"HOLD chi nhánh, Chờ HÃNG","Nhiệt độ không đạt, Max 30.8°C - Chuyển CN.HY: AA595 (2160 hộp), AA587 (5940 hộp) => chờ unhold - Chuyển CN.ĐN: AA587 (216 hộp) => chờ unhold - Chuyển CN.HY lần 2 (05.02.26): AA595 (2,376 hộp), AA587 (5940 hộp) => chờ unhold",HY1100008,PIASCLEDINE TAB 15.S,AA589,31/08/2028,90887,Hộp,"000213011, 000213012, 000213013, 000213009, 000213010, 000213007, 000213008, 000213014, 000213015, 000213006, 000213005, 000213004, 000213018, 000213016, 000213017",0000034526,"Nhiệt độ không đạt, max 30.8°C",Release
BBSC-0608-1225,17/12/2025,Hoàn tất,RXILIENT,HÀNG NHẬP KHẨU,Vượt Nhiệt độ,RMPI250059,Phòng QA,Phúc,,,,RX1300002 & RX1300001,RXOLVE ULTRA EYE DROPS 10ml & RXOLVE SOOTHE EYE DROPS 10ml,25L200 & 25K200,,0,PALLET,,,S125060337-09: 26.5°C (Vượt ĐKBQ trên bao bì 2 - 25°C),
BBSC-0618-1225,24/12/2025,Hoàn tất,Dr.Reddy's,HÀNG NHẬP KHẨU,Vượt Nhiệt độ,9013519764,Phòng QA,Phúc,,,,RD1200021,ZANTOLRED (HOP/112VIEN),F18208P3,31/05/2028,1,PALLET,,,,
BBSC-0588-1225,10/12/2025,Hoàn tất,WW,HÀNG NHẬP KHẨU,Vượt Nhiệt độ,91762475,Phòng QA,Phúc,,,,WO1100004,SILYGAMMA 150MG 100.S,N/A,,1,PALLET,,,ALARM_PKZ7N001N0_0 : Max 31.4°C,Release
BBSC-0575-1225,04/12/2025,Hoàn tất,TORRENT,HÀNG NHẬP KHẨU,Sai khác AW,GJ0600001516,Phòng QA,Phúc,,,,TR1100038,SERENATA-100 (HOP/100 VIEN),B443M001,09/02/2027,1920,HỘP,,,"11/11/2025 hàng về kho, AW lưu trong ổ 18 chưa có mộc, sau khi kiểm tra AW có mộc DAV hãng gửi lại thì phát hiện hàng thực tế khác với AW này
 (Hàng về 2 lần, với cùng 01 số lô và AW.
 Lần đầu INV: GJ0600001124-1123; lần 02: GJ0600001516)",Release
BBSC-0565-1125,28/11/2025,Hoàn tất,WW,HÀNG NHẬP KHẨU,Vượt Nhiệt độ,91761235,Phòng QA,Phúc,,,,WO1100001,MILGAMMA MONO 150 TABLETS 30.S,463101,31/05/2028,1,PALLET,,,Nhiệt độ âm 0.5°C,Release
BBSC-0099-0326,11/03/2026,Hoàn tất,VE PHARMA,HÀNG NHẬP KHẨU,Không đạt Cảm quan,S07-AIR,Kho Nhập,Trinh,Phúc,,,SC6100002,FEROGLOBIN B12 LIQUID 200ML,60074,31/12/2027,1,THÙNG,,0000035053,"Móp, dập vỏ thùng ngoài",Chuyển bổ sung nhãn phụ
BBSC-0099-0326,11/03/2026,Hoàn tất,VE PHARMA,HÀNG NHẬP KHẨU,Không đạt Cảm quan,S07-AIR,Kho Nhập,Trinh,Phúc,,,SC6100025,"PREGNACARE MAX (H/56 VIEN NEN, 28 VIEN NANG)",PM2603,31/07/2028,5,THÙNG,,0000035053,"Móp, dập vỏ thùng ngoài",
BBSC-0099-0326,11/03/2026,Hoàn tất,VE PHARMA,HÀNG NHẬP KHẨU,Không đạt Cảm quan,S07-AIR,Kho Nhập,Trinh,Phúc,,,SC6100004,OSTEOCARE (H/30 VIEN),OT2512P,31/10/2029,2,THÙNG,,0000035053,"Móp, dập vỏ thùng ngoài",
BBSC-0090-0326,05/03/2026,Khởi tạo,ALLEVIARE,HÀNG NHẬP KHẨU,Không đạt Cảm quan,EXP71/2025-26,Kho Nhập,Trinh,Phúc,Đã mail hãng,,AV1300026,ALLSILVER 15G (HOP/ 1 TUYP),A605,04/01/2028,2,Hộp,000216194,0000034942,hàng bị móp trong thùng móp rách số 34,
BBSC-0570-1225,03/12/2025,Hoàn tất,HYPHENS,HÀNG NHẬP KHẨU,Vượt Nhiệt độ,SI-25-000688,Phòng QA,Phúc,,,,HY4200001,"CUROSURF 120MG/1,5ML (H/1LO X 1,5ML)",1224270,17/03/2027,0,HỘP,,,Max 11.8°C,Release
BBSC-0082-0226,26/02/2026,Hoàn tất,NA,CN. ĐÀ NẴNG (Điều chuyển),Không đạt Cảm quan,00006986,Kho Nhập,Yến,Phúc,,,SC6100017,WELLKID MULTI-VITAMIN LIQUID (CHAI/150ML),41876,30/11/2026,1,Hộp,000215568,54-19557,Móp,Hold chờ trả hãng
BBSC-0082-0226,26/02/2026,Hoàn tất,NA,CN. ĐÀ NẴNG (Điều chuyển),Không đạt Cảm quan,00006986,Kho Nhập,Yến,Phúc,,,TR1100026,MIRTAZAPINE TABLETS 30 MG (HOP/ 30 VIEN),B726M001,23/06/2027,12,Hộp,000215570,54-19559,Móp,release
BBSC-0128-0326,20/03/2026,KHỞI TẠO,OTSUKA,HÀNG TRONG NƯỚC,Không đạt Cảm quan,,Kho Xuất,Thiện,Thiện,,,OS6100005,THUC PHAM DINH DUONG Y HOC NEO-MUNE HUONG VANI,5L711,02/12/2028,1,Hộp,LPN011131,0000034970,01 hộp bị ngược nhãn,
BBSC-0123-0326,19/03/2026,Hoàn tất,Dr.Reddy's,HÀNG NHẬP KHẨU,Không đạt Cảm quan,9013531533,Kho Nhập,Vy,Phúc,,,RD1100013,RIVAXORED 20MG (HOP/1VI X 14VIEN),B2600555,31/01/2029,8,Thùng,000218099,0000035232,"Móp, rách vỏ thùng ngoài",
BBSC-0120-0326,18/03/2026,Hoàn tất,HETERO,HÀNG NHẬP KHẨU,Không đạt Cảm quan,SI3625300847-48,Kho Nhập,Yến,Thiện,,,HT1200010,PROPONEX 200 (HOP/10 LO),AS1260023E,20/01/2028,8,THÙNG,000217991,0000035211,"Móp, rách vỏ thùng ngoài",
BBSC-0129-0326,23/03/2026,Khởi tạo,Dr.Reddy's,HÀNG NHẬP KHẨU,Không đạt Cảm quan,9013530040,Team ĐGC2,Như,Lữ,Đã mail hãng,,RD4200001,REDDITUX 500MG (H/1LO X 50ML)  ,N260069A,31/12/2028,1,HOP,LPN011134,0000035155,"01 hộp rách niêm phong (thùng nguyên, số 1)",
BBSC-0125-0326,19/03/2026,Khởi tạo,HETERO,HÀNG NHẬP KHẨU,Không đạt Cảm quan,SI-26-000133/34,Team ĐGC2,Như,Lữ,Đã mail hãng,,HT1200010,PROPONEX 200 (HOP/10 LO)  ,AS1260023E,20/01/2028,1,HOP,LPN011117,"0000035210, 0000035211","01 hộp có chữ ""kiểm hóa""",
BBSC-0084-0226,27/02/2026,Hoàn tất,MEGA (MAXXCARE),HÀNG TRONG NƯỚC,Không đạt Cảm quan,36,Kho Nhập,Yến,Phúc,Đã mail hãng,,MG1100043,PANFOR SR-500 (HOP/5 VI X 20 VIEN),A08882501,10/02/2028,6,Hộp,,,Móp rách nặng,Hãng xác nhận hủy
BBSC-0122-0326,18/03/2026,Hoàn tất,HYPHENS,HÀNG NHẬP KHẨU,Không đạt Cảm quan,SI-26-000133/34,Team ĐGC2,Như,Lữ,,Chờ xuất cho nhân viên hyphens,HY7300012,ULTRA LIGHT HYDRATOR 50G  ,SB0030,31/10/2028,1,HOP,LPN011111,0000035178,01 hộp không lot date,Chờ xuất - mail chị Kim (hyphens)
BBSC-0135-0326,25/03/2026,Khởi tạo,HETERO,HÀNG NHẬP KHẨU,Không đạt Cảm quan,SI3625300819-20,Kho Nhập,Trinh,,,,HT1200001,VANCONEX (VANCOMYCIN HYDROCHLORIDE FOR INJECTION USP 500MG/V,AS1260050E,09/02/2028,20,THÙNG,,,"Móp, rách vỏ thùng ngoài",
BBSC-0077-0226,24/02/2026,KHỞI TẠO,MAYOLY,HÀNG NHẬP KHẨU,Sai số lượng,SIVIC0044135-37/39/42/56/57/58/61,Kho Nhập,Trinh,Phúc,Chờ HÃNG,,MY1100014,TANAKAN 40MG 30TABS VN (0302A021_NEW),D76173,31/08/2027,3,Hộp,000215212,0000034785,Hàng phát hiện bị thiếu trong thùng nguyên số 0002,
BBSC-0077-0226,24/02/2026,KHỞI TẠO,MAYOLY,HÀNG NHẬP KHẨU,Sai số lượng,SIVIC0044135-37/39/42/56/57/58/61,Kho Nhập,Trinh,Phúc,Chờ HÃNG,,MY1100014,TANAKAN 40MG 30TABS VN (0302A021_NEW),D76174,31/08/2027,1,Hộp,000215214,0000034785,Hàng phát hiện bị thiếu trong thùng nguyên số 0255,
BBSC-0077-0226,24/02/2026,KHỞI TẠO,MAYOLY,HÀNG NHẬP KHẨU,Sai số lượng,SIVIC0044135-37/39/42/56/57/58/61,Kho Nhập,Trinh,Phúc,Chờ HÃNG,,MY1100014,TANAKAN 40MG 30TABS VN (0302A021_NEW),D76178,03/09/2027,8,Hộp,000215318,0000034787,Hàng phát hiện bị thiếu trong thùng nguyên số 0029,
BBSC-0077-0226,24/02/2026,KHỞI TẠO,MAYOLY,HÀNG NHẬP KHẨU,Sai số lượng,SIVIC0044135-37/39/42/56/57/58/61,Kho Nhập,Trinh,Phúc,Chờ HÃNG,,MY1100014,TANAKAN 40MG 30TABS VN (0302A021_NEW),D76177,03/09/2027,7,Hộp,000215316,0000034787,Hàng phát hiện bị thiếu trong thùng nguyên số 0057,
BBSC-0080-0226,26/02/2026,Khởi tạo,MAYOLY,HÀNG NHẬP KHẨU,Không đạt Cảm quan,N/A,Kho Xuất,Phúc,,Chờ HÃNG,,MY1100001,TANAKAN 40MG 30TABS VN,D52360,27/12/2026,1,Hộp,000215325,50-17268,Lỗi in lot date,
BBSC-0012-0126,08/01/2026,Khởi tạo,VE PHARMA,HÀNG NHẬP KHẨU,Không đạt Cảm quan,S27-2712 VEVN25/01/11/07,Team ĐGC2,Như,Phúc,Đã mail hãng,,SC6100001,OSTEOCARE LIQUID 200ML,51271,31/08/2027,4,HỘP,"LPN010742 ,  LPN010773 ",0000034016,4 hộp móp rách,
BBSC-0012-0126,08/01/2026,Khởi tạo,VE PHARMA,HÀNG NHẬP KHẨU,Không đạt Cảm quan,S27-2712 VEVN25/01/11/07,Team ĐGC2,Như,Phúc,Đã mail hãng,,SC6100019,WELLBABY MULTI-VITAMIN LIQUID (CHAI 150ML),51137,31/07/2027,17,HỘP,"LPN010739 , LPN010753 ",0000034016,"11 hộp móp nặng
3 hộp lỗi lot date
3 hộp lỗi bao bì",
BBSC-0012-0126,08/01/2026,Khởi tạo,VE PHARMA,HÀNG NHẬP KHẨU,Không đạt Cảm quan,S27-2712 VEVN25/01/11/07,Team ĐGC2,Như,Phúc,Đã mail hãng,,SC6100011,PERFECTIL (H/30 VIEN)  ,PFT2505A,31/05/2028,4,HỘP,LPN010851,0000034016,"3 hộp rách, 1 hộp móp",
BBSC-0137-0326,26/03/2026,KHỞI TẠO,MEGA (MAXXCARE),HÀNG TRONG NƯỚC,Không đạt Cảm quan,61,Kho Nhập,Yến,Phúc,,,MG1100036,BAROLE 20 (HOP/10 VI X 10 VIEN),A08872507,07/11/2027,1,Hộp,000219017,,01 hộp rách móp,
BBSC-0137-0326,26/03/2026,KHỞI TẠO,MEGA (MAXXCARE),HÀNG TRONG NƯỚC,Không đạt Cảm quan,61,Kho Nhập,Yến,Phúc,,,MG1100063,VCARD-AM 80 + 5 (HOP/4 VI X 7 VIEN),257745,31/08/2028,8,Hộp,000219018,,08 hộp móp nặng (vỉ bên trong bị gập),
BBSC-0043-0126,28/01/2026,Khởi tạo,VE PHARMA,HÀNG NHẬP KHẨU,Không đạt Cảm quan,S06-AIR VEVN26/01/01/22,Team ĐGC2,Như,Phúc,Đã mail hãng,,SC6100004,OSTEOCARE (H/30 VIEN)  ,OT2514P,31/10/2029,8,Hộp,LPN010864,0000034449,08 hộp móp nặng,
BBSC-0043-0126,28/01/2026,Khởi tạo,VE PHARMA,HÀNG NHẬP KHẨU,Không đạt Cảm quan,S06-AIR VEVN26/01/01/22,Team ĐGC2,Như,Phúc,Đã mail hãng,,SC6100004 ,OSTEOCARE (H/30 VIEN)  ,OT2516P,31/10/2029,2,Hộp,LPN010881,0000034449,02 hộp móp nặng,
BBSC-0043-0126,28/01/2026,Khởi tạo,VE PHARMA,HÀNG NHẬP KHẨU,Không đạt Cảm quan,S06-AIR VEVN26/01/01/22,Team ĐGC2,Như,Phúc,Đã mail hãng,,SC6100004 ,OSTEOCARE (H/30 VIEN)  ,OT2515P,31/10/2029,2,Hộp,LPN011037,0000034449,02 hộp móp nặng,
BBSC-0043-0126,28/01/2026,Khởi tạo,VE PHARMA,HÀNG NHẬP KHẨU,Không đạt Cảm quan,S06-AIR VEVN26/01/01/22,Team ĐGC2,Như,Phúc,Đã mail hãng,,SC6100004,OSTEOCARE (H/30 VIEN),OT2515P,31/10/2029,9,Hộp,LPN010876,0000034449,09 hộp móp nặng,
BBSC-0043-0126,28/01/2026,Khởi tạo,VE PHARMA,HÀNG NHẬP KHẨU,Không đạt Cảm quan,S06-AIR VEVN26/01/01/22,Team ĐGC2,Như,Phúc,Đã mail hãng,,SC6100004,OSTEOCARE (H/30 VIEN),OT2515P,31/10/2029,4,Hộp,LPN010877,0000034449,04 hộp móp nặng,
BBSC-0043-0126,28/01/2026,Khởi tạo,VE PHARMA,HÀNG NHẬP KHẨU,Không đạt Cảm quan,S06-AIR VEVN26/01/01/22,Team ĐGC2,Như,Phúc,Đã mail hãng,,SC6100004,OSTEOCARE (H/30 VIEN),OT2515P,31/10/2029,6,Hộp,LPN011043,0000034449,06 hộp móp nặng,
BBSC-0043-0126,28/01/2026,Khởi tạo,VE PHARMA,HÀNG NHẬP KHẨU,Không đạt Cảm quan,S06-AIR VEVN26/01/01/22,Team ĐGC2,Như,Phúc,Đã mail hãng,,SC6100004,OSTEOCARE (H/30 VIEN),OT2516P,31/10/2029,2,Hộp,LPN011045,0000034449,02 hộp móp nặng,
BBSC-0143-0326,27/03/2026,Khởi tạo,HOE,HÀNG NHẬP KHẨU,Sai số lượng,"HPF9000130, HPF9000131",Kho Nhập,Trinh,,,,HO7300004,ELLGY PLUS 25G CREAM 1.S,01742507,01/02/2030,1,Hộp,000219387,0000035410,Hàng thiếu do Hải Quan thu mẫu,
BBSC-0139-0326,26/03/2026,Khởi tạo,HETERO,HÀNG NHẬP KHẨU,Không đạt Cảm quan,SI3625209411/13,Kho Nhập,Trinh,Phúc,,,HT1100044,RITOCOM (HOP/1 LO 120 VIEN),E260142,20/01/2028,30,Thùng,"000219428, 000219429",0000035411,"Móp, rách vỏ thùng ngoài",
BBSC-0144-0326,27/03/2026,Khởi tạo,BESIN,HÀNG NHẬP KHẨU,Không đạt Cảm quan,SD1-8101B-2601-00080,Kho Nhập,Trinh,Phúc,,,BS1400001,PAPILOCARE (21 CANNULAS X 5ML),X0121,31/07/2028,4,Thùng,000219495,0000035415,"Móp, rách vỏ thùng ngoài",
BBSC-0144-0326,27/03/2026,Khởi tạo,BESIN,HÀNG NHẬP KHẨU,Không đạt Cảm quan,SD1-8101B-2601-00080,Kho Nhập,Trinh,Phúc,,,BS1400001,PAPILOCARE (21 CANNULAS X 5ML),X0142,31/08/2028,1,Thùng,000219494,0000035415,"Móp, rách vỏ thùng ngoài",
BBSC-0144-0326,27/03/2026,Khởi tạo,BESIN,HÀNG NHẬP KHẨU,Không đạt Cảm quan,SD1-8101B-2601-00080,Kho Nhập,Trinh,Phúc,,,BS1400001,PAPILOCARE (21 CANNULAS X 5ML),X0151,31/08/2028,1,Thùng,000219496,0000035415,"Móp, rách vỏ thùng ngoài",
BBSC-0145-0326,27/03/2026,Khởi tạo,VE PHARMA,HÀNG NHẬP KHẨU,Không đạt Cảm quan,S04-SEA,Kho Nhập,Trinh,Phúc,,,SC6100003,FEROGLOBIN B12 CAPSULES (H/30 VIEN),FW2525TA,30/06/2028,5,Thùng,000219459,0000035420,"Móp, rách vỏ thùng ngoài",
BBSC-0145-0326,27/03/2026,Khởi tạo,VE PHARMA,HÀNG NHẬP KHẨU,Không đạt Cảm quan,S04-SEA,Kho Nhập,Trinh,Phúc,,,SC6100018,"PREGNACARE BREAST-FEEDING (HOP/56 VIEN NEN, 28 VIEN NANG)",PB2533CP,31/07/2028,3,Thùng,000219474,0000035420,"Móp, rách vỏ thùng ngoài",
BBSC-0140-0326,26/03/2026,Hoàn tất,BESIN,HÀNG NHẬP KHẨU,Vượt Nhiệt độ,SD1-8101B-2601-00080,Phòng QA,Thiện,Phúc,Not scan,Hãng xác nhận release,BS1400001,PAPILOCARE (21 CANNULAS X 5ML),X0121,31/07/2028,4272,Hộp,"000219415, 000219410, 000219495, 000219413, 000219409, 000219411, 000219412, 000219414",0000035415,có 01 thiết bị ghi nhận nhiệt độ vượt giới hạn trên so với ĐKBQ ghi trên bao bì (S125081748-02: max 25.4 OC),
BBSC-0140-0326,26/03/2026,Hoàn tất,BESIN,HÀNG NHẬP KHẨU,Vượt Nhiệt độ,SD1-8101B-2601-00080,Phòng QA,Thiện,Phúc,Not scan,Hãng xác nhận release,BS1400001,PAPILOCARE (21 CANNULAS X 5ML),X0161,31/08/2028,355,Hộp,000219421,0000035415,có 01 thiết bị ghi nhận nhiệt độ vượt giới hạn trên so với ĐKBQ ghi trên bao bì (S125081748-02: max 25.4 OC),
BBSC-0140-0326,26/03/2026,Hoàn tất,BESIN,HÀNG NHẬP KHẨU,Vượt Nhiệt độ,SD1-8101B-2601-00080,Phòng QA,Thiện,Phúc,Not scan,Hãng xác nhận release,BS1400001,PAPILOCARE (21 CANNULAS X 5ML),X0151,31/08/2028,816,Hộp,"000219420, 000219496, 000219419",0000035415,có 01 thiết bị ghi nhận nhiệt độ vượt giới hạn trên so với ĐKBQ ghi trên bao bì (S125081748-02: max 25.4 OC),
BBSC-0140-0326,26/03/2026,Hoàn tất,BESIN,HÀNG NHẬP KHẨU,Vượt Nhiệt độ,SD1-8101B-2601-00080,Phòng QA,Thiện,Phúc,Not scan,Hãng xác nhận release,BS1400001,PAPILOCARE (21 CANNULAS X 5ML),X0142,31/08/2028,1972,Hộp,"000219418, 000219416, 000219417, 000219494",0000035415,có 01 thiết bị ghi nhận nhiệt độ vượt giới hạn trên so với ĐKBQ ghi trên bao bì (S125081748-02: max 25.4 OC),
BBSC-0121-0326,18/03/2026,Hoàn tất,HYPHENS,HÀNG NHẬP KHẨU,Vượt Nhiệt độ,SI-26-000159,Phòng QA,Thiện,,Not scan,hãng xác nhận release,HY1200002,DOTAREM 10 ML,25GD0859,31/08/2028,11250,Hộp,"000217955, 000217956, 000217957",0000035204,Nhiệt độ vượt ĐKBQ ghi trên bao bì - max 43.6,
BBSC-0121-0326,18/03/2026,Hoàn tất,HYPHENS,HÀNG NHẬP KHẨU,Vượt Nhiệt độ,SI-26-000159,Phòng QA,Thiện,,Not scan,hãng xác nhận release,HY1200002,DOTAREM 10 ML,25GD0740,30/06/2028,3750,Hộp,000217954,0000035204,Nhiệt độ vượt ĐKBQ ghi trên bao bì - max 43.6,
BBSC-0124-0326,19/03/2026,Hoàn tất,HETERO,HÀNG NHẬP KHẨU,Không đạt Cảm quan,SI9225207886,Kho Nhập,Vy,Phúc,,,HT1100005,CELOFIN 200MG (HOP/30 VIEN),FD257473,03/12/2027,2,THÙNG,000218117,0000035234,"Móp, rách vỏ thùng ngoài",Chuyển bổ sung nhãn phụ
BBSC-0133-0326,24/03/2026,Hoàn tất,Dr.Reddy's,HÀNG NHẬP KHẨU,Không đạt Cảm quan,9013531214,Kho Nhập,Trinh,,,,RD1100017,STAMLO-T 80/5MG (HOP/28 VIEN),V2600393,31/01/2028,6,Thùng,000218765,0000035310,"Móp, rách vỏ thùng ngoài",
BBSC-0134-0326,24/03/2026,Hoàn tất,ASPIRO,HÀNG NHẬP KHẨU,Không đạt Cảm quan,SI3625300813,Kho Nhập,Trinh,,,,HT1200002,COLISTIMETHATE FOR INJECTION USP 150MG/VIAL (HOP/ 1 LO),AS1260022C,25/01/2028,1,THÙNG,000218781,0000035317,"Móp, dập vỏ thùng ngoài",
BBSC-0132-0326,24/03/2026,Hoàn tất,Dr.Reddy's,HÀNG NHẬP KHẨU,Không đạt Cảm quan,9013532582,Kho Nhập,Trinh,,,,RD1100017,STAMLO-T 80/5MG (HOP/28 VIEN),V2600393,31/01/2028,5,THÙNG,000218753,0000035313,"Móp, rách vỏ thùng ngoài",
BBSC-0119-0326,18/03/2026,Khởi tạo,Dr.Reddy's,HÀNG NHẬP KHẨU,Không đạt Cảm quan,9013530276,Team ĐGC2,Như,Lữ,Đã mail hãng,"Sự cố đầu nhập (BBSC-0106-0326), có BBBT",RD1100016,STAMLO-T (HOP/ 28 VIEN)  ,V2600313,31/01/2028,7,HOP,"LPN011113, LPN011112",0000035085,"04 hộp móp rách nặng (vỉ biến dạng) - LPN011113
03 hộp móp nhẹ (vỉ không ảnh hưởng) - LPN011112",
BBSC-0116-0326,17/03/2026,Khởi tạo,VE PHARMA,HÀNG NHẬP KHẨU,Không đạt Cảm quan,S11-AIR_VEVN26/05/02/26,Team ĐGC2,Như,Lữ,Đã mail hãng,"Sự cố đầu nhập (BBSC-0112-0326), có BBBT",SC6100003,FEROGLOBIN B12 CAPSULES (H/30 VIEN)  ,FW2516PA,31/08/2028,76,HOP,"LPN011105, LPN011145, LPN011153, LPN011154",0000035137,"17.03.26 : 37 hộp móp rách nặng - LPN011105.
24.03.26 : 35 hộp móp rách nặng - LPN011145.
25.03.26 : 03 hộp lỗi bao bì mặt sau - LPN011154, 01 hộp rách nặng - LPN011153",
BBSC-0141-0326,26/03/2026,KHỞI TẠO,HETERO,HÀNG NHẬP KHẨU,Không đạt Cảm quan,SI3625300813,Team ĐGC2,Như,Lữ,Đã mail hãng,,HT1200002,COLISTIMETHATE FOR INJECTION USP 150MG/VIAL (HOP/ 1 LO)  ,AS1260022C,25/01/2028,1,HOP,LPN011165,0000035317,01 hộp ngược lot date  - LPN011165,
BBSC-0147-0326,30/03/2026,Khởi tạo,HETERO,HÀNG NHẬP KHẨU,Không đạt Cảm quan,SI3625209411/13,Team ĐGC2,Như,Lữ,Đã mail hãng,"Sự cố đầu nhập (BBSC-0139-0326), có BBBT",HT1100044,RITOCOM (HOP/1 LO 120 VIEN)  ,E260142,20/01/2028,12,HOP,LPN011175,0000035411,12 hộp móp rách - LPN011175,
BBSC-0146-0326,30/03/2026,Khởi tạo,MEGA (MAXXCARE),HÀNG TRONG NƯỚC,Không đạt Cảm quan,62,Kho Nhập,Yến,Phúc,Not scan,,MG1100043,PANFOR SR-750 (HOP/10 VI X 10 VIEN),A08902517,07/11/2027,2,Hộp,000219565,0000035407,Móp,Hủy
BBSC-0092-0326,06/03/2026,Hoàn tất,SANDOZ,HÀNG TRONG NƯỚC,Sai số lượng,00000013,Team ĐGC2,Như,,,Gửi trả 01 hộp dư về cho Hãng,NV1100070,COFIDEC TAB 20.S,PV7464,05/09/2027,1,hộp,,0000034483,01 hộp thừa,Gửi trả 01 hộp dư về cho Hãng
BBSC-0148-0326,30/03/2026,Hoàn tất,SANOFI,HÀNG TRONG NƯỚC,Không đạt Cảm quan,00000169,Kho Xuất,Danh,Thiện,Not scan,trả hãng theo đợt,SA1200012,LOVENOX 40MG/0.4ML INJ. B/ 2 SYRINGES VN,KS114A,28/02/2027,1,Hộp,LPN011177,0000035036,01 hộp không có LOT DATE,
BBSC-0127-0326,20/03/2026,Hoàn tất,MEGA (MAXXCARE),HÀNG TRONG NƯỚC,Không đạt Cảm quan,53,Kho Nhập,Yến,Thiện,Not scan,hãng xác nhận chuyển reject,MG1100043,PANFOR SR-500 (HOP/5 VI X 20 VIEN),A08882501,10/02/2028,4,Hộp,000218204,0000035216,04 hộp móp rách,
BBSC-0131-0326,24/03/2026,Hoàn tất,VE PHARMA,HÀNG NHẬP KHẨU,Không đạt Cảm quan,S12-AIR VEVN26/01/03/16,Kho Nhập,Trinh,Thiện,Not scan,,SC6100003,FEROGLOBIN B12 CAPSULE,FW2504KA,31/10/2028,80,THÙNG,"000218835, 000218836,000218837,000218838,000218839,000218840,000218841,000218842,000218843,000218844,000218845,000218846,000218847,000218848",0000035326,"Móp, rách vỏ thùng ngoài",
BBSC-0131-0326,24/03/2026,Hoàn tất,VE PHARMA,HÀNG NHẬP KHẨU,Không đạt Cảm quan,S12-AIR VEVN26/01/03/16,Kho Nhập,Trinh,Thiện,Not scan,,SC6100013,PREGNACARE ORIGINAL TABLET,PRW2517A,31/10/2028,24,THÙNG,000218849,0000035326,"Móp, rách vỏ thùng ngoài",
BBSC-0131-0326,24/03/2026,Hoàn tất,VE PHARMA,HÀNG NHẬP KHẨU,Không đạt Cảm quan,S12-AIR VEVN26/01/03/16,Kho Nhập,Trinh,Thiện,Not scan,,SC6100019,WELLBABY MULTI-VITAMIN LIQUID,60029,31/12/2027,308,THÙNG,"000218850, 000218851,000218852,000218853,000218854",0000035326,"Móp, rách vỏ thùng ngoài",
BBSC-0131-0326,24/03/2026,Hoàn tất,VE PHARMA,HÀNG NHẬP KHẨU,Không đạt Cảm quan,S12-AIR VEVN26/01/03/16,Kho Nhập,Trinh,Thiện,Not scan,,SC6100001,OSTEOCARE LIQUID,60139,31/12/2027,250,THÙNG,"000218855, 000218856,000218857,000218858",0000035326,"Móp, rách vỏ thùng ngoài",
BBSC-0131-0326,24/03/2026,Hoàn tất,VE PHARMA,HÀNG NHẬP KHẨU,Không đạt Cảm quan,S12-AIR VEVN26/01/03/16,Kho Nhập,Trinh,Thiện,Not scan,,SC6100018,PREGNACARE BREAST FEEDING,PB2611CP,31/10/2028,716,THÙNG,000218859->218888,0000035326,"Móp, rách vỏ thùng ngoài",
BBSC-0131-0326,24/03/2026,Hoàn tất,VE PHARMA,HÀNG NHẬP KHẨU,Không đạt Cảm quan,S12-AIR VEVN26/01/03/16,Kho Nhập,Trinh,Thiện,Not scan,,SC6100021,WELLKID MULTI-VITAMIN SMART CHEWABLE TABLET,F177362,31/12/2027,18,THÙNG,000218889,0000035326,"Móp, rách vỏ thùng ngoài",
BBSC-0131-0326,24/03/2026,Hoàn tất,VE PHARMA,HÀNG NHẬP KHẨU,Không đạt Cảm quan,S12-AIR VEVN26/01/03/16,Kho Nhập,Trinh,Thiện,Not scan,,SC6100017,WELLKID MULTI VITAMIN LIQUID ,60136,31/12/2027,154,THÙNG,"000218890, 000218891,000218892",0000035326,"Móp, rách vỏ thùng ngoài",
BBSC-0149-0326,30/03/2026,Hoàn tất,HETERO,HÀNG NHẬP KHẨU,Không đạt Cảm quan,SI9225209072,Kho Nhập,Trinh,Phúc,,, HT1100047,Abirat 500 (Abiraterone acetate 500mg),FE250900E,02/01/2028,2,Thùng,000219641,0000035445,"Móp, rách vỏ thùng ngoài",
BBSC-0470-1025,03/10/2025,Hoàn tất,Dr.Reddy's,HÀNG NHẬP KHẨU,Vượt Nhiệt độ,9013511384,Phòng QA,Thiện,,Not scan,Chưa scan,RD1200016,DAPTOMRED 500 MG (H/1 LO),K250830,31/07/2027,8004,HỘP,,,max 10.5 độ C,
BBSC-0087-0326,04/03/2026,Hoàn tất,GETZ,HÀNG NHẬP KHẨU,Sai khác AW,GETZ/VIET/030/2026,Phòng QA,Phúc,Thiện,Not scan,N/A,GZ1103016,MIRGY 100MG CAPS 10.S,388C07,19/06/2028,22,Hộp,000216032,0000034926,SĐK cũ,
BBSC-0628-1225,31/12/2025,Hoàn tất,Dr.Reddy's,HÀNG NHẬP KHẨU,Vượt Nhiệt độ,9013521094,Phòng QA,Thiện,,Not scan,Chưa scan,RD1100023,LENANGIO 10 (HOP/28 VIEN),H2501119,31/10/2027,1728,HỘP,,,max 30.2 độ C,
BBSC-0548-1125,21/11/2025,Hoàn tất,HETERO,HÀNG NHẬP KHẨU,Sai khác AW,SI3625206118,Phòng QA,Thiện,,Not scan,Chưa scan,HT1100044,RITOCOM (HOP/1 LO 120 VIEN),E254161C,04/09/2027,1632,HỘP,,,Cách ghi dược chất trên hàng thực tế khác với AW,
BBSC-0548-1125,21/11/2025,Hoàn tất,HETERO,HÀNG NHẬP KHẨU,Sai khác AW,SI3625206118,Phòng QA,Thiện,,Not scan,Chưa scan,HT1100044,RITOCOM (HOP/1 LO 120 VIEN),E254161B,04/09/2027,3456,HỘP,,,Cách ghi dược chất trên hàng thực tế khác với AW,
BBSC-0490-1025,16/10/2025,Hoàn tất,GETZ,HÀNG NHẬP KHẨU,Sai khác AW,GETZ-VIET-589-2025,Phòng QA,Thiện,,Not scan,,GZ1105003,ATASART 8MG TAB 14.S,290T01,29/05/2028,11000,HỘP,,,"Số Đăng ký cũ đã hết hiệu lực, kể từ ngày 15/10/2025 bao bì phải thể hiện số ĐK mới",
BBSC-0443-0925,17/09/2025,Hoàn tất,Dr.Reddy's,HÀNG NHẬP KHẨU,Vượt Nhiệt độ,9013509099,Phòng QA,Thiện,,Not scan,,RD1100014,SEVELAMER CARBONATE TABLETS 800MG (CHAI/270 VIEN),T2503800,30/06/2027,1234,HỘP,,,Max 33.5,
BBSC-0046-0226,02/02/2026,Hoàn tất,HYPHENS,HÀNG NHẬP KHẨU,Không đạt Cảm quan,SI-25-000753/54/56,Kho Nhập,Trinh,Phúc,Not scan,,HY1100008,PIASCLEDINE TAB 15.S,,,1,PALLET,,0000034526,"MÓP, RÁCH VỎ THÙNG NGOÀI",Chuyển bổ sung nhãn phụ
BBSC-0437-0925,15/09/2025,Hoàn tất,TORRENT,HÀNG NHẬP KHẨU,Sai khác AW,GJ0600001125-24-23-22,Phòng QA,Thiện,,Not scan,,TR1100035,OLANZAPINE ORODISPERSIBLE TABLETS 5MG (HOP/ 30 VIEN),BU47L007,22/10/2027,1119,HỘP,,,Cách ghi NSX/HSD trên AW là “mm/yyyy” kèm chú thích hạn dùng cuối tháng nhưng trên hàng thực tế là “dd/mm/yyyy” kèm chú thích hạn dùng cuối tháng.,
BBSC-0437-0925,15/09/2025,Hoàn tất,TORRENT,HÀNG NHẬP KHẨU,Sai khác AW,GJ0600001125-24-23-22,Phòng QA,Thiện,,Not scan,,TR1100026,MIRTAZAPINE TABLETS 30 MG (HOP/ 30 VIEN),B726M001,23/06/2027,616,HỘP,,,Cách ghi NSX/HSD trên AW là “mm/yyyy” kèm chú thích hạn dùng cuối tháng nhưng trên hàng thực tế là “dd/mm/yyyy” kèm chú thích hạn dùng cuối tháng.,
BBSC-0437-0925,15/09/2025,Hoàn tất,TORRENT,HÀNG NHẬP KHẨU,Sai khác AW,GJ0600001125-24-23-22,Phòng QA,Thiện,,Not scan,,TR1100009,TOROLAN 10 (HOP/ 30 VIEN),BT17L003,09/08/2027,810,HỘP,,,Cách ghi NSX/HSD trên AW là “mm/yyyy” kèm chú thích hạn dùng cuối tháng nhưng trên hàng thực tế là “dd/mm/yyyy” kèm chú thích hạn dùng cuối tháng.,
BBSC-0437-0925,15/09/2025,Hoàn tất,TORRENT,HÀNG NHẬP KHẨU,Sai khác AW,GJ0600001125-24-23-22,Phòng QA,Thiện,,Not scan,,TR1100031,TORMITA 25 (HOP/ 100 VIEN),B953M001,04/06/2027,511,HỘP,,,Cách ghi NSX/HSD trên AW là “mm/yyyy” kèm chú thích hạn dùng cuối tháng nhưng trên hàng thực tế là “dd/mm/yyyy”.,
BBSC-0437-0925,15/09/2025,Hoàn tất,TORRENT,HÀNG NHẬP KHẨU,Sai khác AW,GJ0600001125-24-23-22,Phòng QA,Thiện,,Not scan,,TR1100032,TORMITA 50 (HOP/ 100 VIEN),B954M002,04/06/2027,264,HỘP,,,Cách ghi NSX/HSD trên AW là “mm/yyyy” kèm chú thích hạn dùng cuối tháng nhưng trên hàng thực tế là “dd/mm/yyyy”.,
BBSC-0437-0925,15/09/2025,Hoàn tất,TORRENT,HÀNG NHẬP KHẨU,Sai khác AW,GJ0600001125-24-23-22,Phòng QA,Thiện,,Not scan,,TR1100028,RIROXATOR 20 (HOP/ 30 VIEN),BTB2M001,06/03/2027,396,HỘP,,,Trên AW và hàng thực tế thiếu quy cách đóng gói tiếng Việt.,
BBSC-0437-0925,15/09/2025,Hoàn tất,TORRENT,HÀNG NHẬP KHẨU,Sai khác AW,GJ0600001125-24-23-22,Phòng QA,Thiện,,Not scan,,TR1100006,RIROXATOR 10 (HOP/ 30 VIEN),BTB9M001,06/03/2027,396,HỘP,,,Trên AW và hàng thực tế thiếu quy cách đóng gói tiếng Việt.,
BBSC-0437-0925,15/09/2025,Hoàn tất,TORRENT,HÀNG NHẬP KHẨU,Sai khác AW,GJ0600001125-24-23-22,Phòng QA,Thiện,,Not scan,,TR1100038,SERENATA-100 (HOP/100 VIEN),B443M001,09/02/2027,464,HỘP,,,Trên AW và hàng thực tế thiếu TCCL.,
BBSC-0437-0925,15/09/2025,Hoàn tất,TORRENT,HÀNG NHẬP KHẨU,Sai khác AW,GJ0600001125-24-23-22,Phòng QA,Thiện,,Not scan,,TR1100012,DEFETOR 250 (HOP/ 30 VIEN),BRD5M001,15/06/2027,268,HỘP,,,"Trên AW và hàng thực tế thiếu quy cách đóng gói tiếng Việt;
 Dạng bào chế trên hàng thực tế giống với AW, khác với giấy phép.",
BBSC-0437-0925,15/09/2025,Hoàn tất,TORRENT,HÀNG NHẬP KHẨU,Sai khác AW,GJ0600001125-24-23-22,Phòng QA,Thiện,,Not scan,,TR1100010,TORLEVA 500 (HOP/ 30 VIEN),BMX5M002,06/02/2028,1232,HỘP,,,"Trên bao bì hàng thực tế in sẵn nhưng sai thông tin DNNK; 
 Trên AW và hàng thực tế thiếu TCCL.",
BBSC-0408-0825,22/08/2025,Hoàn tất,BIOTRONIK,HÀNG TRONG NƯỚC,Sai khác AW,51,Phòng QA,Thiện,,Not scan,,BK386594,FORTRESS 6F STRAIGHT-45 INTRODUCER SHEATH,800989,31/10/2027,50,HỘP,,,Fortress 6F STRAIGHT-45 Batch 800989 có 1 số sản phẩm bị dán sai tên ( 6F thành 4F) trên tem,
BBSC-0377-0825,06/08/2025,Hoàn tất,ORIENT,HÀNG NHẬP KHẨU,Vượt Nhiệt độ,20250107,Phòng QA,Thiện,,Not scan,,OR5700001,FOSTER,1215224,22/09/2026,1506,HỘP,"000189781, 000189782",0000031566,max 16.9 độ C,
BBSC-0361-0725,24/07/2025,Hoàn tất,HETERO,HÀNG NHẬP KHẨU,Sai khác AW,SI9225202738,Phòng QA,Thiện,,Not scan,,HT1200004,CISPLATIN INJECTION 50mg/50ml (HOP/ 1 LO),O250170A,30/04/2027,5207,HỘP,"000188507, 000188508",0000031401,"Hàng thực tế có dạng bào chế: Dung dịch tiêm 
 Giấy phép có dạng bào chế : Dung dịch pha tiêm",
BBSC-0355-0725,22/07/2025,Hoàn tất,LUYE,HÀNG NHẬP KHẨU,Vượt Nhiệt độ,INUK-240216,Phòng QA,Thiện,,Not scan,,LU1100002,SEROQUEL XR TAB 200MG 30.S (HOP/30VIEN),SV940,11/02/2028,3360,HỘP,000188049,0000031340,Nhiệt độ không đạt,
BBSC-0345-0725,15/07/2025,Hoàn tất,Dr.Reddy's,HÀNG NHẬP KHẨU,Vượt Nhiệt độ,9013502660,Phòng QA,Thiện,,Not scan,,RD1100010,REDIVEC 100MG 60.S,H2500597,31/05/2028,1470,HỘP,000187524,0000031288,Nhiệt độ không đạt - max 38.0,
BBSC-0337-0725,07/07/2025,Hoàn tất,Dr.Reddy's,HÀNG NHẬP KHẨU,Vượt Nhiệt độ,9013501379,Phòng QA,Thiện,,Not scan,,RD1200015,ERANFU 250MG/5ML (HOP/2 BOM TIEM VA 2 KIM TIEM),K250558,30/04/2027,1032,HỘP,,0000031175,Nhiệt độ không đạt - MAX 8.4,
BBSC-0337-0725,07/07/2025,Hoàn tất,Dr.Reddy's,HÀNG NHẬP KHẨU,Vượt Nhiệt độ,9013501379,Phòng QA,Thiện,,Not scan,,RD1200015,ERANFU 250MG/5ML (HOP/2 BOM TIEM VA 2 KIM TIEM),K250557,30/04/2027,1063,HỘP,,0000031175,Nhiệt độ không đạt - MAX 8.4,
BBSC-0336-0725,04/07/2025,Hoàn tất,Dr.Reddy's,HÀNG NHẬP KHẨU,Vượt Nhiệt độ,9013501360,Phòng QA,Thiện,,Not scan,,RD1200012,BORTEZOMIB,H250412,31/03/2027,2048,HỘP,000186412,0000031168,Nhiệt độ không đạt -  MAX 32.9,
BBSC-0076-0226,24/02/2026,Hoàn tất,MAYOLY,HÀNG NHẬP KHẨU,Không đạt Cảm quan,SIVIC0044135-37/39/42/56/57/58/61,Kho Nhập,Trinh,Phúc,Not scan,N/A,MY1100012,FORTRANS 4SACH VN (0247A008_NEW),D77245,08/11/2028,33,Hộp,000215213,0000034785,"33 hộp móp nặng trong các thùng móp số  657, 674, 677, 678
(Pallet đổ trong cont)
",Chuyển hủy theo yêu cầu hãng
BBSC-0076-0226,24/02/2026,Hoàn tất,MAYOLY,HÀNG NHẬP KHẨU,Không đạt Cảm quan,SIVIC0044135-37/39/42/56/57/58/61,Kho Nhập,Trinh,Phúc,Not scan,N/A,MY1100014,TANAKAN 40MG 30TABS VN (0302A021_NEW),D76173,31/08/2028,1,Hộp,000215211,0000034785,01 hộp móp rách trong thùng nguyên sô 002,Chuyển hủy theo yêu cầu hãng
BBSC-0076-0226,24/02/2026,Hoàn tất,MAYOLY,HÀNG NHẬP KHẨU,Không đạt Cảm quan,SIVIC0044135-37/39/42/56/57/58/61,Kho Nhập,Trinh,Phúc,Not scan,N/A,MY1100011,SMECTA ORANGE 3G 30SACH VN (0061A020_NEW),D77180,06/11/2028,27,Hộp,"000215215, LPN011012",0000034771,"18 hộp móp rách nặng, 09 hộp móp rách nhẹ trong thùng nguyên số  0166, ",Chuyển hủy theo yêu cầu hãng
BBSC-0076-0226,24/02/2026,Hoàn tất,MAYOLY,HÀNG NHẬP KHẨU,Không đạt Cảm quan,SIVIC0044135-37/39/42/56/57/58/61,Kho Nhập,Trinh,Phúc,Not scan,N/A,MY1100014,TANAKAN 40MG 30TABS VN (0302A021_NEW),D76177,03/09/2027,4,Hộp,000215164,0000034787,04 hộp móp rách trong thùng nguyên số 052 và 057,Chuyển hủy theo yêu cầu hãng
BBSC-0076-0226,24/02/2026,Hoàn tất,MAYOLY,HÀNG NHẬP KHẨU,Không đạt Cảm quan,SIVIC0044135-37/39/42/56/57/58/61,Kho Nhập,Trinh,Phúc,Not scan,N/A,MY1100011,SMECTA ORANGE 3G 30SACH VN (0061A020_NEW),D77492,13/11/2028,4,Hộp,000215319,0000034768,04 hộp móp rách nặng trong thùng số 78,Chuyển hủy theo yêu cầu hãng
BBSC-0076-0226,24/02/2026,Hoàn tất,MAYOLY,HÀNG NHẬP KHẨU,Không đạt Cảm quan,SIVIC0044135-37/39/42/56/57/58/61,Kho Nhập,Trinh,Phúc,Not scan,N/A,MY1100011,SMECTA ORANGE 3G 30SACH VN (0061A020_NEW),D77354,12/11/2028,2,Hộp,000215320,0000034768,02 hộp móp rách nặng trong thùng số 150,Chuyển hủy theo yêu cầu hãng
BBSC-0076-0226,24/02/2026,Hoàn tất,MAYOLY,HÀNG NHẬP KHẨU,Không đạt Cảm quan,SIVIC0044135-37/39/42/56/57/58/61,Kho Nhập,Trinh,Phúc,Not scan,N/A,MY1100012,FORTRANS 4SACH VN (0247A008_NEW),D77171,07/11/2028,1,Hộp,000215315,0000034774,01 hộp thủng trong thùng số 298,Chuyển hủy theo yêu cầu hãng
BBSC-0323-0625,30/06/2025,Hoàn tất,ORIENT,HÀNG NHẬP KHẨU,Sai khác AW,202500606,Phòng QA,Thiện,,Not scan,,OR1100001,PITATOR TABLETS 2MG (HOP/ 2VI X 14VIEN),P121013,31/03/2028,15661,HỘP,,0000031064,"Tờ HDSD của sản phẩm thực tế khác với Cục duyệt
 Dạng bào chế trên bao bì ngoài ghi cả 02 dạng “viên nén” và “viên nén bao phim”, , trên Cục duyệt là “viên nén bao phim”.
 NSX và HD trên AW Cục duyệt là “dd/mm/yy”, tuy nhiên trên hàng thực tế là “mm/yyy” và chú thích “hạn dung là ngày cuối cùng của tháng hết hạn”",
BBSC-0323-0625,30/06/2025,Hoàn tất,ORIENT,HÀNG NHẬP KHẨU,Sai khác AW,202500606,Phòng QA,Thiện,,Not scan,,OR1100001,PITATOR TABLETS 2MG (HOP/ 2VI X 14VIEN),P121014,31/03/2028,15786,HỘP,,0000031064,"Tờ HDSD của sản phẩm thực tế khác với Cục duyệt
 Dạng bào chế trên bao bì ngoài ghi cả 02 dạng “viên nén” và “viên nén bao phim”, , trên Cục duyệt là “viên nén bao phim”.
 NSX và HD trên AW Cục duyệt là “dd/mm/yy”, tuy nhiên trên hàng thực tế là “mm/yyy” và chú thích “hạn dung là ngày cuối cùng của tháng hết hạn”",
BBSC-0323-0625,30/06/2025,Hoàn tất,ORIENT,HÀNG NHẬP KHẨU,Sai khác AW,202500606,Phòng QA,Thiện,,Not scan,,OR1100002,PITATOR TABLETS 4MG (HOP/4VI X 7VIEN),P232002,31/10/2027,13528,HỘP,,0000031064,"Dạng bào chế trên bao bì ngoài ghi cả 02 dạng “viên nén” và “viên nén bao phim, trên Cục duyệt là “viên nén bao phim”",
BBSC-0286-0625,13/06/2025,Hoàn tất,Dr.Reddy's,HÀNG NHẬP KHẨU,Vượt Nhiệt độ,9013491665,Phòng QA,Thiện,,Not scan,Chưa scan,RD4200001,REDDITUX 500MG (H/1LO X 50ML),N250148A,29/02/2028,2850,HỘP,,0000030777,Nhiệt độ không đạt - max 9.4,
BBSC-0275-0625,05/06/2025,Hoàn tất,HYPHENS,HÀNG NHẬP KHẨU,Vượt Nhiệt độ,SI-25-000319,Phòng QA,Thiện,,Not scan,Chưa scan,HY1200001,"CUROSURF 120MG/1,5ML (H/1LO X 1,5ML)",1213389,20/09/2026,1050,HỘP,,0000030684,Nhiệt độ không đạt - max 13.9,
BBSC-0152-0426,01/04/2026,Khởi tạo,Dr.Reddy's,HÀNG NHẬP KHẨU,Không đạt Cảm quan,9013533324,Kho Nhập,Trinh,Thiện,,,RD1100016,STAMLO-T (HOP/ 28 VIEN),V2600619,31/01/2028,13,Thùng,000219866,0000035473,"Móp, rách vỏ thùng ngoài",
BBSC-0156-0426,02/04/2026,KHỞI TẠO,VE PHARMA,HÀNG NHẬP KHẨU,Không đạt Cảm quan,00000121,Kho Xuất,Danh,Thiện,,,SC6100004,OSTEOCARE (H/30 VIEN),OT2516P,31/10/2029,1,Hộp,LPN011197,0000035421,01 hộp bị lỗi LOT DATE,
BBSC-0158-0426,02/04/2026,Hoàn tất,HYPHENS,HÀNG NHẬP KHẨU,Vượt Nhiệt độ,SI 26-000181,Phòng QA,Phúc,,,,HY4200001,"CUROSURF 120MG/1,5ML (H/1LO X 1,5ML)",1232816,01/08/2027,0,-,-,-,Nhiệt độ không đạt (Max 17.2°C),"Release, chuyển dán nhãn phụ"
BBSC-0157-0426,02/04/2026,Khởi tạo,ALLEVIARE,HÀNG NHẬP KHẨU,Không đạt Cảm quan,GJ0600002705,Kho Nhập,Trinh,Thiện,,,AV1100021,ALFUTOR ER TABLETS 10MG (HOP/30VIEN),BGP9N001,18/02/2028,15,Thùng,000220113,0000035488,"Móp, rách vỏ thùng ngoài",
BBSC-0157-0426,02/04/2026,Khởi tạo,ALLEVIARE,HÀNG NHẬP KHẨU,Không đạt Cảm quan,GJ0600002705,Kho Nhập,Trinh,Thiện,,,AV1100021,ALFUTOR ER TABLETS 10MG (HOP/30VIEN),BGP9N002,18/02/2028,15,Thùng,000220119,0000035488,"Móp, rách vỏ thùng ngoài",
BBSC-0101-0326,11/03/2026,Khởi tạo,VE PHARMA,HÀNG NHẬP KHẨU,Không đạt Cảm quan,S07- AIR_INVVEVN26/01/02/26,Team ĐGC2,Như,Lữ,Đã mail hãng,"Sự cố đầu nhập (BBSC-0099-0326), có BBBT",SC6100025,"PREGNACARE MAX (H/56 VIEN NEN, 28 VIEN NANG)  ",PM2603,31/07/2028,35,HOP,"LPN011081	LPN011081, LPN011085, LPN011116, LPN011135, LPN011136, LPN011137, LPN011180",0000035053,"11.03.26 : 02 hộp rách nặng, 01 hộp mất logo vitabiotic - LPN011081.
12.03.26 : 02 hộp rách nặng, 02 hộp lỗi lot date -LPN011085.
19.03.26 : 06 hộp lỗi lot date, 04 hộp móp rách nặng - LPN011116.
23.03.26 :
LPN011135: 1 hộp lỗi lot date
LPN011136: 2 hộp tróc ở gờ, 1 hộp rách góc nhẹ
LPN011137: 12 hộp móp rách nặng.
30.03.26 : 01 hộp lỗi lot date, 01 hộp móp nặng - LPN011180",
BBSC-0101-0326,11/03/2026,Khởi tạo,VE PHARMA,HÀNG NHẬP KHẨU,Không đạt Cảm quan,S07- AIR_INVVEVN26/01/02/26,Team ĐGC2,Như,Lữ,Đã mail hãng,"Sự cố đầu nhập (BBSC-0099-0326), có BBBT",SC6100002,FEROGLOBIN B12 LIQUID 200ML  ,60074,31/12/2027,7,HOP,"LPN011109, LPN011156",0000035053,"18.03.26 : 04 hộp móp rách nặng - LPN011109.
25.03.26 : 03 hộp móp rách nặng - LPN011156",
BBSC-0109-0326,13/03/2026,KHỞI TẠO,VE PHARMA,HÀNG NHẬP KHẨU,Không đạt Cảm quan,S08-AIR_VEVN26/02/02/26,Team ĐGC2,Như,Lữ,Đã mail hãng,"Sự cố đầu nhập (BBSC-0102-0326), có BBBT",SC6100018,"PREGNACARE BREAST-FEEDING (HOP/56 VIEN NEN, 28 VIEN NANG)  ",PB2601CP,31/07/2028,101,HOP,"LPN011089, LPN011097, LPN011104, LPN011108, LPN011118",0000035073,"13.03.26 : 19 hộp lỗi lot date, 04 hộp móp rách nặng, 04 hộp lem trầy nhiều mặt - LPN011089.
16.03.26 : 08 hộp lỗi lot date, 05 hộp móp rách nặng - LPN011097.
17.03.26 : 11 hộp lỗi lot date, 08 hộp móp rách nặng, 01 hộp lem trầy nhiều mặt - LPN011104.
18.03.26 : 12 hộp lỗi lot date, 06 hộp móp rách nặng - LPN011108.
19.03.26 : 14 hộp móp rách nặng (nhiều mặt), 06 hộp lỗi lot date, 03 hộp trầy nhiều mặt - LPN011118",
BBSC-0109-0326,13/03/2026,KHỞI TẠO,VE PHARMA,HÀNG NHẬP KHẨU,Không đạt Cảm quan,S08-AIR_VEVN26/02/02/26,Team ĐGC2,Như,Lữ,Đã mail hãng,"Sự cố đầu nhập (BBSC-0102-0326), có BBBT",SC6100019,WELLBABY MULTI-VITAMIN LIQUID (CHAI 150ML)  ,51564,30/11/2027,46,HOP,"LPN011093, LPN011170",0000035073,"14.03.26 : 38 hộp móp rách nặng, 01 hộp rách nặng - LPN011093.
27.03.26 : 07 hộp móp - LPN011170",
BBSC-0109-0326,13/03/2026,KHỞI TẠO,VE PHARMA,HÀNG NHẬP KHẨU,Không đạt Cảm quan,S08-AIR_VEVN26/02/02/26,Team ĐGC2,Như,Lữ,Đã mail hãng,"Sự cố đầu nhập (BBSC-0102-0326), có BBBT",SC6100017,WELLKID MULTI-VITAMIN LIQUID (CHAI/150ML)  ,60025,31/12/2027,22,HOP,"LPN011091, LPN011094",0000035073,"14.03.26 : 16 hộp móp nặng (nhiều mặt), 02 hộp rách nặng, 01 hộp lem trầy nhiều mặt - LPN011091; 03 hộp móp nhẹ chữ C - LPN011094",
BBSC-0109-0326,13/03/2026,KHỞI TẠO,VE PHARMA,HÀNG NHẬP KHẨU,Không đạt Cảm quan,S08-AIR_VEVN26/02/02/26,Team ĐGC2,Như,Lữ,Đã mail hãng,"Sự cố đầu nhập (BBSC-0102-0326), có BBBT",SC6100003,FEROGLOBIN B12 CAPSULES (H/30 VIEN)  ,FW2504KA,31/10/2028,10,HOP,LPN011100,0000035073,16.03.26 : 10 hộp móp rách nặng - LPN011100,
BBSC-0109-0326,13/03/2026,KHỞI TẠO,VE PHARMA,HÀNG NHẬP KHẨU,Không đạt Cảm quan,S08-AIR_VEVN26/02/02/26,Team ĐGC2,Như,Lữ,Đã mail hãng,"Sự cố đầu nhập (BBSC-0102-0326), có BBBT",SC6100001,OSTEOCARE LIQUID 200ML  ,60138,31/12/2027,33,HOP,"LPN011102, LPN011151, LPN011152",0000035073,"17.03.26 : 09 hộp móp rách nặng - LPN011102.
24.03.26 : 21 hộp móp rách nặng - LPN011151.
25.03.26 : 03 hộp móp nặng (nhiều mặt) - LPN011152",
BBSC-0109-0326,13/03/2026,KHỞI TẠO,VE PHARMA,HÀNG NHẬP KHẨU,Không đạt Cảm quan,S08-AIR_VEVN26/02/02/26,Team ĐGC2,Như,Lữ,Đã mail hãng,"Sự cố đầu nhập (BBSC-0102-0326), có BBBT",SC6100025,"PREGNACARE MAX (H/56 VIEN NEN, 28 VIEN NANG)  ",PM2605CP,31/07/2028,11,HOP,LPN011132,0000035073,20.03.26 : 11 hộp móp rách nặng - LPN011132,
BBSC-0126-0326,20/03/2026,KHỞI TẠO,VE PHARMA,HÀNG NHẬP KHẨU,Không đạt Cảm quan,S09-AIR_VEVN26/03/02/26,Team ĐGC2,Như,Lữ,Đã mail hãng,"Sự cố đầu nhập (BBSC-0110-0326), có BBBT",SC6100015,PREGNACARE PLUS OMEGA 3 (H/56 VIEN)  ,PP2601CP,31/07/2028,148,HOP,"LPN011129, LPN011140, LPN011141, LPN011158, LPN011171, LPN011178, LPN011179, LPN011189, LPN011190",0000035116,"20.03.26 : 13 hộp móp rách nặng, 03 hộp lỗi lot date - LPN011129.
23.03.26 : 05 hộp lỗi lot date - LPN011140 ; 8 hộp móp rách nặng - LPN011141.
25.03.26 : 02 hộp lỗi lot date, 01 hộp móp rách nặng - LPN011158.
27.03.26 : 01 hộp móp rách nặng - LPN011171.
30.03.26 : 08 hộp lỗi lot date, 01 hộp móp nặng - LPN011178 ;
51 hộp lỗi lot date NHẸ - LPN011179.
31.03.26 : 10 hộp lỗi lot date, 01 hộp móp nặng - LPN011189 ; 44 hộp lỗi lot date NHẸ - LPN011190",
BBSC-0130-0326,24/03/2026,KHỞI TẠO,VE PHARMA,HÀNG NHẬP KHẨU,Không đạt Cảm quan,S10-AIR_VEVN26/02/02/26,Team ĐGC2,Như,Lữ,Đã mail hãng,"Sự cố đầu nhập (BBSC-0111-0326), có BBBT",SC6100018,"PREGNACARE BREAST-FEEDING (HOP/56 VIEN NEN, 28 VIEN NANG)  ",PB2605CP,31/05/2028,35,HOP,"LPN011150, LPN011166, LPN011172",0000035136,"24.03.26 : 10 hộp móp rách nặng, 01 hộp lỗi lot date - LPN011150.
26.03.26 : 03 hộp rách nặng, 01 hộp lỗi lot date - LPN011166.
27.03.26 : 11 hộp lỗi lot date, 01 hộp lỗi bao bì 2 mặt, 08 hộp móp rách nặng - LPN011172",
BBSC-0151-0326,31/03/2026,KHỞI TẠO,VE PHARMA,HÀNG NHẬP KHẨU,Không đạt Cảm quan,S04-SEA_VEVN26/01/01/14,Team ĐGC2,Như,Lữ,Đã mail hãng,,SC6100025,"PREGNACARE MAX (H/56 VIEN NEN, 28 VIEN NANG)  ",PM2520CP,31/05/2028,6,HOP,LPN011188,0000035420,31.03.26 : 06 hộp rách nặng - LPN011188,
BBSC-0163-0426,06/04/2026,KHỞI TẠO,GETZ,HÀNG NHẬP KHẨU,Không đạt Cảm quan,GETZ/VIET/093/2026,Kho Nhập,Trinh,Thiện,,,GZ1301002,SALBOGET PRESSURISED INHALATION 100MCG,623M04,07/12/2027,1,Hộp,000220468,0000035519,01 hộp rách nặng,
BBSC-0114-0326,17/03/2026,Khởi tạo,ASCENCIA,HÀNG NHẬP KHẨU,Không đạt Cảm quan,SG00001420,Team ĐGC2,Như,Lữ,Chờ nội bộ phản hồi,Phản hồi một phần Biệt trữ - chị Thạch,BE-90001894,90001894 CONTOUR TS BLOOD GLUCOSE TEST STRIPS 50.S,DP5HM3F01B,31/08/2027,2,HOP,LPN011101,0000034937,02 hộp móp rách nặng,
BBSC-0260-0525,29/05/2025,Hoàn tất,GETZ,HÀNG NHẬP KHẨU,Sai khác AW,GETZ/VIET/269/2025 & GETZ/VIET/270/2025,Phòng QA,Thiện,,Not scan,"Chị Trang đã yêu cầu nhà máy điều chỉnh mẫu bao bì, release lô này",GZ1103025,ALENTA 70MG TAB 4.S,191T24,,16500,HỘP,,"0000030551, 0000030562",Tên sản phẩm của hàng thực tế khác với AW Cục duyệt,
BBSC-0259-0525,28/05/2025,Hoàn tất,GETZ,HÀNG NHẬP KHẨU,Sai khác AW,GETZ/VIET/268/2025,Phòng QA,Thiện,,Not scan,"Release lô này, hãng sẽ hỗ trợ giải trình khi có yêu cầu",GZ1100004,ELTOGET TABLETS 50MG,008FN4,,1100,HỘP,,0000030558,"Cách ghi SLSX, NSX, HSD khác với hướng dẫn cách xem thông tin trên nhãn phụ tiếng Việt",
BBSC-0259-0525,28/05/2025,Hoàn tất,GETZ,HÀNG NHẬP KHẨU,Sai khác AW,GETZ/VIET/268/2025,Phòng QA,Thiện,,Not scan,"Release lô này, hãng sẽ hỗ trợ giải trình khi có yêu cầu",GZ1100005,FEXORIC TABLETS 40MG,356F63,,1100,HỘP,,0000030558,"Cách ghi SLSX, NSX, HSD khác với hướng dẫn cách xem thông tin trên nhãn phụ tiếng Việt",
BBSC-0259-0525,28/05/2025,Hoàn tất,GETZ,HÀNG NHẬP KHẨU,Sai khác AW,GETZ/VIET/268/2025,Phòng QA,Thiện,,Not scan,"Release lô này, hãng sẽ hỗ trợ giải trình khi có yêu cầu",GZ1100006,FEXORIC TABLETS 80MG,216F64,,709,HỘP,,0000030564,"Cách ghi SLSX, NSX, HSD khác với hướng dẫn cách xem thông tin trên nhãn phụ tiếng Việt",
BBSC-0232-0525,19/05/2025,Hoàn tất,Dr.Reddy's,HÀNG NHẬP KHẨU,Sai khác AW,9013494407,Phòng QA,Thiện,,Not scan,"thay dổi thông tin trên nhãn phụ cho phù hợp với hàng thực tế, hãng xác nhận cập nhật lại bao bì cho những INV sau.",RD1100024,LENANGIO 25 (HOP/28 VIEN),H2500368,,176,HỘP,,0000030377,"Cách ghi NSX và SĐK trên bao bì ngoài hàng thực tế khác với AW và nhãn phụ Cục duyệt
 Tờ HDSD khác vài điểm so với Cục duyệt",
BBSC-0232-0525,19/05/2025,Hoàn tất,Dr.Reddy's,HÀNG NHẬP KHẨU,Sai khác AW,9013494407,Phòng QA,Thiện,,Not scan,"thay dổi thông tin trên nhãn phụ cho phù hợp với hàng thực tế, hãng xác nhận cập nhật lại bao bì cho những INV sau.",RD1100023,LENANGIO 10 (HOP/28 VIEN),H2500380,,181,HỘP,,0000030377,Cách ghi NSX và SĐK trên bao bì ngoài hàng thực tế khác với AW và nhãn phụ Cục duyệt,
BBSC-0232-0525,19/05/2025,Hoàn tất,Dr.Reddy's,HÀNG NHẬP KHẨU,Sai khác AW,9013494407,Phòng QA,Thiện,,Not scan,"thay dổi thông tin trên nhãn phụ cho phù hợp với hàng thực tế, hãng xác nhận cập nhật lại bao bì cho những INV sau.",RD1100022,LENANGIO 5 (HOP/28 VIEN),H2500384,,110,HỘP,,0000030377,Cách ghi NSX và SĐK trên bao bì ngoài hàng thực tế khác với AW và nhãn phụ Cục duyệt,
BBSC-0228-0525,14/05/2025,Hoàn tất,ALLEVIARE,HÀNG NHẬP KHẨU,Sai khác AW,GJ0600000176,Phòng QA,Thiện,,Not scan,dán bổ sung TCCL,AV1100021,ALFUTOR ER TABLETS 10MG (HOP/30VIEN),BGP9M001,,19108,HỘP,,0000030244,Bao bì ngoài hàng thực tế và AW thiếu thông tin TCCL,
BBSC-0228-0525,14/05/2025,Hoàn tất,ALLEVIARE,HÀNG NHẬP KHẨU,Sai khác AW,GJ0600000176,Phòng QA,Thiện,,Not scan,dán bổ sung TCCL,AV1100021,ALFUTOR ER TABLETS 10MG (HOP/30VIEN),BGP9M002,,19271,HỘP,,0000030244,Bao bì ngoài hàng thực tế và AW thiếu thông tin TCCL,
BBSC-0166-0425,08/04/2025,Hoàn tất,Dr.Reddy's,HÀNG NHẬP KHẨU,Vượt Nhiệt độ,9013490549,Phòng QA,Thiện,,,Hãng xác nhận release,RD1200005,DECITABINE 50MG,H250096,,0,HỘP,,0000029761,Nhiệt độ không đạt,
BBSC-0192-0425,17/04/2025,Hoàn tất,HYPHENS,HÀNG NHẬP KHẨU,Vượt Nhiệt độ,SI 25 000202,Phòng QA,Thiện,,,hãng xác nhận release,HY1200007,XENETIX 300 (HOP/10 LO x 100ML),25WC0100,,4580,LỌ,,0000029938,Nhiệt độ không đạt - max 56.7 0C,
BBSC-0140-0325,28/03/2025,Hoàn tất,TORRENT,HÀNG NHẬP KHẨU,Sai khác AW,GJ0600002911,Phòng QA,Thiện,,Not scan,"dán nhãn ""DNNK"" che dòng ""Hạn dùng là ngày cuối cùng của tháng hết hạn""",TR1100033,TORMITA 100 (HOP/ 100 VIEN),B955L001,,108,HỘP,174036,0000029588,"Hạn dùng mẫu cục Duyệt ""mm/yyyy"" kèm dòng chú thích ""hạn dùng là ngày cuối cùng của tháng hết hạn"" nhưng hạn dùng hàng thực tế ""dd/mm/yyyy"" vẫn kèm thêm dòng ""hạn dùng là ngày cuối cùng của tháng hết hạn""",
BBSC-0140-0325,28/03/2025,Hoàn tất,TORRENT,HÀNG NHẬP KHẨU,Sai khác AW,GJ0600002911,Phòng QA,Thiện,,Not scan,"dán nhãn ""DNNK"" che dòng ""Hạn dùng là ngày cuối cùng của tháng hết hạn""",TR1100005,CELETOR (HOP/ 30 VIEN),BRG4L002,,462,HỘP,174029,0000029588,"Hạn dùng mẫu cục Duyệt ""mm/yyyy"" kèm dòng chú thích ""hạn dùng là ngày cuối cùng của tháng hết hạn"" nhưng hạn dùng hàng thực tế ""dd/mm/yyyy"" vẫn kèm thêm dòng ""hạn dùng là ngày cuối cùng của tháng hết hạn""",
BBSC-0140-0325,28/03/2025,Hoàn tất,TORRENT,HÀNG NHẬP KHẨU,Sai khác AW,GJ0600002911,Phòng QA,Thiện,,Not scan,"dán nhãn ""DNNK"" che dòng ""Hạn dùng là ngày cuối cùng của tháng hết hạn""",TR1100009,TOROLAN 10 (HOP/ 30 VIEN),BT17L003,,121,HỘP,174030,0000029588,"Hạn dùng mẫu cục Duyệt ""mm/yyyy"" kèm dòng chú thích ""hạn dùng là ngày cuối cùng của tháng hết hạn"" nhưng hạn dùng hàng thực tế ""dd/mm/yyyy"" vẫn kèm thêm dòng ""hạn dùng là ngày cuối cùng của tháng hết hạn""",
BBSC-0140-0325,28/03/2025,Hoàn tất,TORRENT,HÀNG NHẬP KHẨU,Sai khác AW,GJ0600002911,Phòng QA,Thiện,,Not scan,"dán nhãn ""DNNK"" che dòng ""Hạn dùng là ngày cuối cùng của tháng hết hạn""",TR1100035,OLANZAPINE ORODISPERSIBLE TABLETS 5MG (HOP/ 30 VIEN),BU47L007,,270,HỘP,174037,0000029588,"Hạn dùng mẫu cục Duyệt ""mm/yyyy"" kèm dòng chú thích ""hạn dùng là ngày cuối cùng của tháng hết hạn"" nhưng hạn dùng hàng thực tế ""dd/mm/yyyy"" vẫn kèm thêm dòng ""hạn dùng là ngày cuối cùng của tháng hết hạn""",
BBSC-0140-0325,28/03/2025,Hoàn tất,TORRENT,HÀNG NHẬP KHẨU,Sai khác AW,GJ0600002911,Phòng QA,Thiện,,Not scan,"dán nhãn ""DNNK"" che dòng ""Hạn dùng là ngày cuối cùng của tháng hết hạn""",TR1100032,TORMITA 50 (HOP/ 100 VIEN),B954L005,,132,HỘP,174035,0000029588,"Hạn dùng mẫu cục Duyệt ""mm/yyyy"" kèm dòng chú thích ""hạn dùng là ngày cuối cùng của tháng hết hạn"" nhưng hạn dùng hàng thực tế ""dd/mm/yyyy"" vẫn kèm thêm dòng ""hạn dùng là ngày cuối cùng của tháng hết hạn""",
BBSC-0140-0325,28/03/2025,Hoàn tất,TORRENT,HÀNG NHẬP KHẨU,Sai khác AW,GJ0600002911,Phòng QA,Thiện,,Not scan,"dán nhãn ""DNNK"" che dòng ""Hạn dùng là ngày cuối cùng của tháng hết hạn""",TR1100036,PANLOZ 20 (HOP/ 30 VIEN),BT77L002,,600,HỘP,174038,0000029588,Cách ghi SĐK trên mẫu Cục Duyệt là “Registration No” nhưng trên hàng thực tế là “Visa number”.,
BBSC-0140-0325,28/03/2025,Hoàn tất,TORRENT,HÀNG NHẬP KHẨU,Sai khác AW,GJ0600002911,Phòng QA,Thiện,,Not scan,"dán nhãn ""DNNK"" che dòng ""Hạn dùng là ngày cuối cùng của tháng hết hạn""",TR1100002,LAMOTOR-50 (HOP/ 5 VIEN),C661L001,,224,HỘP,173989,0000029573,"Thông tin DNNK đã in sẵn trên bao bì
 tờ HDSD của hàng thực tế thiếu thông tin ""tránh ánh sáng"" so với mẫu Cục duyệt",
BBSC-0140-0325,28/03/2025,Hoàn tất,TORRENT,HÀNG NHẬP KHẨU,Sai khác AW,GJ0600002911,Phòng QA,Thiện,,Not scan,"dán nhãn ""DNNK"" che dòng ""Hạn dùng là ngày cuối cùng của tháng hết hạn""",TR1100022,TORLEVA 1000,BV43L002,,110,HỘP,174033,0000029588,Hạn dùng trên bao bì là 36 tháng (đúng với Cục duyệt) nhưng trên tờ HDSD là 48 tháng,
BBSC-0140-0325,28/03/2025,Hoàn tất,TORRENT,HÀNG NHẬP KHẨU,Sai khác AW,GJ0600002911,Phòng QA,Thiện,,Not scan,"dán nhãn ""DNNK"" che dòng ""Hạn dùng là ngày cuối cùng của tháng hết hạn""",TR1100011,APIXA - 2.5,BPN6L007,,242,HỘP,174031,0000029588,tờ HDSD của hàng thực tế khác với mẫu Cục duyệt,
BBSC-0123-0325,21/03/2025,Hoàn tất,ROHTO,HÀNG TRONG NƯỚC,Không đạt Cảm quan,554,Kho Xuất,Khải,Thiện,Not scan,,RH5300032,SAN PHAM XUA MUOI REMOS BABY SPRAY KHUYNH DIEP 70ML,AB02,17/01/2028,2,Chai,,,"Ngày 21/03/2025: 01 Chai bị xì/ chảy dịch trong thùng nguyên, phát hiện khi soạn hàng - LPN: LPN008722
 Ngày 04/04/2025: 01 chai bị chảy dung dịch, trong thùng lẻ, nguyên vẹn, không móp rách; phát hiện khi kho lẻ kiểm tồn - LPN: LPN008798",
BBSC-0119-0325,20/03/2025,Hoàn tất,MEGA (MAXXCARE),HÀNG TRONG NƯỚC,Không đạt Cảm quan,92,Kho Nhập,Yến,Thiện,,,MG1100042,PANFOR SR-1000 (HOP/5 VI X 20 VIEN),PAF02962,21/01/2027,1,HỘP,,,1 hộp móp rách nặng (LPN: 000172945),
BBSC-0119-0325,20/03/2025,Hoàn tất,MEGA (MAXXCARE),HÀNG TRONG NƯỚC,Không đạt Cảm quan,92,Kho Nhập,Yến,Thiện,,,MG1100048,PERGLIM M-2 (HOP/5 VI X 20 VIEN),A08922504,09/01/2027,14,HỘP,,,"8 hộp móp rách nặng (LPN: 000172944), 6 hộp móp nhẹ (LPN: 000172943)",
BBSC-0119-0325,20/03/2025,Hoàn tất,MEGA (MAXXCARE),HÀNG TRONG NƯỚC,Không đạt Cảm quan,92,Kho Nhập,Yến,Thiện,,,MG1100047,PERGLIM M-1 (HOP/5 VI X 20 VIEN),PEM0199,02/05/2026,6,HỘP,,,"1 hộp móp rách nặng (LPN: 000172946) , 5 hộp móp nhẹ (LPN: 000172947)",
BBSC-0119-0325,20/03/2025,Hoàn tất,MEGA (MAXXCARE),HÀNG TRONG NƯỚC,Không đạt Cảm quan,92,Kho Nhập,Yến,Thiện,,,MG1100036,BAROLE 20 (HOP/10 VI X 10 VIEN),A08872502,28/01/2027,2,HỘP,,,2 hộp móp rách nặng (LPN: 000172941),
BBSC-0119-0325,20/03/2025,Hoàn tất,MEGA (MAXXCARE),HÀNG TRONG NƯỚC,Không đạt Cảm quan,92,Kho Nhập,Yến,Thiện,,,MG1100044,PANFOR SR-750 (HOP/10 VI X 10 VIEN),A08902402,03/09/2026,1,HỘP,,,1 hộp móp rách nặng (LPN: 000172942),
BBSC-0091-0325,07/03/2025,Hoàn tất,ASTRAZENECA,HÀNG TRONG NƯỚC,Không đạt Cảm quan,119,Kho Nhập,Yến,Thiện,,,AZ1100007,NOLVADEX-D 20 MG,SS035,01/08/2029,1,HỘP,,,01 hộp rách phần nắp LPN: 000171841,
BBSC-0058-0225,20/02/2025,Hoàn tất,ASTRAZENECA,HÀNG TRONG NƯỚC,Không đạt Cảm quan,97,Kho Nhập,Yến,Thiện,,Trả hãng theo đợt,AZ1100007,NOLVADEX-D 20 MG TABLETS 3 BLISTERS X 10.S,SS035,01/08/2029,1,HỘP,,,01 hộp rách nắp (LPN: 000170276),
BBSC-0053-0225,18/02/2025,Hoàn tất,SANOFI,HÀNG TRONG NƯỚC,Không đạt Cảm quan,157,Kho Nhập,Trinh,Thiện,,xuất trả hãng theo đợt,SA1100035,DEPAKINE CHRONO 500MG TUBE OF 30 TABS VN,FAS4578,30/09/2027,1,HỘP,,,"1 hộp rách
 LPN: 000170002",
BBSC-0046-0225,17/02/2025,Hoàn tất,SANOFI,HÀNG TRONG NƯỚC,Không đạt Cảm quan,146,Kho Nhập,Trinh,Thiện,,Trả hãng theo đợt 14/10/2025: xuất 7 hộp trả hãng,SA1200013,LOVENOX 60MG/0.6ML INJ. B/ 2 SYRINGES VN,JS387C,30/06/2026,7,HỘP,,,"05H rách
 01H lật nắp
 01H mất 1 phần niêm phong
 LPN: 000169654",
BBSC-0093-0326,06/03/2026,Hoàn tất,TORRENT,HÀNG NHẬP KHẨU,Sai khác AW,GJ0600002508,Phòng QA,Thiện,Phúc,Not scan,Hãng gửi cam kết hàng hóa và sẽ gửi AW mới khi được DAV duyệt.,TR1100026,MIRTAZAPINE TABLETS 30 MG (HOP/ 30 VIEN),B726M001,23/06/2027,1078,Hộp,000216333,0000034973,Cách ghi NSX/HSD trên AW là “mm/yyyy” kèm chú thích hạn dùng cuối tháng nhưng trên hàng thực tế là “dd/mm/yyyy” kèm chú thích hạn dùng cuối tháng.,
BBSC-0104-0326,12/03/2026,Hoàn tất,HETERO,HÀNG NHẬP KHẨU,Sai khác AW,"SI9225208138, SI9225208139",Phòng QA,Thiện,,Not scan,release,HT1200005,IRITERO 40MG/2ML (HOP/1 LO),O250469F,11/12/2027,5000,Hộp,,"0000035075, 0000035076","- bao bì thực tế khác cách ghi số lô so với AW;
- Dạng bào chế trên bao bì thực tế khác so với MA",
BBSC-0459-0925,30/09/2025,Hoàn tất,ALLEVIARE,HÀNG NHẬP KHẨU,Sai khác AW,EXP35/2025-26,Phòng QA,Thiện,,Not scan,"hiện đang trong thời gian chuyển tiếp bao bì 12 tháng, dự kiến lô sau sẽ về với bao bì mới  -> Xuất bán bình thường",AV1300027,ESOJAY 15G (HOP/ 1 TUYP),F512,08/06/2028,20000,HỘP,,0000032459,"Thông tin dạng bào chế và TCCL trên hàng thực tế không giống với AW 
 Trên AW có thông tin ""chủ sở hữu"" nhưng trên hàng thực tế không có",
BBSC-0459-0925,30/09/2025,Hoàn tất,ALLEVIARE,HÀNG NHẬP KHẨU,Sai khác AW,EXP35/2025-26,Phòng QA,Thiện,,Not scan,"hiện đang trong thời gian chuyển tiếp bao bì 12 tháng, dự kiến lô sau sẽ về với bao bì mới  -> Xuất bán bình thường",AV1300031,ALLUCOT (HOP/1 TUYP),E535,21/05/2028,10000,HỘP,,0000032482,"Thông tin dạng bào chế trên hàng thực tế không giống với AW 
 Trên AW có thông tin ""chủ sở hữu"" nhưng trên hàng thực tế không có",
BBSC-0549-1125,21/11/2025,Hoàn tất,TORRENT,HÀNG NHẬP KHẨU,Sai khác AW,9016040406,Phòng QA,Thiện,,Not scan,[26/01/2026 khoilm - Phòng QA]: done hãng gửi cam kết hàng hóa và sẽ cập nhật AW mới khi được DAV duyệt.,TR1100026,MIRTAZAPINE TABLETS 30 MG (HOP/ 30 VIEN),B726M001,23/06/2027,1232,HỘP,,0000033347,Cách ghi NSX/HSD trên AW là “mm/yyyy” kèm chú thích hạn dùng cuối tháng nhưng trên hàng thực tế là “dd/mm/yyyy” kèm chú thích hạn dùng cuối tháng.,
BBSC-0549-1125,21/11/2025,Hoàn tất,TORRENT,HÀNG NHẬP KHẨU,Sai khác AW,9016040406,Phòng QA,Thiện,,Not scan,[26/01/2026 khoilm - Phòng QA]: done hãng gửi cam kết hàng hóa và sẽ cập nhật AW mới khi được DAV duyệt.,TR1100028,RIROXATOR 20 (HOP/ 30 VIEN),BTB2M001,06/03/2027,198,HỘP,,0000033347,trên AW và bao bì hàng thực tế thiếu quy cách đóng gói tiếng Việt,
BBSC-0549-1125,21/11/2025,Hoàn tất,TORRENT,HÀNG NHẬP KHẨU,Sai khác AW,9016040406,Phòng QA,Thiện,,Not scan,[26/01/2026 khoilm - Phòng QA]: done hãng gửi cam kết hàng hóa và sẽ cập nhật AW mới khi được DAV duyệt.,TR1100035,OLANZAPINE ORODISPERSIBLE TABLETS 5MG (HOP/ 30 VIEN),BU47L007,22/10/2027,3240,HỘP,,0000033347,Cách ghi NSX/HSD trên AW là “mm/yyyy” kèm chú thích hạn dùng cuối tháng nhưng trên hàng thực tế là “dd/mm/yyyy” kèm chú thích hạn dùng cuối tháng.,
BBSC-0162-0426,04/04/2026,Khởi tạo,VE PHARMA,HÀNG NHẬP KHẨU,Không đạt Cảm quan,S13-AIR,Kho Nhập,Trinh,Thiện,,,SC6100001,OSTEOCARE LIQUID 200ML,60139,31/12/2027,10,Thùng,000221104,0000035526,"Móp, rách vỏ thùng ngoài",
BBSC-0162-0426,04/04/2026,Khởi tạo,VE PHARMA,HÀNG NHẬP KHẨU,Không đạt Cảm quan,S13-AIR,Kho Nhập,Trinh,Thiện,,,SC6100002,FEROGLOBIN B12 LIQUID 200ML,60074,31/12/2027,20,Thùng,000221105,0000035526,"Móp, rách vỏ thùng ngoài",
BBSC-0162-0426,04/04/2026,Khởi tạo,VE PHARMA,HÀNG NHẬP KHẨU,Không đạt Cảm quan,S13-AIR,Kho Nhập,Trinh,Thiện,,,SC6100019,WELLBABY MULTI-VITAMIN LIQUID (CHAI 150ML),51431,30/09/2027,8,Thùng,000221106,0000035526,"Móp, rách vỏ thùng ngoài",
BBSC-0162-0426,04/04/2026,Khởi tạo,VE PHARMA,HÀNG NHẬP KHẨU,Không đạt Cảm quan,S13-AIR,Kho Nhập,Trinh,Thiện,,,SC6100003,FEROGLOBIN B12 CAPSULES (H/30 VIEN),FW2504KA,31/10/2028,17,Thùng,"000221107, 000221108, 000221109",0000035526,"Móp, rách vỏ thùng ngoài",
BBSC-0162-0426,04/04/2026,Khởi tạo,VE PHARMA,HÀNG NHẬP KHẨU,Không đạt Cảm quan,S13-AIR,Kho Nhập,Trinh,Thiện,,,SC6100025,"PREGNACARE MAX (H/56 VIEN NEN, 28 VIEN NANG)",PM2603,31/07/2028,60,Thùng,"000221110, 00022111, 000221112",0000035526,"Móp, rách vỏ thùng ngoài",
BBSC-0162-0426,04/04/2026,Khởi tạo,VE PHARMA,HÀNG NHẬP KHẨU,Không đạt Cảm quan,S13-AIR,Kho Nhập,Trinh,Thiện,,,SC6100018,"PREGNACARE BREAST-FEEDING (HOP/56 VIEN NEN, 28 VIEN NANG)",PB2611CP,31/10/2028,38,Thùng,"000221113, 000221115",0000035526,"Móp, rách vỏ thùng ngoài",
BBSC-0162-0426,04/04/2026,Khởi tạo,VE PHARMA,HÀNG NHẬP KHẨU,Không đạt Cảm quan,S13-AIR,Kho Nhập,Trinh,Thiện,,,SC6100019,WELLBABY MULTI-VITAMIN LIQUID (CHAI 150ML),51584,30/11/2027,24,Thùng,000221116,0000035526,"Móp, rách vỏ thùng ngoài",
BBSC-0162-0426,04/04/2026,Khởi tạo,VE PHARMA,HÀNG NHẬP KHẨU,Không đạt Cảm quan,S13-AIR,Kho Nhập,Trinh,Thiện,,,SC6100017,WELLKID MULTI-VITAMIN LIQUID (CHAI/150ML),60136,31/12/2027,14,Thùng,000221117,0000035526,"Móp, rách vỏ thùng ngoài",
BBSC-0103-0326,11/03/2026,Hoàn tất,HETERO,HÀNG NHẬP KHẨU,Không đạt Cảm quan,"SI9225208138, SI9225208139",Kho Nhập,Trinh,Phúc,,,HT1200006,IRITERO 100MG/5ML (HOP/ 1 LO),O250469F,31/12/2027,3,Thùng,-,-,Móp rách vỏ thùng ngoài,Chuyển bổ sung nhãn phụ
BBSC-0161-0426,03/04/2026,Chờ hết INV,Dr.Reddy's,HÀNG NHẬP KHẨU,Không đạt Cảm quan,9013533324,Team ĐGC2,Như,Phúc,Đã mail hãng,N/A,RD1100016	,STAMLO-T (HOP/ 28 VIEN),V2600619,31/01/2028,3,Hộp,LPN011209,0000035473,03 hộp móp nặng,Chuyển bán theo yêu cầu hãng
BBSC-0153-0426,01/04/2026,Chờ hết INV,VE PHARMA,HÀNG NHẬP KHẨU,Không đạt Cảm quan,S12-AIR VEVN26/01/03/16,Team ĐGC2,Như,Phúc,,N/A,SC6100003,FEROGLOBIN B12 CAPSULES (H/30 VIEN)  ,FW2504KA,31/10/2028,19,Hộp,LPN011192 or LPN011225,0000035326,"09 hộp lỗi bao bì,
10 hộp móp rách nặng",
BBSC-0167-0426,07/04/2026,Chờ hết INV,HETERO,HÀNG NHẬP KHẨU,Không đạt Cảm quan,SI3625208257/259/370/376,Team ĐGC2,Như,Phúc,,,HT1100053,TELDY (HOP/1 LO HDPE 30 VIEN)  ,E255545,11/12/2027,2,Hộp,LPN011230,0000035487,02 hộp móp rách nặng,
BBSC-0166-0426,07/04/2026,Hoàn tất,MEGA (MAXXCARE),HÀNG TRONG NƯỚC,Không đạt Cảm quan,69,Kho Nhập,Yến,Thiện,Not scan,hãng xác nhận chuyển reject,MG1100048,PERGLIM M-2 (HOP/5 VI X 20 VIEN),A08922532,07/11/2027,6,Hộp,000221464,0000035535,06 hộp móp rách,
BBSC-0166-0426,07/04/2026,Hoàn tất,MEGA (MAXXCARE),HÀNG TRONG NƯỚC,Không đạt Cảm quan,69,Kho Nhập,Yến,Thiện,Not scan,hãng xác nhận chuyển reject,MG1100044,PANFOR SR-750 (HOP/10 VI X 10 VIEN),A08902517,07/11/2027,2,Hộp,000221465,0000035535,02 hộp móp rách,
BBSC-0150-0326,31/03/2026,Hoàn tất,MEGA (MAXXCARE),HÀNG TRONG NƯỚC,Không đạt Cảm quan,65,Kho Nhập,Yến,Thiện,Not scan,hãng xác nhận chuyển reject,MG1100048,PERGLIM M-2 (HOP/5 VI X 20 VIEN),A08922532,07/11/2027,3,HỘP,000219808,0000035454,"03 hộp móp, rách",
BBSC-0160-0426,03/04/2026,Hoàn tất,MEGA (MAXXCARE),HÀNG TRONG NƯỚC,Không đạt Cảm quan,67,Kho Nhập,Yến,Thiện,Not scan,hãng xác nhận chuyển reject,MG1100048,PERGLIM M-2 (HOP/5 VI X 20 VIEN),A08922532,07/11/2027,1,Hộp,000220434,0000035486,01 hộp móp rách,
BBSC-0069-0225,26/02/2025,Hoàn tất,SANOFI,HÀNG TRONG NƯỚC,Không đạt Cảm quan,173,Kho Nhập,Trinh,Thiện,,14/10/2025: xuất 2 hộp trả hãng,SA1200013,LOVENOX 60MG/0.6ML INJ. B/ 2 SYRINGES VN,JS387C,30/06/2026,2,HỘP,LPN008497,0000029102,2 hộp rách,
BBSC-0453-0925,24/09/2025,Hoàn tất,HYPHENS,HÀNG NHẬP KHẨU,Không đạt Cảm quan,SI-25-000486-487,Team ĐGC2,Như,Thiện,Not scan,11 hộp lỗi đã xuất cho hãng 54 hộp thiếu vẫn đang pending -> 54 hộp thiếu cấn trừ công nợ,HY1100008,PIASCLEDINE TAB 15.S,AA520,30/06/2028,11,HỘP,,0000032314,"24/09/2025: 08 hộp móp rách (có 01 hộp lỗi LOT) - LPN010219
 25/09/2025: 1 hộp rách và không có toa bên trong, 2 hộp có vết cắt - LPN010224",
BBSC-0453-0925,24/09/2025,Hoàn tất,HYPHENS,HÀNG NHẬP KHẨU,Không đạt Cảm quan,SI-25-000486-487,Team ĐGC2,Như,Thiện,Not scan,11 hộp lỗi đã xuất cho hãng 54 hộp thiếu vẫn đang pending -> 54 hộp thiếu cấn trừ công nợ,HY1100008,PIASCLEDINE TAB 15.S,AA520,30/06/2028,54,HỘP,,0000032314,Thiếu,
BBSC-0165-0426,06/04/2026,Hoàn tất,IMEXPHARM,HÀNG TRONG NƯỚC,Không đạt Cảm quan,00000005,Kho Xuất,Danh,Thiện,Not scan,xuất trả hãng (trong tháng 06/2026),SD1100005,OSPAMOX 500MG TAB 10.S (NQ),040D037,28/07/2029,1,Vỉ,LPN011224,0000031977,01 vỉ bị rách màng nhôm,
BBSC-0170-0426,09/04/2026,KHỞI TẠO,MAYOLY,HÀNG TRONG NƯỚC,Không đạt Cảm quan,403982,Kho Xuất,Danh,Thiện,,,MY1100008,FORLAX 10G 20SACH VN,D52459,07/03/2028,1,Hộp,LPN011238,0000031059,01 hộp bị đổ bột (thuốc),
BBSC-0142-0326,27/03/2026,KHỞI TẠO,BESIN,HÀNG NHẬP KHẨU,Không đạt Cảm quan,SD1-8101B-2603-00032,Team ĐGC2,Như,Lữ,Đã mail hãng,,BS1300001,PROGESTOGEL 1% 80G  ,A02514,30/11/2028,1,HOP,LPN011167,0000035121,01 hộp bị chảy - LPN011167,
BBSC-0171-0426,10/04/2026,Hoàn tất,MEGA (MAXXCARE),HÀNG TRONG NƯỚC,Không đạt Cảm quan,74,Kho Nhập,Yến,Thiện,Not scan,hãng xác nhận chuyển reject,MG1100048,PERGLIM M-2 (HOP/5 VI X 20 VIEN),A08922533,07/11/2027,8,Hộp,000221794,0000035556,08 hộp móp rách,
BBSC.HCM-0174-0426,15/04/2026,Khởi tạo,HYPHENS,HÀNG NHẬP KHẨU,Không đạt Cảm quan,"SI-26-000196, SI-26-000197",Kho Nhập,Trinh,,,,HY7300054,CERADAN GENTLE CLEANSER 500ML,960301,31/03/2028,2,Chai,000222249,0000035701,Hàng thiếu do Hải Quan lấy mẫu,
BBSC.HCM-0175-0426,15/04/2026,Khởi tạo,HETERO,HÀNG NHẬP KHẨU,Vượt Nhiệt độ,SI9225207956 & SI9225208706,Phòng QA,Thiện,,,,,,,,0,,,,,
BBSC-0169-0426,09/04/2026,Khởi tạo,HYPHENS,HÀNG NHẬP KHẨU,Không đạt Cảm quan,SI-26-000069,Team ĐGC2,Như,Phúc,Đã mail hãng,,HY1100015,PIASCLEDINE TAB 30.S  ,AA642,31/10/2028,3,Hộp,LPN011237,0000035578,03 hộp móp rách nặng,
BBSC-0168-0426,08/04/2026,Khởi tạo,BESIN,HÀNG NHẬP KHẨU,Không đạt Cảm quan,SD1-8101B-2601-00080,Team ĐGC2,Như,Phúc,Đã mail hãng,N/A,BS1400001,PAPILOCARE (21 CANNULAS X 5ML)  ,X0121,31/07/2028,1,Hộp,LPN011235,0000035415,01 hộp lỗi lot date,
BBSC-0168-0426,08/04/2026,Khởi tạo,BESIN,HÀNG NHẬP KHẨU,Không đạt Cảm quan,SD1-8101B-2601-00080,Team ĐGC2,Như,Phúc,Đã mail hãng,N/A,BS1400001,PAPILOCARE (21 CANNULAS X 5ML)  ,X0161,31/08/2028,7,Hộp,LPN011242,0000035415,07 hộp lỗi lot date,
BBSC.HCM-0177-0426,15/04/2026,KHỞI TẠO,TRƯỜNG SƠN,HÀNG TRONG NƯỚC,Không đạt Cảm quan,05032026,Kho Nhập,Vy,Khôi,Urgent,mail: HCM => DN 13/04/2026 (Đi Thường),TS1300008,"ASTHASAL HFA (HOP 1 ONG HIT DINH LIEU, ONG 200 LIEU)",IF24148,31/05/2027,720,Hộp,000216207,0000034943,Nhiều hộp trung gian có vết mốc,"Đối với hàng trong kho, gỡ hết hộp bị mốc ra và để lại hàng trong kho và bảo quản bình thường"
BBSC.HCM-0177-0426,15/04/2026,KHỞI TẠO,TRƯỜNG SƠN,HÀNG TRONG NƯỚC,Không đạt Cảm quan,05032026,Kho Nhập,Vy,Khôi,Urgent,mail: HCM => DN 13/04/2026 (Đi Thường),TS1300008,"ASTHASAL HFA (HOP 1 ONG HIT DINH LIEU, ONG 200 LIEU)",IF24148,31/05/2027,500,Hộp,,,Chi nhánh Đà Nẵng,cho 500h vào Bệnh viện
BBSC.HCM-0178-0426,16/04/2026,Khởi tạo,ALLEVIARE,HÀNG NHẬP KHẨU,Không đạt Cảm quan,GJ0600000009,Kho Nhập,Trinh,Thiện,,,AV1100019,FEGEM-100 (HOP/100VIEN),BNZ1N001,10/03/2028,11,Thùng,"000222689, 000222688",0000035751,"Móp, rách vỏ thùng ngoài",
BBSC.HCM-0178-0426,16/04/2026,Khởi tạo,ALLEVIARE,HÀNG NHẬP KHẨU,Không đạt Cảm quan,GJ0600000009,Kho Nhập,Trinh,Thiện,,,AV1100019,FEGEM-100 (HOP/100VIEN),BNZ1N002,10/03/2028,8,Thùng,000222692,0000035751,"Móp, rách vỏ thùng ngoài",
BBSC.HCM-0178-0426,16/04/2026,Khởi tạo,ALLEVIARE,HÀNG NHẬP KHẨU,Không đạt Cảm quan,GJ0600000009,Kho Nhập,Trinh,Thiện,,,AV1100019,FEGEM-100 (HOP/100VIEN),BNZ1N003,10/03/2028,11,Thùng,"000222696, 000222697",0000035751,"Móp, rách vỏ thùng ngoài",
BBSC.HCM-0179-0426,16/04/2026,Mới,MAYOLY,HÀNG NHẬP KHẨU,Sai số lượng,SIVIC0054573/74/75,Kho Nhập,Trinh,Thiện,,,MY1100014,TANAKAN 40MG 30TABS VN (0302A021_NEW),D76179,04/09/2027,2,Hộp,000222703,0000035719,Hàng bị thiếu trong thùng nguyên số 0224,
BBSC.HCM-0182-0426,17/04/2026,KHỞI TẠO,ALLEVIARE,HÀNG NHẬP KHẨU,Sai khác AW,GJ0600000009,Phòng QA,Thiện,,,,AV1100019,FEGEM-100 (HOP/100VIEN),BNZ1N001,10/03/2028,3019,Hộp,"000222686, 000222687, 000222688, 000222689",0000035751,"cách ghi HSD trên AW: ""mm/yyyy kèm dong chú thích hạn dùng cuối tháng"" nhưng trên hàng thực tế là: ""dd/mm/yyyy kèm dòng chú thích hạn dùng cuối tháng""; SĐK thể hiện phân loại thuốc không kê đơn nhưng trên bao bì có ký hiệu RX - thuốc kê đơn.",
BBSC.HCM-0182-0426,17/04/2026,KHỞI TẠO,ALLEVIARE,HÀNG NHẬP KHẨU,Sai khác AW,GJ0600000009,Phòng QA,Thiện,,,,AV1100019,FEGEM-100 (HOP/100VIEN),BNZ1N002,10/03/2028,3870,Hộp,"000222690, 000222691, 000222692, 000222693",0000035751,"cách ghi HSD trên AW: ""mm/yyyy kèm dong chú thích hạn dùng cuối tháng"" nhưng trên hàng thực tế là: ""dd/mm/yyyy kèm dòng chú thích hạn dùng cuối tháng""; SĐK thể hiện phân loại thuốc không kê đơn nhưng trên bao bì có ký hiệu RX - thuốc kê đơn.",
BBSC.HCM-0182-0426,17/04/2026,KHỞI TẠO,ALLEVIARE,HÀNG NHẬP KHẨU,Sai khác AW,GJ0600000009,Phòng QA,Thiện,,,,AV1100019,FEGEM-100 (HOP/100VIEN),BNZ1N003,10/03/2028,3955,Hộp,"000222694, 000222695, 000222696, 000222697",0000035751,"cách ghi HSD trên AW: ""mm/yyyy kèm dong chú thích hạn dùng cuối tháng"" nhưng trên hàng thực tế là: ""dd/mm/yyyy kèm dòng chú thích hạn dùng cuối tháng""; SĐK thể hiện phân loại thuốc không kê đơn nhưng trên bao bì có ký hiệu RX - thuốc kê đơn.",
BBSC-0164-0426,06/04/2026,Chờ hết INV,HETERO,HÀNG NHẬP KHẨU,Sai số lượng,SI3625208257/259/370/376,Team ĐGC2,Như,Phúc,,N/A,HT1100053,TELDY (HOP/1 LO HDPE 30 VIEN)  ,E255544,10/12/2027,1,Hộp,LPN011215,0000035487,Thiếu,
BBSC-0164-0426,06/04/2026,Chờ hết INV,HETERO,HÀNG NHẬP KHẨU,Sai số lượng,SI3625208257/259/370/376,Team ĐGC2,Như,Phúc,,N/A,HT1100053,TELDY (HOP/1 LO HDPE 30 VIEN)  ,E255545,11/12/2027,1,Hộp,LPN011262,0000035487,Thiếu,
BBSC.HCM-0180-0426,17/04/2026,KHỞI TẠO,MAYOLY,HÀNG NHẬP KHẨU,Không đạt Cảm quan,SIVIC0054574,Kho Nhập,Trinh,Lữ,,20260417-VN- E001515,MY1100011,SMECTA ORANGE 3G 30SACH VN (0061A020_NEW),E00745,19/01/2029,6,HOP,000222704,0000035719,"05 hộp móp nặng, 01 hộp móp rách nặng",
BBSC.HCM-0183-0426,17/04/2026,Khởi tạo,MEGA (MAXXCARE),HÀNG TRONG NƯỚC,Không đạt Cảm quan,80,Kho Nhập,Dung,Thiện,,,MG1100048,PERGLIM M-2 (HOP/5 VI X 20 VIEN),A08922533,07/11/2027,3,HỘP,000222731,0000035756,03 hộp móp rách (01 hộp vỉ bị rách),
BBSC-0136-0326,25/03/2026,Khởi tạo,Dr.Reddy's,HÀNG NHẬP KHẨU,Không đạt Cảm quan,9013531214,Team ĐGC2,Như,Lữ,Đã mail hãng,"Sự cố đầu nhập (BBSC-0133-0326), không BBBT",RD1100017,STAMLO-T 80/5MG (HOP/28 VIEN)  ,V2600393,31/01/2028,2,HOP,"LPN011155, LPN011157",0000035310,"24.03.26
01 hộp rách - LPN011155
01 hộp không có thuốc - LPN011157",
BBSC.HCM-0184-0426,21/04/2026,Khởi tạo,Dr.Reddy's,HÀNG NHẬP KHẨU,Không đạt Cảm quan,9013535612,Kho Nhập,Trinh,,,,RD1100013,RIVAXORED 20MG (HOP/1VI X 14VIEN),B2600555,31/01/2029,3,Thùng,000223185,0000035819,"Móp, rách vỏ thùng ngoài",
BBSC.HCM-0184-0426,21/04/2026,Khởi tạo,Dr.Reddy's,HÀNG NHẬP KHẨU,Không đạt Cảm quan,9013535612,Kho Nhập,Trinh,,,,RD1100013,RIVAXORED 20MG (HOP/1VI X 14VIEN),B2600556,31/01/2029,5,Thùng,000223186,0000035819,"Móp, rách vỏ thùng ngoài",
BBSC.HCM-0172-0426,13/04/2026,Chờ hết INV,VE PHARMA,HÀNG NHẬP KHẨU,Không đạt Cảm quan,S05-SEA VEVN26/01/01/26,Team ĐGC2,Như,Phúc,,01/04/2026,SC6100003,FEROGLOBIN B12 CAPSULES (H/30 VIEN)  ,FW2525TA,30/06/2028,4,Hộp,LPN011246 or LPN011260,0000035483,"02 hộp lỗi bao bì
02 hộp móp nặng",
BBSC.HCM-0172-0426,13/04/2026,Chờ hết INV,VE PHARMA,HÀNG NHẬP KHẨU,Không đạt Cảm quan,S05-SEA VEVN26/01/01/26,Team ĐGC2,Như,Phúc,,01/04/2026,SC6100003,FEROGLOBIN B12 CAPSULES (H/30 VIEN)  ,FW2516PA,31/08/2028,72,Hộp,LPN011269 or LPN011277 or LPN011302,0000035483,"07 hộp lỗi bao bì
65 hộp móp rách nặng",
BBSC.HCM-0186-0426,21/04/2026,KHỞI TẠO,Dr.Reddy's,HÀNG NHẬP KHẨU,Sai khác AW,9013535612,Phòng QA,Thiện,,,,RD1100013,RIVAXORED 20MG (HOP/1VI X 14VIEN),B2600556,31/01/2029,5992,Hộp,"000223184, 000223186",0000035819,Cách ghi chú SĐK trên bao bì khác với AW được duyệt.,
BBSC.HCM-0188-0426,22/04/2026,Khởi tạo,HETERO,HÀNG NHẬP KHẨU,Không đạt Cảm quan,SI9226200287,Kho Nhập,Trinh,,,,HT1100019,SIFE-100 (HOP/ 20 VIEN),FD261291,05/03/2029,4,Thùng,000223336,0000035834,"Móp, rách vỏ thùng ngoài",
BBSC.HCM-0189-0426,22/04/2026,Khởi tạo,HETERO,HÀNG NHẬP KHẨU,Sai khác AW,SI9226200287,Phòng QA,Thiện,,Urgent,,HT1100019,SIFE-100 (HOP/ 20 VIEN),FD261291,05/03/2029,7551,,"000223294, 000223295, 000223296, 000223297, 000223298, 000223299, 000223336",0000035834,hàng về với SĐK và AW cũ,
BBSC-0138-0326,26/03/2026,Hoàn tất,VE PHARMA,HÀNG NHẬP KHẨU,Không đạt Cảm quan,S12-AIR_VEVN26/01/03/16,Team ĐGC2,Như,Lữ,Not scan,"Sự cố đầu nhập (BBSC-0131-0326), có BBBT WELLKID - 810 hộp móp nhẹ chữ C - 00021889",SC6100003,FEROGLOBIN B12 CAPSULES (H/30 VIEN)  ,FW2504KA,31/10/2028,10,HOP,"LPN011163, LPN011174, LPN011176",0000035326,"26.03.26 : 02 hộp móp rách nặng - LPN011163.
28.03.26 : 03 hộp móp nặng, 01 hộp rách nặng, 01 hộp lỗi bao bì mặt chính - LPN011174.
30.03.26 : 03 hộp móp nặng - LPN011176",khu chờ xử lý
BBSC-0138-0326,26/03/2026,Hoàn tất,VE PHARMA,HÀNG NHẬP KHẨU,Không đạt Cảm quan,S12-AIR_VEVN26/01/03/16,Team ĐGC2,Như,Lữ,Not scan,"Sự cố đầu nhập (BBSC-0131-0326), có BBBT WELLKID - 810 hộp móp nhẹ chữ C - 00021889",SC6100001,OSTEOCARE LIQUID 200ML  ,60139,31/12/2027,21,HOP,"LPN011164, LPN011169",0000035326,"26.03.26 : 03 hộp móp nặng - LPN011164.
27.03.26 : 18 hộp móp nặng - LPN011169",khu chờ xử lý
BBSC-0138-0326,26/03/2026,Hoàn tất,VE PHARMA,HÀNG NHẬP KHẨU,Không đạt Cảm quan,S12-AIR_VEVN26/01/03/16,Team ĐGC2,Như,Lữ,Not scan,"Sự cố đầu nhập (BBSC-0131-0326), có BBBT WELLKID - 810 hộp móp nhẹ chữ C - 00021889",SC6100019,WELLBABY MULTI-VITAMIN LIQUID (CHAI 150ML)  ,60029,31/12/2027,23,HOP,"LPN011173, LPN011181",0000035326,"28.03.26 : 20 hộp móp rách nặng - LPN011173.
31.03.26 : 03 hộp móp nặng - LPN011181",khu chờ xử lý
BBSC-0138-0326,26/03/2026,Hoàn tất,VE PHARMA,HÀNG NHẬP KHẨU,Không đạt Cảm quan,S12-AIR_VEVN26/01/03/16,Team ĐGC2,Như,Lữ,Not scan,"Sự cố đầu nhập (BBSC-0131-0326), có BBBT WELLKID - 810 hộp móp nhẹ chữ C - 00021889",SC6100017,WELLKID MULTI-VITAMIN LIQUID (CHAI/150ML)  ,60136,31/12/2027,830,HOP,"000218892, LPN011185",0000035326,"31.03.26 : 810 hộp móp NHẸ chữ C - 000218892, 20 hộp móp rách nặng - LPN011185","810 hộp móp nhẹ C chuyển bán chỉ định, còn lại vào khu chờ xử lý"
BBSC.HCM-0192-0426,23/04/2026,Chờ hết INV,HYPHENS,HÀNG NHẬP KHẨU,Không đạt Cảm quan,SI-26-000236/237/238,Team ĐGC2,Như,Phúc,,,HY7300012,ULTRA LIGHT HYDRATOR 50G,SB0030,31/10/2028,1,Tuýp,LPN011334,0000035856,Lỗi mờ lot date,
BBSC.HCM-0190-0426,23/04/2026,KHỞI TẠO,HYPHENS,HÀNG NHẬP KHẨU,Sai số lượng,SI 26-000236-237-238,Kho Nhập,Trinh,,,,HY7300055,BLU VOILE SUNSCREEN 50G,F50801,31/08/2028,1,Hộp,000223450,0000035856,Hàng thiếu do Hải Quan lấy mẫu,
BBSC.HCM-0190-0426,23/04/2026,KHỞI TẠO,HYPHENS,HÀNG NHẬP KHẨU,Sai số lượng,SI 26-000236-237-238,Kho Nhập,Trinh,,,,HY7300048,METABIOTIC FACIAL WASH 100ML,SB0031,31/10/2028,1,Hộp,000223452,0000035856,Hàng thiếu do Hải Quan lấy mẫu,
BBSC.HCM-0190-0426,23/04/2026,KHỞI TẠO,HYPHENS,HÀNG NHẬP KHẨU,Sai số lượng,SI 26-000236-237-238,Kho Nhập,Trinh,,,,HY7300012,ULTRA LIGHT HYDRATOR 50G,SB0030,31/10/2028,1,Hộp,000223451,0000035856,Hàng thiếu do Hải Quan lấy mẫu,
BBSC.HCM-0187-0426,22/04/2026,Chờ hết INV,Dr.Reddy's,HÀNG NHẬP KHẨU,Không đạt Cảm quan,9013535612,Team ĐGC2,Như,Phúc,Đã mail hãng,,RD1100013,RIVAXORED 20MG (HOP/1VI X 14VIEN),B2600555,31/01/2029,9,Hộp,LPN011323,0000035819,Móp rách nặng,"01 hộp rách -> chuyển chờ xử lý
05 hộp móp nặng -> chuyển chờ xử lý
03 hộp móp đã được nắn lại -> chuyển bán (LPN011335)"
BBSC.HCM-0181-0426,17/04/2026,Khởi tạo,VE PHARMA,HÀNG NHẬP KHẨU,Không đạt Cảm quan,N/A,Kho Xuất,Phúc,,Đã mail hãng,,SC6100017,WELLKID MULTI-VITAMIN LIQUID (CHAI/150ML),60136,31/12/2027,1,Hộp,LPN011273,0000035587,Bung niêm phong mất lot date,Chuyển chờ xử lý
BBSC.HCM-0173-0426,14/04/2026,Chờ hết INV,VE PHARMA,HÀNG NHẬP KHẨU,Không đạt Cảm quan,S04-SEA VEVN26/01/01/14,Team ĐGC2,Như,Phúc,,,SC,,,,0,,,,,
BBSC.HCM-0191-0426,23/04/2026,Chờ hết INV,ALLEVIARE,HÀNG NHẬP KHẨU,Không đạt Cảm quan,GJ0600000009,Team ĐGC2,Như,Phúc,Not scan,,AV1100019,FEGEM-100 (HOP/100VIEN)  ,BNZ1N001,10/03/2028,8,Hộp,LPN011331,0000035751,08 hộp rách,Chờ xuất đơn chỉ định
BBSC-0159-0426,03/04/2026,Chờ hết INV,ALLEVIARE,HÀNG NHẬP KHẨU,Không đạt Cảm quan,GJ0600002705,Team ĐGC2,Như,Phúc,Not scan,N/A,AV1100021,ALFUTOR ER TABLETS 10MG (HOP/30VIEN)  ,BGP9N001,18/02/2028,8,Hộp,LPN011202 or LPN011208,0000035488,08 hộp móp rách nặng,Chờ xuất đơn chỉ định
BBSC-0159-0426,03/04/2026,Chờ hết INV,ALLEVIARE,HÀNG NHẬP KHẨU,Không đạt Cảm quan,GJ0600002705,Team ĐGC2,Như,Phúc,Not scan,N/A,AV1100021,ALFUTOR ER TABLETS 10MG (HOP/30VIEN)  ,BGP9N002,18/02/2028,2,Hộp,LPN011211,0000035488,02 hộp móp nặng,Chờ xuất đơn chỉ định
BBSC.HCM-0193-0426,24/04/2026,Khởi tạo,DAVIPHARM,HÀNG TRONG NƯỚC,Không đạt Cảm quan,706,Kho Nhập,Dung,Thiện,,,DV1100351,NERAZZU-50 (HOP/30 VIEN) - EU,260624,27/03/2029,5,THUNG,,,ƯỚT  VỎ THÙNG NGOÀI,
BBSC-0154-0426,01/04/2026,Chờ hết INV,VE PHARMA,HÀNG NHẬP KHẨU,Không đạt Cảm quan,S08-AIR VEVN26/02/02/26,Team ĐGC2,Như,Phúc,,N/A,SC6100004,OSTEOCARE (H/30 VIEN)  ,OT2509P,30/09/2029,8,Hộp,LPN011193 or LPN011210 or LPN011221,0000035073,"62 hộp móp nặng,
01 hộp rách",
BBSC-0154-0426,01/04/2026,Chờ hết INV,VE PHARMA,HÀNG NHẬP KHẨU,Không đạt Cảm quan,S08-AIR VEVN26/02/02/26,Team ĐGC2,Như,Phúc,,N/A,SC6100025,"PREGNACARE MAX (H/56 VIEN NEN, 28 VIEN NANG)  ",PM2605CP,31/07/2028,14,Hộp,LPN011196 or LPN011203 or LPN011212 or LPN011221,0000035073,"06 hộp lỗi lot date
01 hộp lỗi bao bì
51 hộp móp
08 hộp rách",
BBSC-0154-0426,01/04/2026,Chờ hết INV,VE PHARMA,HÀNG NHẬP KHẨU,Không đạt Cảm quan,S08-AIR VEVN26/02/02/26,Team ĐGC2,Như,Phúc,,N/A,SC6100004,OSTEOCARE (H/30 VIEN)  ,OT2510P,30/09/2029,2,Hộp,LPN011338,0000035073,02 hộp móp nặng,
BBSC-0155-0426,01/04/2026,Chờ hết INV,VE PHARMA,HÀNG NHẬP KHẨU,Không đạt Cảm quan,S04-SEA VEVN26/01/01/14,Team ĐGC2,Như,Phúc,,N/A,SC6100025,"PREGNACARE MAX (H/56 VIEN NEN, 28 VIEN NANG)  ",PM2520CP,31/05/2028,3,Hộp,LPN011195,0000035420,03 hộp rách,
BBSC-0155-0426,01/04/2026,Chờ hết INV,VE PHARMA,HÀNG NHẬP KHẨU,Không đạt Cảm quan,S04-SEA VEVN26/01/01/14,Team ĐGC2,Như,Phúc,,N/A,SC6100003,FEROGLOBIN B12 CAPSULES (H/30 VIEN)  ,FW2525TA,30/06/2028,20,Hộp,LPN011236 or LPN011243 or LPN011247,0000035420,"6 hộp móp rách nặng
01 hộp lỗi lot date
13 hộp lỗi bao bì",
BBSC-0155-0426,01/04/2026,Chờ hết INV,VE PHARMA,HÀNG NHẬP KHẨU,Không đạt Cảm quan,S04-SEA VEVN26/01/01/14,Team ĐGC2,Như,Phúc,,N/A,SC6100018,"PREGNACARE BREAST-FEEDING (HOP/56 VIEN NEN, 28 VIEN NANG)  ",PB2533CP,31/07/2028,62,Hộp,LPN011337,0000035420,"04 hộp ố vàng,
03 hộp lỗi bao bì,
09 hộp rách móp,
46 lỗi lot date",
BBSC.HCM-0176-0426,15/04/2026,Chờ hết INV,VE PHARMA,HÀNG NHẬP KHẨU,Không đạt Cảm quan,S13-AIR VEVN26/01/03/20,Team ĐGC2,Như,Phúc,,,SC6100001,OSTEOCARE LIQUID 200ML  ,60139,31/12/2027,7,Hộp,LPN011257,0000035526,07 hộp móp nặng,
BBSC.HCM-0176-0426,15/04/2026,Chờ hết INV,VE PHARMA,HÀNG NHẬP KHẨU,Không đạt Cảm quan,S13-AIR VEVN26/01/03/20,Team ĐGC2,Như,Phúc,,,SC6100019,WELLBABY MULTI-VITAMIN LIQUID (CHAI 150ML)  ,51431,30/09/2027,18,Hộp,LPN011266 or LPN011267,0000035526,"15 hộp móp nặng,
02 hộp lỗi lot date
01 hộp móp nhẹ",
BBSC.HCM-0176-0426,15/04/2026,Chờ hết INV,VE PHARMA,HÀNG NHẬP KHẨU,Không đạt Cảm quan,S13-AIR VEVN26/01/03/20,Team ĐGC2,Như,Phúc,,,SC6100019,WELLBABY MULTI-VITAMIN LIQUID (CHAI 150ML)  ,51584,30/11/2027,25,Hộp,LPN011261 or LPN011268,0000035526,"04 hộp móp nặng,
21 hộp lỗi lot date",
BBSC.HCM-0176-0426,15/04/2026,Chờ hết INV,VE PHARMA,HÀNG NHẬP KHẨU,Không đạt Cảm quan,S13-AIR VEVN26/01/03/20,Team ĐGC2,Như,Phúc,,,SC6100017,WELLKID MULTI-VITAMIN LIQUID (CHAI/150ML)  ,60136,31/12/2027,856,Hộp,000221117 or LPN011275,0000035526,"31 hộp móp nặng
825 móp C",
BBSC.HCM-0176-0426,15/04/2026,Chờ hết INV,VE PHARMA,HÀNG NHẬP KHẨU,Không đạt Cảm quan,S13-AIR VEVN26/01/03/20,Team ĐGC2,Như,Phúc,,,SC6100002,FEROGLOBIN B12 LIQUID 200ML  ,60074,31/12/2027,9,Hộp,LPN011309,0000035526,09 hộp móp nặng,
BBSC.HCM-0176-0426,15/04/2026,Chờ hết INV,VE PHARMA,HÀNG NHẬP KHẨU,Không đạt Cảm quan,S13-AIR VEVN26/01/03/20,Team ĐGC2,Như,Phúc,,,SC6100003,FEROGLOBIN B12 CAPSULES (H/30 VIEN)  ,FW2504KA,31/10/2028,3,Hộp,LPN011339,0000035526,03 hộp móp rách,
BBSC.HCM-0185-0426,21/04/2026,Chờ hết INV,VE PHARMA,HÀNG NHẬP KHẨU,Không đạt Cảm quan,S10-AIR VEVN26/04/02/26,Team ĐGC2,Như,Phúc,,,SC6100018,"PREGNACARE BREAST-FEEDING (HOP/56 VIEN NEN, 28 VIEN NANG)  ",PB2605CP,31/05/2028,54,Hộp,LPN011318 or LPN011340,0000035136,"03 hộp lỗi bao bì,
03 hộp lỗi chảy vỉ,
38 hộp móp rách nặng,
10 hộp lỗi lot date",
BBSC.HCM-0194-0426,28/04/2026,Khởi tạo,MAYOLY,CN. ĐÀ NẴNG (Điều chuyển),Không đạt Cảm quan,00017346,Kho Nhập,Yến,Lữ,,,MY1100001,TANAKAN 40MG 30TABS VN,D71679,30/04/2027,19,Hộp,,,Móp,
BBSC.HCM-0195-0426,28/04/2026,Khởi tạo,HETERO,HÀNG NHẬP KHẨU,Không đạt Cảm quan,SI9226200169,Kho Nhập,Trinh,Lữ,,,HT1100046,ABIRAT 250 (HOP/6 VI X 10 VIEN),FE260088A,17/02/2028,4,Thùng,000223913,0000035923,"Móp, ách vỏ thùng ngoài",
BBSC.HCM-0196-0426,28/04/2026,Khởi tạo,VE PHARMA,HÀNG TRẢ VỀ,Không đạt Cảm quan,AR 1504609 (9/4/26),Kho Nhập,Duyên,Lữ,,,,,,,0,,,,,
BBSC.HCM-0197-0426,28/04/2026,Khởi tạo,HETERO,HÀNG NHẬP KHẨU,Không đạt Cảm quan,"SI9226200375, SI9226200376",Kho Nhập,Trinh,,,,HT1100016,LOSAGEN 50 (HOP/ 30 VIEN),FD260111C,06/01/2028,20,Thùng,000223998,0000035929,"Móp, rách vỏ thùng ngoài",
BBSC.HCM-0198-0426,29/04/2026,Khởi tạo,ASTRAZENECA,HÀNG TRONG NƯỚC,Không đạt Cảm quan,00000262,Kho Nhập,Yến,Lữ,Đã mail hãng,,AZ1200002,	ZOLADEX INJ 3.6MG SS 1X1 EA VN,SX228,10/05/2027,1,HOP,000224089,0000035940,01 hộp rách,
BBSC.HCM-0199-0426,29/04/2026,Chờ hết INV,HETERO,HÀNG NHẬP KHẨU,Không đạt Cảm quan,SI9226200375/76,Team ĐGC2,Như,Phúc,,,HT1100016,LOSAGEN 50 (HOP/ 30 VIEN)  ,FD260111C,06/01/2028,1,Hộp,,0000035929,01 hộp lỗi lot date in sai vị trí,
BBSC.HCM-0200-0426,29/04/2026,Khởi tạo,Dr.Reddy's,HÀNG NHẬP KHẨU,Không đạt Cảm quan,9013536675,Kho Nhập,Trinh,Thiện,,,RD1100011,RIVAXORED 10MG (HOP/1VI X 10VIEN),B2503290,31/07/2028,1,Thùng,,0000035952,"Móp, rách vỏ thùng ngoài",
BBSC.HCM-0201-0526,04/05/2026,KHỞI TẠO,ASTRAZENECA,HÀNG TRONG NƯỚC,Không đạt Cảm quan,1475220,Phòng QA,Lữ,,Urgent,TT57447,AZ1100024,KOMBOGLYZE XR TAB 5.500MG BL 4X7 EA VN,YK0075,07/04/2028,24,HOP,000224093,000224092,"hàng thu hồi, chờ hãng xác nhận (chờ bổ sung giấy tờ )",
BBSC.HCM-0201-0526,04/05/2026,KHỞI TẠO,ASTRAZENECA,HÀNG TRONG NƯỚC,Không đạt Cảm quan,1475220,Phòng QA,Lữ,,Urgent,TT57447,AZ1100024,KOMBOGLYZE XR TAB 5.500MG BL 4X7 EA VN,YC0196,07/04/2028,11,HOP,000224092,000224092,"hàng thu hồi, chờ hãng xác nhận (chờ bổ sung giấy tờ )",